drug_name,network_score,n_targets,avg_degree,avg_strength,target_genes
ME-344,0.7635925060473883,14,0.46875,0.9200324296804557,NDUFA1;NDUFA10;NDUFA12;NDUFA2;NDUFA3;NDUFA4;NDUFA4L2;NDUFA9;NDUFB1;NDUFB10;NDUFB2;NDUFB3;NDUFS1;NDUFS6
METFORMIN HYDROCHLORIDE,0.7635925060473883,14,0.46875,0.9200324296804557,NDUFA1;NDUFA10;NDUFA12;NDUFA2;NDUFA3;NDUFA4;NDUFA4L2;NDUFA9;NDUFB1;NDUFB10;NDUFB2;NDUFB3;NDUFS1;NDUFS6
NV-128,0.7635925060473883,14,0.46875,0.9200324296804557,NDUFA1;NDUFA10;NDUFA12;NDUFA2;NDUFA3;NDUFA4;NDUFA4L2;NDUFA9;NDUFB1;NDUFB10;NDUFB2;NDUFB3;NDUFS1;NDUFS6
BORTEZOMIB,0.6791449220378005,14,0.39880952380952384,0.8454341488959377,BCL2;DDIT3;PSMA2;PSMA4;PSMB3;PSMB5;PSMB6;PSMC3;PSMC4;PSMC5;PSMD11;PSMD14;PSMD8;TP53
IXAZOMIB,0.6336390292535596,12,0.3697916666666667,0.8673754530697696,PSMA2;PSMA4;PSMB3;PSMB5;PSMB6;PSMC3;PSMC4;PSMC5;PSMD11;PSMD14;PSMD8;TP53
CARFILZOMIB,0.5879102653662831,11,0.3162878787878788,0.8875040649690328,PSMA2;PSMA4;PSMB3;PSMB5;PSMB6;PSMC3;PSMC4;PSMC5;PSMD11;PSMD14;PSMD8
IXAZOMIB CITRATE,0.5879102653662831,11,0.3162878787878788,0.8875040649690328,PSMA2;PSMA4;PSMB3;PSMB5;PSMB6;PSMC3;PSMC4;PSMC5;PSMD11;PSMD14;PSMD8
OPROZOMIB,0.5879102653662831,11,0.3162878787878788,0.8875040649690328,PSMA2;PSMA4;PSMB3;PSMB5;PSMB6;PSMC3;PSMC4;PSMC5;PSMD11;PSMD14;PSMD8
PACLITAXEL,0.483079582678879,8,0.3828125,0.6913913488487651,BCL2;CASP3;DDIT3;NRG1;NRG3;TP53;TUBB;TUBB1
CISPLATIN,0.481413431573303,5,0.5666666666666667,0.6966576431508558,BCL2;CASP3;DDIT3;NRG1;TP53
DOXORUBICIN HYDROCHLORIDE,0.45941504101766706,4,0.640625,0.6822483240257564,APAF1;BCL2;CASP3;TP53
FAS LIGAND,0.44301100403329235,3,0.7708333333333334,0.6833133758030656,BCL2;CASP3;TP53
GOSSYPOL,0.4272874525062529,3,0.7361111111111112,0.6701060746750468,BCL2;BCL2L1;TP53
NAVITOCLAX,0.4272874525062529,3,0.7361111111111112,0.6701060746750468,BCL2;BCL2L1;TP53
ETOPOSIDE,0.41981911070924577,3,0.701388888888889,0.6911777899612559,BCL2;DDIT3;TP53
MARIZOMIB,0.41914288033915986,5,0.3,0.8965983641757124,PSMA2;PSMA4;PSMB3;PSMB5;PSMB6
DOCETAXEL ANHYDROUS,0.4092768953310242,5,0.45833333333333337,0.6274014896822523,BCL2;DDIT3;TP53;TUBB;TUBB1
CARBOPLATIN,0.40501514770459635,4,0.4479166666666667,0.7767391937139967,BCL2;NRG1;NRG3;TP53
FLUOROURACIL,0.3991099561184311,2,0.96875,0.6381146595752809,HSPA5;TP53
ERLOTINIB,0.3828451778839639,4,0.41145833333333337,0.7521315534250633,ERBB4;NRG1;NUP62;TP53
ALPELISIB,0.37378211205222267,3,0.5277777777777778,0.7604299575741016,PIK3C3;PIK3R4;TP53
BUPARLISIB,0.37378211205222267,3,0.5277777777777778,0.7604299575741016,PIK3C3;PIK3R4;TP53
GEDATOLISIB,0.37378211205222267,3,0.5277777777777778,0.7604299575741016,PIK3C3;PIK3R4;TP53
DIETHYLSTILBESTROL,0.3703784260997584,2,0.8333333333333334,0.6906933899715811,BCL2;TP53
EPIRUBICIN,0.3703784260997584,2,0.8333333333333334,0.6906933899715811,BCL2;TP53
MASOPROCOL,0.3703784260997584,2,0.8333333333333334,0.6906933899715811,BCL2;TP53
METHYLPREDNISOLONE,0.3703784260997584,2,0.8333333333333334,0.6906933899715811,BCL2;TP53
MITOXANTRONE,0.3703784260997584,2,0.8333333333333334,0.6906933899715811,BCL2;TP53
OXALIPLATIN,0.3703784260997584,2,0.8333333333333334,0.6906933899715811,BCL2;TP53
RIBAVIRIN,0.3703784260997584,2,0.8333333333333334,0.6906933899715811,BCL2;TP53
SAPONIN,0.3703784260997584,2,0.8333333333333334,0.6906933899715811,BCL2;TP53
URSODIOL,0.3703784260997584,2,0.8333333333333334,0.6906933899715811,BCL2;TP53
VENETOCLAX,0.3703784260997584,2,0.8333333333333334,0.6906933899715811,BCL2;TP53
CHEMBL:CHEMBL428789,0.3550511242848679,2,0.8020833333333334,0.6572570348219544,CASP3;TP53
CHEMBL:CHEMBL546170,0.3550511242848679,2,0.8020833333333334,0.6572570348219544,CASP3;TP53
SORAFENIB,0.3300781301254351,3,0.4166666666666667,0.7456197674644618,MAP2K6;MAPK12;TP53
FENRETINIDE,0.32748241335536343,2,0.6979166666666667,0.6690536560592398,DDIT3;TP53
SIROLIMUS,0.32748241335536343,2,0.6979166666666667,0.6690536560592398,DDIT3;TP53
VALPROIC ACID,0.32425900453398016,3,0.4444444444444445,0.67978970481038,BCL2;HDAC6;XBP1
CETUXIMAB,0.3208201665164748,3,0.3611111111111111,0.7905102390302328,NRG1;NRG3;TP53
PANITUMUMAB,0.3208201665164748,3,0.3611111111111111,0.7905102390302328,NRG1;NRG3;TP53
CHEMBL:CHEMBL1494650,0.31864297383994855,2,0.6458333333333334,0.7008621305011371,TP53;XBP1
PIMOZIDE,0.31864297383994855,2,0.6458333333333334,0.7008621305011371,TP53;XBP1
TENIPOSIDE,0.31713341468257683,2,0.5729166666666667,0.8023274055494649,BCL2;NUP50
ADAVOSERTIB,0.31030554304422986,2,0.6458333333333334,0.6571760092413673,TBK1;TP53
OBATOCLAX,0.3091132631533838,2,0.625,0.6821787509236332,BCL2;BCL2L1
OBATOCLAX MESYLATE,0.3091132631533838,2,0.625,0.6821787509236332,BCL2;BCL2L1
PELCITOCLAX,0.3091132631533838,2,0.625,0.6821787509236332,BCL2;BCL2L1
VORINOSTAT,0.30851587618732695,4,0.359375,0.564403579636705,HDAC6;TP53;TUBB;TUBB1
VINCRISTINE,0.30668808915568774,5,0.21666666666666667,0.6603100184716165,ACTG1;BCL2;NRG1;TUBB;TUBB1
CLOMIPRAMINE,0.3012715028844849,2,0.5729166666666667,0.7192148233641893,NEFM;TP53
NORTRIPTYLINE,0.3012715028844849,2,0.5729166666666667,0.7192148233641893,NEFM;TP53
ALPHA-TOCOPHEROL,0.3002354818852653,2,0.5729166666666667,0.7137863238529468,BCL2;DDIT3
STREPTOZOCIN,0.3002354818852653,2,0.5729166666666667,0.7137863238529468,BCL2;DDIT3
BENZETHONIUM CHLORIDE,0.2993949128626155,2,0.6041666666666667,0.6625069454358516,APAF1;TP53
CHEMBL:CHEMBL429095,0.2993949128626155,2,0.6041666666666667,0.6625069454358516,APAF1;TP53
CHEMBL:CHEMBL601757,0.2993949128626155,2,0.6041666666666667,0.6625069454358516,APAF1;TP53
METHYLBENZETHONIUM CHLORIDE,0.2993949128626155,2,0.6041666666666667,0.6625069454358516,APAF1;TP53
SN-38,0.29287040844572537,2,0.625,0.5970701200096631,HDAC6;TP53
TRETINOIN,0.2916274610493423,2,0.5520833333333334,0.6999323762150411,BCL2;FUS
ACALABRUTINIB,0.28599318516203404,2,0.5416666666666667,0.6860351330138935,ERBB4;TP53
IBRUTINIB,0.28599318516203404,2,0.5416666666666667,0.6860351330138935,ERBB4;TP53
DABRAFENIB,0.2851378271340691,2,0.5104166666666667,0.7284282637851401,MAP2K6;TP53
MIRDAMETINIB,0.2851378271340691,2,0.5104166666666667,0.7284282637851401,MAP2K6;TP53
SELUMETINIB,0.2851378271340691,2,0.5104166666666667,0.7284282637851401,MAP2K6;TP53
TRAMETINIB DIMETHYL SULFOXIDE,0.2851378271340691,2,0.5104166666666667,0.7284282637851401,MAP2K6;TP53
CELECOXIB,0.2849081800703748,2,0.5416666666666667,0.6803499687033201,CASP3;DDIT3
STAUROSPORINE,0.2849081800703748,2,0.5416666666666667,0.6803499687033201,CASP3;DDIT3
CYTARABINE,0.2814693079366874,2,0.5208333333333334,0.6935811102911754,NRG1;TP53
GEMCITABINE,0.2814693079366874,2,0.5208333333333334,0.6935811102911754,NRG1;TP53
GENISTEIN,0.2814693079366874,2,0.5208333333333334,0.6935811102911754,NRG1;TP53
MPA,0.2814693079366874,2,0.5208333333333334,0.6935811102911754,NRG1;TP53
RECOMBINANT VASCULAR ENDOTHELIAL GROWTH FACTOR,0.2814693079366874,2,0.5208333333333334,0.6935811102911754,NRG1;TP53
RITUXIMAB,0.2814693079366874,2,0.5208333333333334,0.6935811102911754,NRG1;TP53
TAMOXIFEN,0.2814693079366874,2,0.5208333333333334,0.6935811102911754,NRG1;TP53
HALOPERIDOL DECANOATE,0.2798188121750896,2,0.5208333333333334,0.6849329116138412,GRIA1;TP53
AFATINIB,0.2724374033859558,3,0.22916666666666669,0.7875218305074597,ERBB4;NRG1;NUP62
BEVACIZUMAB-AWWB,0.2692916611502055,2,0.5,0.661023185858858,ANXA11;TP53
4-PHENYLBUTYRIC ACID,0.2656234769756272,2,0.5,0.6418027878033701,BCL2;HDAC6
TAMATINIB,0.25734079915108876,3,0.22916666666666666,0.7248345383259595,ERBB4;MAPK12;TBK1
CHEMBL:CHEMBL299853,0.2568206795776267,2,0.4479166666666667,0.6738032580799318,APAF1;CASP3
CHEMBL:CHEMBL600313,0.2568206795776267,2,0.4479166666666667,0.6738032580799318,APAF1;CASP3
ANG1005,0.25227518850710035,3,0.2986111111111111,0.5996333787642607,BCL2;TUBB;TUBB1
FOSBRETABULIN DISODIUM,0.25227518850710035,3,0.2986111111111111,0.5996333787642607,BCL2;TUBB;TUBB1
MILATAXEL,0.25227518850710035,3,0.2986111111111111,0.5996333787642607,BCL2;TUBB;TUBB1
POLATUZUMAB VEDOTIN,0.25227518850710035,3,0.2986111111111111,0.5996333787642607,BCL2;TUBB;TUBB1
CURCUMIN,0.25209962321427715,4,0.1875,0.6204325530795031,DDIT3;ERBB4;TUBB;TUBB1
COMPOUND 10 [PMID: 23147077],0.24986724045394576,2,0.3958333333333333,0.7154939185126947,ERN1;MAP3K5
APITOLISIB,0.2455102944974164,2,0.3125,0.8176645752722153,PIK3C3;PIK3R4
COPANLISIB,0.2455102944974164,2,0.3125,0.8176645752722153,PIK3C3;PIK3R4
DACTOLISIB,0.2455102944974164,2,0.3125,0.8176645752722153,PIK3C3;PIK3R4
GSK-2636771,0.2455102944974164,2,0.3125,0.8176645752722153,PIK3C3;PIK3R4
INFIGRATINIB,0.2455102944974164,2,0.3125,0.8176645752722153,PIK3C3;PIK3R4
PF-04691502,0.2455102944974164,2,0.3125,0.8176645752722153,PIK3C3;PIK3R4
PI-103,0.2455102944974164,2,0.3125,0.8176645752722153,PIK3C3;PIK3R4
PICTILISIB,0.2455102944974164,2,0.3125,0.8176645752722153,PIK3C3;PIK3R4
PILARALISIB,0.2455102944974164,2,0.3125,0.8176645752722153,PIK3C3;PIK3R4
QUERCETIN,0.2455102944974164,2,0.3125,0.8176645752722153,PIK3C3;PIK3R4
SF1126,0.2455102944974164,2,0.3125,0.8176645752722153,PIK3C3;PIK3R4
SONOLISIB,0.2455102944974164,2,0.3125,0.8176645752722153,PIK3C3;PIK3R4
VOXTALISIB,0.2455102944974164,2,0.3125,0.8176645752722153,PIK3C3;PIK3R4
GEFITINIB,0.24119567196867797,2,0.30208333333333337,0.8106819965589512,ERBB4;NUP62
CHEMBL:CHEMBL1576310,0.23533223730089622,2,0.3125,0.764334016761987,APAF1;PSMD14
RITONAVIR,0.22863797256620919,2,0.34375,0.6823826883210108,COX6A1;TOMM40
AI-850,0.2216354283553555,2,0.36458333333333337,0.6144410499712997,BCL2;TUBB1
ORTATAXEL,0.2216354283553555,2,0.36458333333333337,0.6144410499712997,BCL2;TUBB1
TESETAXEL,0.2216354283553555,2,0.36458333333333337,0.6144410499712997,BCL2;TUBB1
CYC-116,0.218726131042962,2,0.28125,0.7241970355639828,MAPK12;TBK1
PF-562271,0.218726131042962,2,0.28125,0.7241970355639828,MAPK12;TBK1
ASPIRIN,0.2113263637221943,2,0.2604166666666667,0.7166740441725411,DDIT3;NRG1
DACTINOMYCIN,0.2113263637221943,2,0.2604166666666667,0.7166740441725411,DDIT3;NRG1
NICOTINE POLACRILEX,0.2113263637221943,2,0.2604166666666667,0.7166740441725411,DDIT3;NRG1
CENISERTIB,0.1986733706364074,2,0.22916666666666666,0.6972504200773867,ERBB4;TBK1
NVP-TAE684,0.1986733706364074,2,0.22916666666666666,0.6972504200773867,ERBB4;TBK1
CYCLOSPORINE,0.19860924423181714,2,0.2708333333333333,0.634414413224014,DDIT3;PPP3R1
NEFLAMAPIMOD,0.19355841513280134,2,0.14583333333333331,0.7954492901077557,MAP2K6;MAPK12
LARGAZOLE,0.18707236920273868,3,0.15972222222222224,0.5372178654563152,HDAC6;TUBB;TUBB1
COLCHICINE,0.177481311156591,3,0.09027777777777778,0.6015585256439901,NRG1;TUBB;TUBB1
LAPATINIB,0.16983713552886492,2,0.10416666666666666,0.7336555211271948,ERBB4;NRG1
BECAMPANEL,0.15943113302587578,2,0.09375,0.6947555843314989,GRIA1;GRIA2
CX-717,0.15943113302587578,2,0.09375,0.6947555843314989,GRIA1;GRIA2
CX1739,0.15943113302587578,2,0.09375,0.6947555843314989,GRIA1;GRIA2
DASOLAMPANEL,0.15943113302587578,2,0.09375,0.6947555843314989,GRIA1;GRIA2
FARAMPATOR,0.15943113302587578,2,0.09375,0.6947555843314989,GRIA1;GRIA2
IRAMPANEL,0.15943113302587578,2,0.09375,0.6947555843314989,GRIA1;GRIA2
MIBAMPATOR,0.15943113302587578,2,0.09375,0.6947555843314989,GRIA1;GRIA2
MK-8777,0.15943113302587578,2,0.09375,0.6947555843314989,GRIA1;GRIA2
PERAMPANEL,0.15943113302587578,2,0.09375,0.6947555843314989,GRIA1;GRIA2
PESAMPATOR,0.15943113302587578,2,0.09375,0.6947555843314989,GRIA1;GRIA2
PHENOBARBITAL,0.15943113302587578,2,0.09375,0.6947555843314989,GRIA1;GRIA2
SELURAMPANEL,0.15943113302587578,2,0.09375,0.6947555843314989,GRIA1;GRIA2
TAK-653,0.15943113302587578,2,0.09375,0.6947555843314989,GRIA1;GRIA2
TALAMPANEL,0.15943113302587578,2,0.09375,0.6947555843314989,GRIA1;GRIA2
TEZAMPANEL,0.15943113302587578,2,0.09375,0.6947555843314989,GRIA1;GRIA2
TOPIRAMATE,0.15943113302587578,2,0.09375,0.6947555843314989,GRIA1;GRIA2
ZONAMPANEL,0.15943113302587578,2,0.09375,0.6947555843314989,GRIA1;GRIA2
ABT-751,0.12831928791975594,2,0.09375,0.5317370392637469,TUBB;TUBB1
ADO-TRASTUZUMAB EMTANSINE,0.12831928791975594,2,0.09375,0.5317370392637469,TUBB;TUBB1
AGS-16C3F,0.12831928791975594,2,0.09375,0.5317370392637469,TUBB;TUBB1
APRUTUMAB IXADOTIN,0.12831928791975594,2,0.09375,0.5317370392637469,TUBB;TUBB1
ARX-788,0.12831928791975594,2,0.09375,0.5317370392637469,TUBB;TUBB1
ASG-5ME,0.12831928791975594,2,0.09375,0.5317370392637469,TUBB;TUBB1
AZINTUXIZUMAB VEDOTIN,0.12831928791975594,2,0.09375,0.5317370392637469,TUBB;TUBB1
BELANTAMAB MAFODOTIN-BLMF,0.12831928791975594,2,0.09375,0.5317370392637469,TUBB;TUBB1
BIVATUZUMAB MERTANSINE,0.12831928791975594,2,0.09375,0.5317370392637469,TUBB;TUBB1
BMS-275183,0.12831928791975594,2,0.09375,0.5317370392637469,TUBB;TUBB1
BRENTUXIMAB VEDOTIN,0.12831928791975594,2,0.09375,0.5317370392637469,TUBB;TUBB1
CABAZITAXEL,0.12831928791975594,2,0.09375,0.5317370392637469,TUBB;TUBB1
CANTUZUMAB MERTANSINE,0.12831928791975594,2,0.09375,0.5317370392637469,TUBB;TUBB1
CHEMBL:CHEMBL1795737,0.12831928791975594,2,0.09375,0.5317370392637469,TUBB;TUBB1
CHEMBL:CHEMBL1935538,0.12831928791975594,2,0.09375,0.5317370392637469,TUBB;TUBB1
CHEMBL:CHEMBL2036119,0.12831928791975594,2,0.09375,0.5317370392637469,TUBB;TUBB1
CHEMBL:CHEMBL2036124,0.12831928791975594,2,0.09375,0.5317370392637469,TUBB;TUBB1
CHEMBL:CHEMBL453818,0.12831928791975594,2,0.09375,0.5317370392637469,TUBB;TUBB1
COMBRETASTATIN A4,0.12831928791975594,2,0.09375,0.5317370392637469,TUBB;TUBB1
CROLIBULIN,0.12831928791975594,2,0.09375,0.5317370392637469,TUBB;TUBB1
CYCLOSTREPTIN,0.12831928791975594,2,0.09375,0.5317370392637469,TUBB;TUBB1
DAVUNETIDE,0.12831928791975594,2,0.09375,0.5317370392637469,TUBB;TUBB1
DOLASTATIN-10,0.12831928791975594,2,0.09375,0.5317370392637469,TUBB;TUBB1
ENAPOTAMAB VEDOTIN,0.12831928791975594,2,0.09375,0.5317370392637469,TUBB;TUBB1
ENFORTUMAB VEDOTIN-EJFV,0.12831928791975594,2,0.09375,0.5317370392637469,TUBB;TUBB1
EPOTHILONE D,0.12831928791975594,2,0.09375,0.5317370392637469,TUBB;TUBB1
ERIBULIN MESYLATE,0.12831928791975594,2,0.09375,0.5317370392637469,TUBB;TUBB1
FOSBRETABULIN TROMETHAMINE,0.12831928791975594,2,0.09375,0.5317370392637469,TUBB;TUBB1
GLEMBATUMUMAB VEDOTIN,0.12831928791975594,2,0.09375,0.5317370392637469,TUBB;TUBB1
INDIBULIN,0.12831928791975594,2,0.09375,0.5317370392637469,TUBB;TUBB1
INDUSATUMAB VEDOTIN,0.12831928791975594,2,0.09375,0.5317370392637469,TUBB;TUBB1
IXABEPILONE,0.12831928791975594,2,0.09375,0.5317370392637469,TUBB;TUBB1
KOS-1584,0.12831928791975594,2,0.09375,0.5317370392637469,TUBB;TUBB1
LADIRATUZUMAB VEDOTIN,0.12831928791975594,2,0.09375,0.5317370392637469,TUBB;TUBB1
LAROTAXEL,0.12831928791975594,2,0.09375,0.5317370392637469,TUBB;TUBB1
LEXIBULIN,0.12831928791975594,2,0.09375,0.5317370392637469,TUBB;TUBB1
LIFASTUZUMAB VEDOTIN,0.12831928791975594,2,0.09375,0.5317370392637469,TUBB;TUBB1
LORVOTUZUMAB MERTANSINE,0.12831928791975594,2,0.09375,0.5317370392637469,TUBB;TUBB1
MAYTANSINE,0.12831928791975594,2,0.09375,0.5317370392637469,TUBB;TUBB1
MAYTANSINOL,0.12831928791975594,2,0.09375,0.5317370392637469,TUBB;TUBB1
MIRVETUXIMAB SORAVTANSINE,0.12831928791975594,2,0.09375,0.5317370392637469,TUBB;TUBB1
MKC-1,0.12831928791975594,2,0.09375,0.5317370392637469,TUBB;TUBB1
NOCODAZOLE,0.12831928791975594,2,0.09375,0.5317370392637469,TUBB;TUBB1
OMBRABULIN,0.12831928791975594,2,0.09375,0.5317370392637469,TUBB;TUBB1
PACLITAXEL DOCOSAHEXAENOIC ACID,0.12831928791975594,2,0.09375,0.5317370392637469,TUBB;TUBB1
PACLITAXEL POLIGLUMEX,0.12831928791975594,2,0.09375,0.5317370392637469,TUBB;TUBB1
PATUPILONE,0.12831928791975594,2,0.09375,0.5317370392637469,TUBB;TUBB1
PF-06263507,0.12831928791975594,2,0.09375,0.5317370392637469,TUBB;TUBB1
PINATUZUMAB VEDOTIN,0.12831928791975594,2,0.09375,0.5317370392637469,TUBB;TUBB1
PLINABULIN,0.12831928791975594,2,0.09375,0.5317370392637469,TUBB;TUBB1
PLOCABULIN,0.12831928791975594,2,0.09375,0.5317370392637469,TUBB;TUBB1
PODOFILOX,0.12831928791975594,2,0.09375,0.5317370392637469,TUBB;TUBB1
PRALUZATAMAB RAVTANSINE,0.12831928791975594,2,0.09375,0.5317370392637469,TUBB;TUBB1
RG-7600,0.12831928791975594,2,0.09375,0.5317370392637469,TUBB;TUBB1
RG-7636,0.12831928791975594,2,0.09375,0.5317370392637469,TUBB;TUBB1
RG-7841,0.12831928791975594,2,0.09375,0.5317370392637469,TUBB;TUBB1
SAGOPILONE,0.12831928791975594,2,0.09375,0.5317370392637469,TUBB;TUBB1
SOBLIDOTIN,0.12831928791975594,2,0.09375,0.5317370392637469,TUBB;TUBB1
SOFITUZUMAB VEDOTIN,0.12831928791975594,2,0.09375,0.5317370392637469,TUBB;TUBB1
T-900607,0.12831928791975594,2,0.09375,0.5317370392637469,TUBB;TUBB1
TELISOTUZUMAB VEDOTIN,0.12831928791975594,2,0.09375,0.5317370392637469,TUBB;TUBB1
TISOTUMAB VEDOTIN-TFTV,0.12831928791975594,2,0.09375,0.5317370392637469,TUBB;TUBB1
TUSAMITAMAB RAVTANSINE,0.12831928791975594,2,0.09375,0.5317370392637469,TUBB;TUBB1
VANDORTUZUMAB VEDOTIN,0.12831928791975594,2,0.09375,0.5317370392637469,TUBB;TUBB1
VERUBULIN,0.12831928791975594,2,0.09375,0.5317370392637469,TUBB;TUBB1
VINBLASTINE,0.12831928791975594,2,0.09375,0.5317370392637469,TUBB;TUBB1
VINBLASTINE SULFATE,0.12831928791975594,2,0.09375,0.5317370392637469,TUBB;TUBB1
VINCRISTINE SULFATE,0.12831928791975594,2,0.09375,0.5317370392637469,TUBB;TUBB1
VINDESINE,0.12831928791975594,2,0.09375,0.5317370392637469,TUBB;TUBB1
VINFLUNINE,0.12831928791975594,2,0.09375,0.5317370392637469,TUBB;TUBB1
VINORELBINE,0.12831928791975594,2,0.09375,0.5317370392637469,TUBB;TUBB1
VINORELBINE TARTRATE,0.12831928791975594,2,0.09375,0.5317370392637469,TUBB;TUBB1
ZAMPANOLIDE,0.12831928791975594,2,0.09375,0.5317370392637469,TUBB;TUBB1
