"ID","Description","NES","pvalue","p.adjust","setSize","core_enrichment"
"hsa03010","Ribosome",2.15280840684502,1.15309894876812e-09,4.05890829966377e-07,167,"6192/6189/9801/6125/54534/6139/6166/51187/6129/6159/6146/10884/6144/6154/6194/6202/6133/6229/100526842/6187/6135/3921/9349/6130/6138/26589/51642/6222/200916/6124/28977/6128/11222/51263/6233/23521/6235/64965/65008/6201/6206/51318/6224/6136/6152/6218/6156/51065/65080/6147/7311/6161/6207/51649/6209/55173/6122/51258/60488/100529097/64968/6164/6132/6157/6175/6204/6223/6137/6231/6160/28957/29074/9045/6143/6170/51650/6188/6193/51373/51023/28998/64979/63931/6210/6158/6176/6208/6181/6173/29088/6134/23107/56945/6191/25873/11224/6230/65993/84311/6205/6217/6228/57129/51081/64951/79590/100529239/6142/6171"
"hsa04060","Cytokine-cytokine receptor interaction",-2.03605648926967,1.99559824975284e-08,3.512252919565e-06,161,"392255/958/768211/3554/3589/94/8795/285613/1441/6347/4055/3625/3570/3563/3592/654/7133/7066/3600/8809/7850/8764/9173/115650/1439/132014/84818/268/3590/2920/8200/8797/3586/2826/9235/3566/3601/8794/3561/8718/8743/8793/3623/8771/3976/3598/5008/5618/50615/3627/2919/3553/3569/3576/1440"
"hsa04080","Neuroactive ligand-receptor interaction",-1.80994461344046,2.8524409531417e-07,3.34686405168626e-05,248,"136/2914/64106/6754/2741/2912/57053/1908/3362/5032/3274/2358/4157/135/116/1392/3973/4923/1394/11054/9934/133/5729/5021/7442/2357/1145/5745/6866/2837/5179/5173/1395/552/5023/56413/2859/7425/2742/9170/1133/6750/1241/4852/2834/6870/1142/2492/1813/2831/1815/57105/2922/3363/5618/3061/6863/799/55879/7200/51083/5443/2564"
"hsa04061","Viral protein interaction with cytokine and cytokine receptor",-2.05510859115685,6.69503557848524e-06,0.000589163130906701,44,"6347/4055/3570/7133/8809/8764/2920/8797/3586/2826/8794/3561/8743/8793/3627/2919/3569/3576"
"hsa04081","Hormone signaling",-1.83056248029766,9.45123131468936e-06,0.000665366684554131,161,"2100/6754/9630/10268/4157/10266/2786/1392/2791/3973/1394/5021/5745/7066/2852/5179/5173/1395/57817/552/268/6750/2834/2492/4881/3690/1813/2784/1815/2984/196883/5618/3061/8471/2099/799/7200/5443"
"hsa05144","Malaria",-2.04389634865348,1.95331803833473e-05,0.000859459936867279,41,"4615/958/3039/3040/100528032/7060/5175/6347/3043/3592/7057/3586/7412/7059/3383/3553/3569/3576/1440/6401"
"hsa04668","TNF signaling pathway",-1.87071695529067,1.89925990142861e-05,0.000859459936867279,109,"2353/8737/7133/3600/8809/6300/602/197259/11035/843/2920/7412/3659/64285/7128/64127/3383/9021/3976/3627/2919/3553/3569/6401"
"hsa04141","Protein processing in endoplasmic reticulum",1.82838231151169,1.72145438924286e-05,0.000859459936867279,165,"3303/1410/3320/3304/3337/10808/3301/55432/7184/22824/9532/7095/7321/84061/3326/3312/5611/5602/80267/4780/258010/3305/3998/55973/7326/6400/1965/7323/29979/51726/3300/165324/10130/4287/27248/11231/6745/6500/5599/9601/10484/56893/3309/821/23471/6747/51128/56886/468/23190/10905/5601/10294"
"hsa04630","JAK-STAT signaling pathway",-1.81553446944338,0.000114224524043415,0.00446744805147581,111,"1441/208/7297/3570/3563/3592/7066/3600/1439/3590/3586/5159/3566/3601/1026/3561/1154/9021/3976/3598/5008/5618/50615/3569/1440"
"hsa04657","IL-17 signaling pathway",-1.90608386966602,0.000132968738802279,0.0046804996058402,68,"6300/132014/84818/2920/8061/7128/225689/3627/2919/3553/3569/3576/1440"
"hsa04082","Neuroactive ligand signaling",-1.61676594590105,0.00027820258698422,0.00890248278349504,170,"2905/136/2914/2741/2912/57084/3362/5032/3274/6538/135/2786/2791/11054/9934/6866/5179/5173/5023/1133/6539/6870/43/6540/1813/2784/1815/196883/3363/6863/6512/55879/5443/2564"
"hsa04071","Sphingolipid signaling pathway",1.70282380400795,0.00039370020327951,0.0115485392961989,119,"53637/3827/5337/140/10672/9517/56624/2770/5523/5295/253782/5602/5728/2776/5516/29956/5520/3845/5525/5291/5290/259230/171546/55012/81537/10000/5515/23236/5529/5599/5594/4893/637/134/387/5579/1903/9846/165679/5601/9475/6093/5879/5581/596/5527/5604"
"hsa04933","AGE-RAGE signaling pathway in diabetic complications",-1.71614683144486,0.000701470665012941,0.0182105345451609,97,"6300/1286/2335/84812/4846/7412/1285/177/3383/7056/3553/3569/3576/6401"
"hsa04110","Cell cycle",1.61188025967013,0.000724282623955264,0.0182105345451609,149,"1028/890/2810/7043/983/699/9232/9134/1021/1031/10735/10912/1027/23047/3066/5885/157570/5516/546/26271/8555/5525/7529/57082/4176/5925/701/10971/4089/7533/4085/7531/5515/6500/5529/996/119504/991/9184/9126/25836/5001/7534/472/23063/4087/1647/246184/23244/894/9319/7532/25847/5000/7042/5527/4175/114799/5111/6502/4193"
"hsa04064","NF-kappa B signaling pathway",-1.74930155255511,0.000780374949205295,0.0183127988080176,86,"4615/958/5335/3554/5328/4055/283106/4791/8737/4616/5971/115650/29775/2920/55367/7412/27040/7128/3383/7535/2919/3553/3576"
"hsa04640","Hematopoietic cell lineage",-1.79813140564908,0.000906665921178313,0.0199466502659229,67,"3115/3554/3589/1441/2323/3570/3563/3678/3675/912/7066/3672/7850/3590/3112/947/3566/1380/3690/3674/290/3118/3553/3569/1440"
"hsa05321","Inflammatory bowel disease",-1.77271821391757,0.00118196028628917,0.0244735306337522,48,"3592/8809/3112/3586/3566/3561/64127/3118/50615/3553/3569"
"hsa04120","Ubiquitin mediated proteolysis",1.65419869376043,0.00136363140125434,0.0266665696245293,136,"330/55284/7321/25898/3093/8065/331/7326/83737/7337/7319/7323/7324/672/329/11059/8452/7316/6233/6500/996/4591/8450/119504/991/23291/7334/55294/9039/8554/7311/55958/10054/134111/246184/90293/6477/7328/9320/7325/55120/9354/8453/55236/26091/7320/65264/25847/92912/51465/10055/23327/6502/4193/9817/7314/1161/7322/8945/6921/51433/4281/10477/8454/10393/54926/7189"
"hsa04518","Integrin signaling",-1.58932740184258,0.00174949049133417,0.0307910326474814,141,"3912/3695/22798/2321/5155/7143/55612/22801/3913/3691/3910/5880/1282/255743/3384/7060/208/341640/158326/3678/5829/1284/3675/1297/2064/3909/63923/1101/7057/3672/1291/1286/2335/2324/55679/10319/5159/7412/7148/7059/3690/7450/7448/1285/3674/5228/8515/3911/3918/3383"
"hsa04140","Autophagy - animal",1.56750181047008,0.00173619659700706,0.0307910326474814,159,"3920/54541/58476/84938/5567/5295/58528/116442/8887/9474/5602/5728/5516/3845/5291/5290/27072/55255/1965/8417/3476/10010/83734/10000/5515/81631/29110/7316/6233/9821/5599/5594/64422/3146/4893/51100/5563/6885/7311/8673/5861/9140/10133/5601/83452/23001/29982/4077/64798/11345/664/596/3091/5604/11337/7405/10645/7314/7879/64121/6198/60673/3708/5289/6009/9342/22863/598/23710/7189"
"hsa05143","African trypanosomiasis",-1.82357056369674,0.00203743353980517,0.0341512669529247,29,"4615/3039/3910/3040/8542/3250/3043/3592/3586/7412/3383/3553/3569/6401"
"hsa05332","Graft-versus-host disease",-1.82000292210069,0.00217319232680749,0.0347710772289198,26,"3106/3112/3107/3134/3118/5551/3553/3569"
"hsa05323","Rheumatoid arthritis",-1.69370242707512,0.00248881958273358,0.0380897605705313,68,"3115/3589/1513/6347/10312/2353/3600/50617/3112/2920/245973/3383/3118/2919/3553/3569/3576"
"hsa04512","ECM-receptor interaction",-1.67576203639729,0.0026840499577792,0.0393660660474283,79,"3912/3695/22798/7143/22801/3913/3691/3910/1282/255743/7060/22987/341640/158326/3678/1284/3675/1297/3339/375790/3909/63923/1101/7057/3672/1291/1286/2335/10319/51206/7148/7059/3690/7450/7448/1285/3674/8515/3911/3918"
"hsa04621","NOD-like receptor signaling pathway",-1.55731439667948,0.00316204606692154,0.0445216086222553,148,"5600/10379/4615/9641/55072/51393/4938/10616/7226/114769/152138/79792/6347/4210/7297/64170/4939/8737/9051/4940/3665/837/6300/11035/3710/2920/10392/114548/22861/115361/7128/64127/115362/2919/3553/3569/3576"
