"Protein_ID","Gene_Symbol","logFC","P.Value","adj.P.Val","significant","condition","comparison"
"Q13885;A6NNZ2","TUBB2A",4.54,8.61522563371538e-10,6.7e-07,TRUE,"CTRL","C9ALS_vs_Control"
"P51116","FXR2",3.23,2.70482147080635e-09,2.24e-05,TRUE,"CTRL","C9ALS_vs_Control"
"Q5T5P2","KIAA1217",-5.82,3.40329095155259e-09,3.1e-05,TRUE,"CTRL","C9ALS_vs_Control"
"Q15027","ACAP1",3.59,5.7533882070762e-09,8.01e-05,TRUE,"CTRL","C9ALS_vs_Control"
"P10645","CHGA",-3.84,5.871364574796e-09,8.2e-05,TRUE,"CTRL","C9ALS_vs_Control"
"O15240","VGF",-4.15,6.06557062989415e-09,8.5e-05,TRUE,"CTRL","C9ALS_vs_Control"
"Q14624","ITIH4",-4.2,3.37274801968682e-08,0.00379,TRUE,"CTRL","C9ALS_vs_Control"
"P0DP25;P0DP24;P0DP23;P27482;P02585","P0DP25",2.55,3.78308467410514e-08,0.00449,TRUE,"CTRL","C9ALS_vs_Control"
"Q9NWH9","SLTM",-2.82,1.04180043567888e-07,0.0217,TRUE,"CTRL","C9ALS_vs_Control"
"O43795","MYO1B",2.49,1.08207515661821e-07,0.0228,TRUE,"CTRL","C9ALS_vs_Control"
"Q14244","MAP7",-3.03,1.72480499264265e-07,0.0448,TRUE,"CTRL","C9ALS_vs_Control"
"Q9HCB6","SPON1",5.37,1.92898663554895e-07,0.0521,FALSE,"CTRL","C9ALS_vs_Control"
"P61278","SST",-2.59,2.76841491424027e-07,0.0822,FALSE,"CTRL","C9ALS_vs_Control"
"Q14576","ELAVL3",3.41,3.695898902983e-07,0.114,FALSE,"CTRL","C9ALS_vs_Control"
"Q15717","ELAVL1",3.93,5.69403423819604e-07,0.177,FALSE,"CTRL","C9ALS_vs_Control"
"P01834","IGKC",-3.33,8.78092815879903e-07,0.257,FALSE,"CTRL","C9ALS_vs_Control"
"Q969Q0","RPL36AL",3,1.0897951118832e-06,0.302,FALSE,"CTRL","C9ALS_vs_Control"
"Q86SE5","RALYL",2.38,1.32724798956638e-06,0.344,FALSE,"CTRL","C9ALS_vs_Control"
"O43684","BUB3",3.63,1.44231566904458e-06,0.362,FALSE,"CTRL","C9ALS_vs_Control"
"P20290","BTF3",-3.47,1.75548474787386e-06,0.406,FALSE,"CTRL","C9ALS_vs_Control"
"Q8WXI9","GATAD2B",-1.33,1.89494331819253e-06,0.423,FALSE,"CTRL","C9ALS_vs_Control"
"P18887","XRCC1",-2.98,2.60497418908621e-06,0.492,FALSE,"CTRL","C9ALS_vs_Control"
"Q9NZB2","FAM120A",1.92,2.97490001237586e-06,0.52,FALSE,"CTRL","C9ALS_vs_Control"
"P0DOY3;P0DOY2;P0CG04;P0CF74;B9A064","IGLC1",-3.18,3.02686829397208e-06,0.523,FALSE,"CTRL","C9ALS_vs_Control"
"Q14315","FLNC",1.76,3.95501339430976e-06,0.577,FALSE,"CTRL","C9ALS_vs_Control"
"O43395","PRPF3",1.82,4.03246032531219e-06,0.581,FALSE,"CTRL","C9ALS_vs_Control"
"O95777","LSM8",2.43,4.06309933168873e-06,0.582,FALSE,"CTRL","C9ALS_vs_Control"
"Q13813","SPTAN1",3.11,4.22172680824868e-06,0.589,FALSE,"CTRL","C9ALS_vs_Control"
"A6NNA2","SRRM3",2.23,4.43123687701012e-06,0.598,FALSE,"CTRL","C9ALS_vs_Control"
"O60885","BRD4",-1.52,4.90971476572302e-06,0.617,FALSE,"CTRL","C9ALS_vs_Control"
"O00159","MYO1C",2.56,5.05369539159981e-06,0.622,FALSE,"CTRL","C9ALS_vs_Control"
"Q8ND56","LSM14A",1.86,5.10957158451887e-06,0.624,FALSE,"CTRL","C9ALS_vs_Control"
"Q13547;O15379","HDAC1",-2.55,5.30286521325154e-06,0.631,FALSE,"CTRL","C9ALS_vs_Control"
"P63092;Q5JWF2;P38405","GNAS",2.77,5.77742193062506e-06,0.645,FALSE,"CTRL","C9ALS_vs_Control"
"Q6PJT7","ZC3H14",1.52,5.81668851382559e-06,0.646,FALSE,"CTRL","C9ALS_vs_Control"
"Q9Y608","LRRFIP2",3.76,6.13855901616909e-06,0.655,FALSE,"CTRL","C9ALS_vs_Control"
"P38159;O75526;Q8N7X1","RBMX",-1.56,6.16914624432532e-06,0.656,FALSE,"CTRL","C9ALS_vs_Control"
"P24928","POLR2A",-1.45,6.56706469346403e-06,0.666,FALSE,"CTRL","C9ALS_vs_Control"
"Q92804","TAF15",-2.42,7.63248635764145e-06,0.69,FALSE,"CTRL","C9ALS_vs_Control"
"Q9NZR1","TMOD2",2.74,8.11913184079879e-06,0.699,FALSE,"CTRL","C9ALS_vs_Control"
"Q969G3","SMARCE1",3.81,1.10374986371197e-05,0.74,FALSE,"CTRL","C9ALS_vs_Control"
"P01857","IGHG1",-2.53,1.12874176741487e-05,0.743,FALSE,"CTRL","C9ALS_vs_Control"
"Q5SQI0","ATAT1",1.37,1.23493846195251e-05,0.754,FALSE,"CTRL","C9ALS_vs_Control"
"Q15393","SF3B3",1.81,1.2585445167414e-05,0.756,FALSE,"CTRL","C9ALS_vs_Control"
"O60306","AQR",2.73,1.34309394593649e-05,0.764,FALSE,"CTRL","C9ALS_vs_Control"
"P05783;CON__Q92764;CON__Q497I4;Q92764;CON__H-INV:HIT000015463","KRT18",-1.68,1.53966911368145e-05,0.779,FALSE,"CTRL","C9ALS_vs_Control"
"P35580","MYH10",1.81,1.56764169242542e-05,0.781,FALSE,"CTRL","C9ALS_vs_Control"
"P35637","FUS",-2.77,1.62263208434734e-05,0.784,FALSE,"CTRL","C9ALS_vs_Control"
"P14649","MYL6B",1.43,1.75536144737181e-05,0.792,FALSE,"CTRL","C9ALS_vs_Control"
"Q92614","MYO18A",1.74,1.89085532397983e-05,0.799,FALSE,"CTRL","C9ALS_vs_Control"
"P02787;CON__Q2HJF0","TF",-4.09,1.92836931690927e-05,0.801,FALSE,"CTRL","C9ALS_vs_Control"
"Q15029","EFTUD2",2.08,2.4343357683143e-05,0.822,FALSE,"CTRL","C9ALS_vs_Control"
"Q13123","IK",1.3,2.68351992786685e-05,0.83,FALSE,"CTRL","C9ALS_vs_Control"
"Q9HCS7","XAB2",3.07,2.8792782364833e-05,0.835,FALSE,"CTRL","C9ALS_vs_Control"
"Q7L099;Q96T51","RUFY3",1.92,2.94134106253166e-05,0.837,FALSE,"CTRL","C9ALS_vs_Control"
"Q8WYP5","AHCTF1",-2.26,2.99011950998264e-05,0.838,FALSE,"CTRL","C9ALS_vs_Control"
"P08670;P17661","VIM",1.64,3.00732446449728e-05,0.838,FALSE,"CTRL","C9ALS_vs_Control"
"Q12873","CHD3",-1.25,3.01993133260191e-05,0.839,FALSE,"CTRL","C9ALS_vs_Control"
"Q9P013","CWC15",1.22,3.04587168072653e-05,0.839,FALSE,"CTRL","C9ALS_vs_Control"
"Q02880","TOP2B",-2.34,3.4238403849375e-05,0.848,FALSE,"CTRL","C9ALS_vs_Control"
"P15924","DSP",-4.56,3.63360439028977e-05,0.852,FALSE,"CTRL","C9ALS_vs_Control"
"P11047","LAMC1",-1.64,3.67085220393095e-05,0.852,FALSE,"CTRL","C9ALS_vs_Control"
"Q13573","SNW1",1.12,3.95357686328861e-05,0.857,FALSE,"CTRL","C9ALS_vs_Control"
"Q93045","STMN2",1.41,4.2892877059891e-05,0.862,FALSE,"CTRL","C9ALS_vs_Control"
"O60828","PQBP1",1.28,4.508076831267e-05,0.865,FALSE,"CTRL","C9ALS_vs_Control"
"P04792","HSPB1",-3.17,4.56701120093197e-05,0.866,FALSE,"CTRL","C9ALS_vs_Control"
"P39060","COL18A1",-2.2,4.68162800773268e-05,0.868,FALSE,"CTRL","C9ALS_vs_Control"
"P68371","TUBB4B",0.967,4.82957573202639e-05,0.869,FALSE,"CTRL","C9ALS_vs_Control"
"Q9NW64","RBM22",2.16,4.85912333501579e-05,0.87,FALSE,"CTRL","C9ALS_vs_Control"
"Q9ULR0","ISY1",1.74,4.997962489052e-05,0.871,FALSE,"CTRL","C9ALS_vs_Control"
"O95926","SYF2",2.11,5.06269454191556e-05,0.872,FALSE,"CTRL","C9ALS_vs_Control"
"P07196","NEFL",1.4,5.31019637803317e-05,0.875,FALSE,"CTRL","C9ALS_vs_Control"
"Q9BVA1","TUBB2B",1.01,5.46650191628879e-05,0.876,FALSE,"CTRL","C9ALS_vs_Control"
"Q71U36;P0DPH8;P0DPH7;Q6PEY2","TUBA1A",0.951,5.92632943489118e-05,0.88,FALSE,"CTRL","C9ALS_vs_Control"
"Q86VP6;O75155","CAND1",1.86,6.07649750049822e-05,0.882,FALSE,"CTRL","C9ALS_vs_Control"
"Q6P2Q9","PRPF8",1.73,6.15199523741422e-05,0.882,FALSE,"CTRL","C9ALS_vs_Control"
"O95631","NTN1",1.98,6.23556537743363e-05,0.883,FALSE,"CTRL","C9ALS_vs_Control"
"Q86YP4","GATAD2A",-1.31,6.34447976465259e-05,0.884,FALSE,"CTRL","C9ALS_vs_Control"
"Q9Y4I1","MYO5A",1.63,6.96830384618479e-05,0.888,FALSE,"CTRL","C9ALS_vs_Control"
"P46781","RPS9",0.898,7.56411206287998e-05,0.892,FALSE,"CTRL","C9ALS_vs_Control"
"P07437","TUBB",1.08,8.2061649613998e-05,0.896,FALSE,"CTRL","C9ALS_vs_Control"
"Q14151","SAFB2",-1.81,8.54399973571062e-05,0.897,FALSE,"CTRL","C9ALS_vs_Control"
"O75083","WDR1",2,8.51582684056804e-05,0.897,FALSE,"CTRL","C9ALS_vs_Control"
"P48681","NES",0.819,8.73349567460828e-05,0.898,FALSE,"CTRL","C9ALS_vs_Control"
"P78559","MAP1A",-1.75,9.30340221601466e-05,0.901,FALSE,"CTRL","C9ALS_vs_Control"
"P07197","NEFM",0.895,9.4219208233655e-05,0.901,FALSE,"CTRL","C9ALS_vs_Control"
"Q9NYL9","TMOD3",2.81,9.36868903232887e-05,0.901,FALSE,"CTRL","C9ALS_vs_Control"
"Q9H2P0","ADNP",-1.12,9.54348935704139e-05,0.902,FALSE,"CTRL","C9ALS_vs_Control"
"P49916","LIG3",-2.07,9.510802586888e-05,0.902,FALSE,"CTRL","C9ALS_vs_Control"
"Q9NUL3","STAU2",1.1,9.50950176860244e-05,0.902,FALSE,"CTRL","C9ALS_vs_Control"
"Q9NXV6","CDKN2AIP",-1.44,9.92274327807745e-05,0.903,FALSE,"CTRL","C9ALS_vs_Control"
"P62191","PSMC1",1.66,9.76780962372585e-05,0.903,FALSE,"CTRL","C9ALS_vs_Control"
"Q9BZJ0","CRNKL1",1.68,0.000116518896825695,0.909,FALSE,"CTRL","C9ALS_vs_Control"
"O94776","MTA2",-1.17,0.000114583500643133,0.909,FALSE,"CTRL","C9ALS_vs_Control"
"P60660","MYL6",1.6,0.000114120841179176,0.909,FALSE,"CTRL","C9ALS_vs_Control"
"P16989","YBX3",1.25,0.000116179521836686,0.909,FALSE,"CTRL","C9ALS_vs_Control"
"Q14839","CHD4",-1.23,0.000119640103748486,0.91,FALSE,"CTRL","C9ALS_vs_Control"
"P29375","KDM5A",-1.35,0.00012003720936625,0.91,FALSE,"CTRL","C9ALS_vs_Control"
"P25391","LAMA1",-2.09,0.000120703204080127,0.911,FALSE,"CTRL","C9ALS_vs_Control"
"P14923","JUP",-3.81,0.00012975142289994,0.913,FALSE,"CTRL","C9ALS_vs_Control"
"Q13838","DDX39B",1.28,0.000134403781970511,0.914,FALSE,"CTRL","C9ALS_vs_Control"
"O95400","CD2BP2",-1.16,0.000137142004493669,0.915,FALSE,"CTRL","C9ALS_vs_Control"
"P06753","TPM3",0.952,0.000136482681347366,0.915,FALSE,"CTRL","C9ALS_vs_Control"
"Q9NZI8;REV__Q15833","IGF2BP1",1.29,0.000143885416469171,0.916,FALSE,"CTRL","C9ALS_vs_Control"
"P67936;Q2TAC2","TPM4",0.825,0.000144308486981422,0.917,FALSE,"CTRL","C9ALS_vs_Control"
"P26378","ELAVL4",1.93,0.000151746147294254,0.918,FALSE,"CTRL","C9ALS_vs_Control"
"Q9Y4Y9","LSM5",1.19,0.000151362525759448,0.918,FALSE,"CTRL","C9ALS_vs_Control"
"P68363","TUBA1B",1.02,0.000157646243548296,0.919,FALSE,"CTRL","C9ALS_vs_Control"
"O94964","SOGA1",1.52,0.000159284420131089,0.92,FALSE,"CTRL","C9ALS_vs_Control"
"Q13185","CBX3",-2.36,0.000166964217098965,0.921,FALSE,"CTRL","C9ALS_vs_Control"
"Q02413;P32926;Q86SJ6","DSG1",-4.38,0.00016901582675529,0.921,FALSE,"CTRL","C9ALS_vs_Control"
"Q9NYF8","BCLAF1",-0.861,0.000174161080075188,0.922,FALSE,"CTRL","C9ALS_vs_Control"
"P09874","PARP1",-4.4,0.000179590282269742,0.923,FALSE,"CTRL","C9ALS_vs_Control"
"Q13509","TUBB3",1.07,0.000183447326959371,0.924,FALSE,"CTRL","C9ALS_vs_Control"
"Q00839","HNRNPU",-0.732,0.000194080558748429,0.925,FALSE,"CTRL","C9ALS_vs_Control"
"P49458","SRP9",1.15,0.000191126404210501,0.925,FALSE,"CTRL","C9ALS_vs_Control"
"P04350","TUBB4A",2.22,0.000194314782984943,0.925,FALSE,"CTRL","C9ALS_vs_Control"
"P07951","TPM2",1.38,0.000201808047446623,0.926,FALSE,"CTRL","C9ALS_vs_Control"
"P07942","LAMB1",-2.02,0.000203770768984851,0.927,FALSE,"CTRL","C9ALS_vs_Control"
"O43172","PRPF4",0.94,0.000205509063265326,0.927,FALSE,"CTRL","C9ALS_vs_Control"
"Q9Y6M1","IGF2BP2",1.95,0.00021431367121893,0.928,FALSE,"CTRL","C9ALS_vs_Control"
"Q9BQG0","MYBBP1A",-1.14,0.000214394926181942,0.928,FALSE,"CTRL","C9ALS_vs_Control"
"Q86U42;A6NDY0","PABPN1",2.78,0.000217000096304933,0.928,FALSE,"CTRL","C9ALS_vs_Control"
"Q9UPY3","DICER1",1.08,0.000226828621341463,0.929,FALSE,"CTRL","C9ALS_vs_Control"
"P82979","SARNP",1.04,0.000219415136666103,0.929,FALSE,"CTRL","C9ALS_vs_Control"
"Q9UIG0","BAZ1B",-1.42,0.000231675026138357,0.93,FALSE,"CTRL","C9ALS_vs_Control"
"Q9Y281","CFL2",1.7,0.00023417718079437,0.93,FALSE,"CTRL","C9ALS_vs_Control"
"Q9ULV4;Q6QEF8","CORO1C",1.58,0.000236867933964182,0.931,FALSE,"CTRL","C9ALS_vs_Control"
"Q09161","NCBP1",2.28,0.000239978498207412,0.931,FALSE,"CTRL","C9ALS_vs_Control"
"P30153","PPP2R1A",2.21,0.000246302118792356,0.931,FALSE,"CTRL","C9ALS_vs_Control"
"O75934","BCAS2",1.47,0.000256418738995773,0.932,FALSE,"CTRL","C9ALS_vs_Control"
"Q2Q1W2","TRIM71",1.29,0.000266623908053678,0.933,FALSE,"CTRL","C9ALS_vs_Control"
"Q96KM6","ZNF512B",-2.19,0.00027322927906508,0.934,FALSE,"CTRL","C9ALS_vs_Control"
"Q16643","DBN1",1.91,0.00029174939137259,0.935,FALSE,"CTRL","C9ALS_vs_Control"
"Q6UN15","FIP1L1",-1.05,0.000286706962220568,0.935,FALSE,"CTRL","C9ALS_vs_Control"
"P09661","SNRPA1",1.22,0.000289120770835821,0.935,FALSE,"CTRL","C9ALS_vs_Control"
"P42766","RPL35",1.38,0.000304986186585131,0.936,FALSE,"CTRL","C9ALS_vs_Control"
"Q9P2Y4","ZNF219",-1.06,0.000301716980532751,0.936,FALSE,"CTRL","C9ALS_vs_Control"
"Q8IXM2","BAP18",-1.2,0.000318222695154597,0.937,FALSE,"CTRL","C9ALS_vs_Control"
"Q9UMS4","PRPF19",1.36,0.00031816681438693,0.937,FALSE,"CTRL","C9ALS_vs_Control"
"O75151","PHF2",-1.32,0.000328415200855001,0.938,FALSE,"CTRL","C9ALS_vs_Control"
"Q8WUA2","PPIL4",-1.16,0.000328336013520099,0.938,FALSE,"CTRL","C9ALS_vs_Control"
"Q96N64","PWWP2A",-1.48,0.000321617781619411,0.938,FALSE,"CTRL","C9ALS_vs_Control"
"Q9Y2W1","THRAP3",-0.917,0.000332572838589562,0.938,FALSE,"CTRL","C9ALS_vs_Control"
"Q96KR1","ZFR",1.23,0.000328637127561978,0.938,FALSE,"CTRL","C9ALS_vs_Control"
"P67809;Q9Y2T7","YBX1",0.902,0.000343483211458099,0.939,FALSE,"CTRL","C9ALS_vs_Control"
"Q9ULX6","AKAP8L",2.22,0.000358012711618874,0.94,FALSE,"CTRL","C9ALS_vs_Control"
"Q9UM54","MYO6",1.49,0.000361741756152588,0.94,FALSE,"CTRL","C9ALS_vs_Control"
"Q13207","TBX2",-2.02,0.000367623323384744,0.94,FALSE,"CTRL","C9ALS_vs_Control"
"Q14562","DHX8",-0.816,0.000375566112732934,0.941,FALSE,"CTRL","C9ALS_vs_Control"
"P27448;Q9P0L2","MARK3",-1.4,0.000389410544170868,0.941,FALSE,"CTRL","C9ALS_vs_Control"
"Q09028","RBBP4",-0.959,0.000384753734692856,0.941,FALSE,"CTRL","C9ALS_vs_Control"
"O43818","RRP9",-1.76,0.000380347755693773,0.941,FALSE,"CTRL","C9ALS_vs_Control"
"Q6ZN17","LIN28B",1.05,0.000407827592485931,0.942,FALSE,"CTRL","C9ALS_vs_Control"
"Q8N1F7","NUP93",0.933,0.000402440588141282,0.942,FALSE,"CTRL","C9ALS_vs_Control"
"Q15424","SAFB",-1.11,0.000403695507218952,0.942,FALSE,"CTRL","C9ALS_vs_Control"
"O43290","SART1",-0.94,0.000409026370943892,0.942,FALSE,"CTRL","C9ALS_vs_Control"
"O43670","ZNF207",1.48,0.000402366697961755,0.942,FALSE,"CTRL","C9ALS_vs_Control"
"Q499Z4;Q99612;Q9BSK1;P52747;O94892;Q9NX65;Q8WXB4","ZNF672",-1.37,0.000406848336910588,0.942,FALSE,"CTRL","C9ALS_vs_Control"
"P68032;P63267;P62736;P68133","ACTC1",1.85,0.000420767467863335,0.943,FALSE,"CTRL","C9ALS_vs_Control"
"Q8IVW6","ARID3B",-1.99,0.000427641873250443,0.943,FALSE,"CTRL","C9ALS_vs_Control"
"Q12830","BPTF",-1.21,0.000422620297700741,0.943,FALSE,"CTRL","C9ALS_vs_Control"
"O94832","MYO1D",1.47,0.000429334195478608,0.943,FALSE,"CTRL","C9ALS_vs_Control"
"P02545","LMNA",-1.5,0.000441856977089881,0.944,FALSE,"CTRL","C9ALS_vs_Control"
"O43513","MED7",-1.41,0.000452272048857514,0.944,FALSE,"CTRL","C9ALS_vs_Control"
"P08237","PFKM",2.24,0.00044128106809719,0.944,FALSE,"CTRL","C9ALS_vs_Control"
"O00425","IGF2BP3",0.987,0.000466759248171562,0.945,FALSE,"CTRL","C9ALS_vs_Control"
"Q5T749","KPRP",-4.18,0.000463011062914641,0.945,FALSE,"CTRL","C9ALS_vs_Control"
"Q96G61;Q8NFP7;A0A024RBG1;Q9NZJ9;O95989","NUDT11",0.949,0.00046946553029769,0.945,FALSE,"CTRL","C9ALS_vs_Control"
"O75569","PRKRA",1.59,0.000465057008799273,0.945,FALSE,"CTRL","C9ALS_vs_Control"
"P48634","PRRC2A",-1.79,0.000462287054514181,0.945,FALSE,"CTRL","C9ALS_vs_Control"
"Q9C0J8","WDR33",-0.823,0.000467148794909304,0.945,FALSE,"CTRL","C9ALS_vs_Control"
"Q8IWU6","SULF1",2.24,0.000508974213634835,0.946,FALSE,"CTRL","C9ALS_vs_Control"
"Q7Z7K6","CENPV",-1.46,0.000517120536867407,0.947,FALSE,"CTRL","C9ALS_vs_Control"
"Q16777;Q6FI13","HIST2H2AC",-1.2,0.00053548426269595,0.947,FALSE,"CTRL","C9ALS_vs_Control"
"P46783;Q9NQ39","RPS10",-0.895,0.000514479393342854,0.947,FALSE,"CTRL","C9ALS_vs_Control"
"Q12962","TAF10",-1.09,0.000520376267166208,0.947,FALSE,"CTRL","C9ALS_vs_Control"
"Q96NC0","ZMAT2",1.39,0.000516527175176079,0.947,FALSE,"CTRL","C9ALS_vs_Control"
"Q96DI7","SNRNP40",0.993,0.000558735813057232,0.948,FALSE,"CTRL","C9ALS_vs_Control"
"P45973","CBX5",-1.36,0.000590097098017535,0.949,FALSE,"CTRL","C9ALS_vs_Control"
"P38919","EIF4A3",0.972,0.000597646192219246,0.949,FALSE,"CTRL","C9ALS_vs_Control"
"P07355;A6NMY6","ANXA2",-4.3,0.000636334319407106,0.95,FALSE,"CTRL","C9ALS_vs_Control"
"Q8WUD4","CCDC12",2.42,0.000620811135413173,0.95,FALSE,"CTRL","C9ALS_vs_Control"
"Q7Z6Z7","HUWE1",1,0.000652633921034975,0.95,FALSE,"CTRL","C9ALS_vs_Control"
"P51991","HNRNPA3",1.51,0.000667039066497809,0.951,FALSE,"CTRL","C9ALS_vs_Control"
"O95983","MBD3",-1.33,0.000681189148389162,0.951,FALSE,"CTRL","C9ALS_vs_Control"
"P61927","RPL37",1.87,0.000661721158724687,0.951,FALSE,"CTRL","C9ALS_vs_Control"
"Q5JTH9","RRP12",-1.24,0.000665787560368913,0.951,FALSE,"CTRL","C9ALS_vs_Control"
"P10599","TXN",-1.34,0.00065709619992247,0.951,FALSE,"CTRL","C9ALS_vs_Control"
"Q06787","FMR1",1.17,0.000741047762603429,0.952,FALSE,"CTRL","C9ALS_vs_Control"
"P50148;Q14344;Q03113","GNAQ",1.52,0.000716520095581962,0.952,FALSE,"CTRL","C9ALS_vs_Control"
"Q14739","LBR",-0.916,0.000730016494363962,0.952,FALSE,"CTRL","C9ALS_vs_Control"
"Q9Y3I0","RTCB",-1.14,0.000737194113205895,0.952,FALSE,"CTRL","C9ALS_vs_Control"
"P22314","UBA1",0.86,0.000748046796201465,0.952,FALSE,"CTRL","C9ALS_vs_Control"
"P35659","DEK",-1.61,0.000787744394789578,0.953,FALSE,"CTRL","C9ALS_vs_Control"
"P62310","LSM3",1,0.000772151606112409,0.953,FALSE,"CTRL","C9ALS_vs_Control"
"P78316","NOP14",-1.86,0.000756844122372598,0.953,FALSE,"CTRL","C9ALS_vs_Control"
"O00151","PDLIM1",1.26,0.000798403594168043,0.953,FALSE,"CTRL","C9ALS_vs_Control"
"Q15428","SF3A2",1.16,0.000792389747867892,0.953,FALSE,"CTRL","C9ALS_vs_Control"
"Q5VWG9","TAF3",-1.02,0.000781506765211527,0.953,FALSE,"CTRL","C9ALS_vs_Control"
"Q9H1E3","NUCKS1",-3.28,0.000846773318107293,0.954,FALSE,"CTRL","C9ALS_vs_Control"
"O43242","PSMD3",1.49,0.000831658817785026,0.954,FALSE,"CTRL","C9ALS_vs_Control"
"Q96E39","RBMXL1",-0.972,0.000846512256171535,0.954,FALSE,"CTRL","C9ALS_vs_Control"
"P84098","RPL19",0.893,0.00081186927643851,0.954,FALSE,"CTRL","C9ALS_vs_Control"
"Q9Y2W2","WBP11",0.756,0.000805425372092005,0.954,FALSE,"CTRL","C9ALS_vs_Control"
"P41223","BUD31",1.4,0.000918729225427986,0.955,FALSE,"CTRL","C9ALS_vs_Control"
"Q9NXE8","CWC25",0.861,0.000929061809573664,0.955,FALSE,"CTRL","C9ALS_vs_Control"
"Q99729","HNRNPAB",2.34,0.000917116531812621,0.955,FALSE,"CTRL","C9ALS_vs_Control"
"Q9H9Z2","LIN28A",0.817,0.000896537852544648,0.955,FALSE,"CTRL","C9ALS_vs_Control"
"Q9Y333","LSM2",1,0.000884423705043299,0.955,FALSE,"CTRL","C9ALS_vs_Control"
"P54577","YARS",1.25,0.000876257061334438,0.955,FALSE,"CTRL","C9ALS_vs_Control"
"Q6UB99","ANKRD11",-0.799,0.000987160327695845,0.956,FALSE,"CTRL","C9ALS_vs_Control"
"Q96JM3","CHAMP1",-1.16,0.000965657102196119,0.956,FALSE,"CTRL","C9ALS_vs_Control"
"P47756","CAPZB",2.83,0.00104900628592287,0.957,FALSE,"CTRL","C9ALS_vs_Control"
"Q96G25","MED8",-1.25,0.00108326523690652,0.957,FALSE,"CTRL","C9ALS_vs_Control"
"Q8WTT2","NOC3L",-1.02,0.00106708710455064,0.957,FALSE,"CTRL","C9ALS_vs_Control"
"P43487","RANBP1",1.54,0.00106353532603065,0.957,FALSE,"CTRL","C9ALS_vs_Control"
"Q6PCB5","RSBN1L",-0.683,0.00104609851347413,0.957,FALSE,"CTRL","C9ALS_vs_Control"
"Q9UJV9","DDX41",1.5,0.0011225683300264,0.958,FALSE,"CTRL","C9ALS_vs_Control"
"O75367","H2AFY",-2.91,0.00117858788996885,0.958,FALSE,"CTRL","C9ALS_vs_Control"
"O00566","MPHOSPH10",-1.26,0.00112139200457178,0.958,FALSE,"CTRL","C9ALS_vs_Control"
"Q86W42","THOC6",0.649,0.001136886984042,0.958,FALSE,"CTRL","C9ALS_vs_Control"
"O60244","MED14",-1.08,0.00123327177130109,0.959,FALSE,"CTRL","C9ALS_vs_Control"
"Q9NVC6","MED17",-1.76,0.00120744562541516,0.959,FALSE,"CTRL","C9ALS_vs_Control"
"Q6WCQ1","MPRIP",0.756,0.00124107369093432,0.959,FALSE,"CTRL","C9ALS_vs_Control"
"Q86UE4","MTDH",-1.89,0.00119060358163947,0.959,FALSE,"CTRL","C9ALS_vs_Control"
"P49207","RPL34",0.64,0.00125800175560876,0.959,FALSE,"CTRL","C9ALS_vs_Control"
"P83881","RPL36A",1.04,0.00128671724240771,0.959,FALSE,"CTRL","C9ALS_vs_Control"
"O94875","SORBS2",2.21,0.00118892148210076,0.959,FALSE,"CTRL","C9ALS_vs_Control"
"P12956","XRCC6",-0.879,0.00124487107521366,0.959,FALSE,"CTRL","C9ALS_vs_Control"
"P59780","AP3S2",-0.902,0.00132616727914467,0.96,FALSE,"CTRL","C9ALS_vs_Control"
"Q9NWB6","ARGLU1",1.4,0.00129690702432069,0.96,FALSE,"CTRL","C9ALS_vs_Control"
"Q14204","DYNC1H1",0.769,0.0013452510726195,0.96,FALSE,"CTRL","C9ALS_vs_Control"
"Q9P0M6","H2AFY2",-1.88,0.00130754508136164,0.96,FALSE,"CTRL","C9ALS_vs_Control"
"Q9Y4L1","HYOU1",-0.742,0.00139471119963594,0.96,FALSE,"CTRL","C9ALS_vs_Control"
"P33176","KIF5B",1.88,0.00135475036181562,0.96,FALSE,"CTRL","C9ALS_vs_Control"
"Q96A72","MAGOHB",1.01,0.00129104935824822,0.96,FALSE,"CTRL","C9ALS_vs_Control"
"P53999","SUB1",-0.899,0.00136502213557935,0.96,FALSE,"CTRL","C9ALS_vs_Control"
"Q16594","TAF9",-1.21,0.00131909659252506,0.96,FALSE,"CTRL","C9ALS_vs_Control"
"Q8NE71","ABCF1",-1.09,0.00147909176689951,0.961,FALSE,"CTRL","C9ALS_vs_Control"
"P39687;O95626;O43423","ANP32A",-2.42,0.0014415950361805,0.961,FALSE,"CTRL","C9ALS_vs_Control"
"Q53F19","C17orf85",0.877,0.00148452491267095,0.961,FALSE,"CTRL","C9ALS_vs_Control"
"Q9Y4Z0","LSM4",0.898,0.00146606773599084,0.961,FALSE,"CTRL","C9ALS_vs_Control"
"P05976;P08590","MYL1",3.42,0.00142465677736813,0.961,FALSE,"CTRL","C9ALS_vs_Control"
"Q9BWJ5","SF3B5",0.887,0.00153853776242125,0.961,FALSE,"CTRL","C9ALS_vs_Control"
"O76094","SRP72",-2.27,0.00144943334588913,0.961,FALSE,"CTRL","C9ALS_vs_Control"
"O00268;Q92750","TAF4",-0.736,0.00153082976012581,0.961,FALSE,"CTRL","C9ALS_vs_Control"
"O00468","AGRN",-1.76,0.00167866725844398,0.962,FALSE,"CTRL","C9ALS_vs_Control"
"P20020;Q01814;Q16720","ATP2B1",2.07,0.00162694237676019,0.962,FALSE,"CTRL","C9ALS_vs_Control"
"Q96GQ7","DDX27",-1.44,0.00164688980939596,0.962,FALSE,"CTRL","C9ALS_vs_Control"
"O43390","HNRNPR",1.59,0.00169363444414804,0.962,FALSE,"CTRL","C9ALS_vs_Control"
"O60282;Q86Y91","KIF5C",1.23,0.00164627718832351,0.962,FALSE,"CTRL","C9ALS_vs_Control"
"Q9UK45","LSM7",1.27,0.00159210465482554,0.962,FALSE,"CTRL","C9ALS_vs_Control"
"P20340;Q53S08","RAB6A",1.34,0.00164832351921362,0.962,FALSE,"CTRL","C9ALS_vs_Control"
"P61586","RHOA",0.926,0.00159799683221124,0.962,FALSE,"CTRL","C9ALS_vs_Control"
"Q8IWZ8","SUGP1",-0.708,0.00164774714481206,0.962,FALSE,"CTRL","C9ALS_vs_Control"
"Q08554","DSC1",-2.33,0.0017817752227214,0.963,FALSE,"CTRL","C9ALS_vs_Control"
"Q12926","ELAVL2",1.19,0.00185230483669544,0.963,FALSE,"CTRL","C9ALS_vs_Control"
"Q71UI9;P0C0S5","H2AFV",-1.49,0.00183108915677217,0.963,FALSE,"CTRL","C9ALS_vs_Control"
"P52926","HMGA2",-2.44,0.00180381123536119,0.963,FALSE,"CTRL","C9ALS_vs_Control"
"Q8IXT5","RBM12B",-3.85,0.00183559899535913,0.963,FALSE,"CTRL","C9ALS_vs_Control"
"P62851","RPS25",-1.05,0.00170980551244305,0.963,FALSE,"CTRL","C9ALS_vs_Control"
"P11387;Q969P6","TOP1",0.743,0.00182213845253332,0.963,FALSE,"CTRL","C9ALS_vs_Control"
"P80723","BASP1",-1.2,0.00192127551376257,0.964,FALSE,"CTRL","C9ALS_vs_Control"
"Q13557;Q9UQM7","CAMK2D",-1.99,0.00198976030871334,0.964,FALSE,"CTRL","C9ALS_vs_Control"
"O60508","CDC40",1.23,0.0019460143985886,0.964,FALSE,"CTRL","C9ALS_vs_Control"
"Q99459","CDC5L",0.776,0.00205921911263555,0.964,FALSE,"CTRL","C9ALS_vs_Control"
"Q96QD9","FYTTD1",0.712,0.00205591277357838,0.964,FALSE,"CTRL","C9ALS_vs_Control"
"Q99879","HIST1H2BM",-0.919,0.00196617127183192,0.964,FALSE,"CTRL","C9ALS_vs_Control"
"O60264","SMARCA5",-0.589,0.00199034870227722,0.964,FALSE,"CTRL","C9ALS_vs_Control"
"P38432","COIL",1.09,0.00210095013949184,0.965,FALSE,"CTRL","C9ALS_vs_Control"
"P62861","FAU.1",-1.59,0.00223049062090914,0.965,FALSE,"CTRL","C9ALS_vs_Control"
"Q8NC51","SERBP1",-0.95,0.00214537506720463,0.965,FALSE,"CTRL","C9ALS_vs_Control"
"O75940","SMNDC1",0.96,0.00219776348502437,0.965,FALSE,"CTRL","C9ALS_vs_Control"
"P42166","TMPO",-0.702,0.00213774870301289,0.965,FALSE,"CTRL","C9ALS_vs_Control"
"Q96JP5","ZFP91",-1.16,0.00229700091716364,0.965,FALSE,"CTRL","C9ALS_vs_Control"
"O43602","DCX",1.02,0.00244796650440902,0.966,FALSE,"CTRL","C9ALS_vs_Control"
"O14979","HNRNPDL",1.58,0.00237595604089934,0.966,FALSE,"CTRL","C9ALS_vs_Control"
"P23284","PPIB",-1.34,0.0025295852626614,0.966,FALSE,"CTRL","C9ALS_vs_Control"
"Q8WWY3","PRPF31",0.942,0.00256523888369166,0.966,FALSE,"CTRL","C9ALS_vs_Control"
"Q9UKM9","RALY",0.857,0.00241592231473211,0.966,FALSE,"CTRL","C9ALS_vs_Control"
"P62910","RPL32",0.725,0.00251547594281908,0.966,FALSE,"CTRL","C9ALS_vs_Control"
"Q9H6F5","CCDC86",-1.94,0.00293242083111611,0.967,FALSE,"CTRL","C9ALS_vs_Control"
"Q14203","DCTN1",1.56,0.0026252177357218,0.967,FALSE,"CTRL","C9ALS_vs_Control"
"Q3B7J2","GFOD2",1.03,0.0027156594126071,0.967,FALSE,"CTRL","C9ALS_vs_Control"
"P31942","HNRNPH3",2.22,0.00291214514628731,0.967,FALSE,"CTRL","C9ALS_vs_Control"
"Q16352","INA",0.594,0.0026713519612507,0.967,FALSE,"CTRL","C9ALS_vs_Control"
"P35579;REV__Q9UKV3;Q8N1T3;Q9Y2K3;Q6PIF6;Q13402","MYH9",1.15,0.00263456929236876,0.967,FALSE,"CTRL","C9ALS_vs_Control"
"Q15287","RNPS1",0.785,0.00277524596897969,0.967,FALSE,"CTRL","C9ALS_vs_Control"
"P46776","RPL27A",0.704,0.0027286854726181,0.967,FALSE,"CTRL","C9ALS_vs_Control"
"Q96T23","RSF1",-1.82,0.00283668292472555,0.967,FALSE,"CTRL","C9ALS_vs_Control"
"Q2TAY7","SMU1",1.82,0.00275664346812632,0.967,FALSE,"CTRL","C9ALS_vs_Control"
"P35908","KRT2",-2.3,0.00322857789973328,0.968,FALSE,"CTRL","C9ALS_vs_Control"
"P25205","MCM3",-1.76,0.00320020561139584,0.968,FALSE,"CTRL","C9ALS_vs_Control"
"Q9P258","RCC2",-1.13,0.00312204543489114,0.968,FALSE,"CTRL","C9ALS_vs_Control"
"P08708","RPS17",-0.872,0.00309006982732199,0.968,FALSE,"CTRL","C9ALS_vs_Control"
"Q9H7N4","SCAF1",-0.738,0.00311555617406778,0.968,FALSE,"CTRL","C9ALS_vs_Control"
"P13010","XRCC5",-0.818,0.00297255370522662,0.968,FALSE,"CTRL","C9ALS_vs_Control"
"P05089","ARG1",-2,0.00356586179101268,0.969,FALSE,"CTRL","C9ALS_vs_Control"
"P12277;P06732","CKB",0.713,0.00370594058578574,0.969,FALSE,"CTRL","C9ALS_vs_Control"
"P68400;Q8NEV1","CSNK2A1",-0.643,0.00350000989595049,0.969,FALSE,"CTRL","C9ALS_vs_Control"
"P50402","EMD",0.802,0.00334297091820231,0.969,FALSE,"CTRL","C9ALS_vs_Control"
"P22626","HNRNPA2B1",1.55,0.00362291650969903,0.969,FALSE,"CTRL","C9ALS_vs_Control"
"Q12874","SF3A3",1.28,0.00371051872852517,0.969,FALSE,"CTRL","C9ALS_vs_Control"
"P08579","SNRPB2",0.696,0.00375391586060607,0.969,FALSE,"CTRL","C9ALS_vs_Control"
"P62318","SNRPD3",0.813,0.00338870876140179,0.969,FALSE,"CTRL","C9ALS_vs_Control"
"Q9Y5B9","SUPT16H",-1.99,0.00354047224759246,0.969,FALSE,"CTRL","C9ALS_vs_Control"
"Q9H0W5","CCDC8",-1.54,0.00384119005578934,0.97,FALSE,"CTRL","C9ALS_vs_Control"
"P09104","ENO2",-1.17,0.00419527277877599,0.97,FALSE,"CTRL","C9ALS_vs_Control"
"Q96A65","EXOC4",-1.04,0.00400010288353969,0.97,FALSE,"CTRL","C9ALS_vs_Control"
"Q14697","GANAB",-1.8,0.00412480398810641,0.97,FALSE,"CTRL","C9ALS_vs_Control"
"P16401","HIST1H1B",-1.09,0.00419193555905608,0.97,FALSE,"CTRL","C9ALS_vs_Control"
"P68431;Q71DI3;Q16695","HIST1H3A",-0.831,0.0038529422626936,0.97,FALSE,"CTRL","C9ALS_vs_Control"
"P46459","NSF",0.74,0.00429583136181525,0.97,FALSE,"CTRL","C9ALS_vs_Control"
"Q5JSZ5","PRRC2B",-2.75,0.00391943057131009,0.97,FALSE,"CTRL","C9ALS_vs_Control"
"P62249","RPS16",-0.788,0.00431502393689568,0.97,FALSE,"CTRL","C9ALS_vs_Control"
"Q92499","DDX1",-0.745,0.00492765619582768,0.971,FALSE,"CTRL","C9ALS_vs_Control"
"O94905","ERLIN2",1.5,0.00458590918532963,0.971,FALSE,"CTRL","C9ALS_vs_Control"
"P09429;B2RPK0","HMGB1",-1.67,0.00466557425275472,0.971,FALSE,"CTRL","C9ALS_vs_Control"
"O00479","HMGN4",-0.956,0.00474738263835405,0.971,FALSE,"CTRL","C9ALS_vs_Control"
"P19105;O14950","MYL12A",0.995,0.00501140638035044,0.971,FALSE,"CTRL","C9ALS_vs_Control"
"P08865","RPSA",-0.966,0.0046294646771737,0.971,FALSE,"CTRL","C9ALS_vs_Control"
"P78362;Q9UPE1","SRPK2",0.86,0.00464642808467217,0.971,FALSE,"CTRL","C9ALS_vs_Control"
"Q8IX01","SUGP2",-0.534,0.00452440820005148,0.971,FALSE,"CTRL","C9ALS_vs_Control"
"P63313","TMSB10",-1.94,0.00474520666724296,0.971,FALSE,"CTRL","C9ALS_vs_Control"
"P60709","ACTB",1.29,0.00532795525041214,0.972,FALSE,"CTRL","C9ALS_vs_Control"
"Q02040","AKAP17A",0.541,0.0053536011455354,0.972,FALSE,"CTRL","C9ALS_vs_Control"
"Q9NZT1","CALML5",-1.78,0.00566794493752611,0.972,FALSE,"CTRL","C9ALS_vs_Control"
"O14579","COPE",0.874,0.00539402467233461,0.972,FALSE,"CTRL","C9ALS_vs_Control"
"Q99829","CPNE1",-0.907,0.00515237153336772,0.972,FALSE,"CTRL","C9ALS_vs_Control"
"O00571;Q9NQI0","DDX3X",-0.634,0.00509956798775031,0.972,FALSE,"CTRL","C9ALS_vs_Control"
"Q03001","DST",3.19,0.00581294332670988,0.972,FALSE,"CTRL","C9ALS_vs_Control"
"P55010","EIF5",-1.4,0.00517404220518766,0.972,FALSE,"CTRL","C9ALS_vs_Control"
"P06733;P13929","ENO1",-1.43,0.00583136598292671,0.972,FALSE,"CTRL","C9ALS_vs_Control"
"Q9H4G0","EPB41L1",-1.05,0.00521245994225778,0.972,FALSE,"CTRL","C9ALS_vs_Control"
"Q9NZM5","GLTSCR2",0.97,0.00542053252472199,0.972,FALSE,"CTRL","C9ALS_vs_Control"
"Q93077;Q7L7L0;P04908","HIST1H2AC",-1.28,0.00557483606451681,0.972,FALSE,"CTRL","C9ALS_vs_Control"
"P31943","HNRNPH1",1.23,0.00528158576740534,0.972,FALSE,"CTRL","C9ALS_vs_Control"
"P02790","HPX",-3.48,0.00516363753376658,0.972,FALSE,"CTRL","C9ALS_vs_Control"
"P34932","HSPA4",0.772,0.00503345229835893,0.972,FALSE,"CTRL","C9ALS_vs_Control"
"Q12906","ILF3",0.727,0.00533137607487723,0.972,FALSE,"CTRL","C9ALS_vs_Control"
"Q07666;Q9H6N6","KHDRBS1",-0.642,0.00556026689491436,0.972,FALSE,"CTRL","C9ALS_vs_Control"
"Q6PKG0","LARP1",0.884,0.00552773333716806,0.972,FALSE,"CTRL","C9ALS_vs_Control"
"Q99873;Q9NR22","PRMT1",0.948,0.00557727564656028,0.972,FALSE,"CTRL","C9ALS_vs_Control"
"Q12824","SMARCB1",-0.73,0.00544752432381795,0.972,FALSE,"CTRL","C9ALS_vs_Control"
"O15371","EIF3D",-0.822,0.00599393594455986,0.973,FALSE,"CTRL","C9ALS_vs_Control"
"P36915","GNL1",-1.22,0.00643195875625115,0.973,FALSE,"CTRL","C9ALS_vs_Control"
"Q92769","HDAC2",-0.606,0.00608362816004126,0.973,FALSE,"CTRL","C9ALS_vs_Control"
"Q07866","KLC1",1.65,0.00642886989890601,0.973,FALSE,"CTRL","C9ALS_vs_Control"
"P04264","KRT1",-2.1,0.00650707988195749,0.973,FALSE,"CTRL","C9ALS_vs_Control"
"Q13503","MED21",0.76,0.00607819498906065,0.973,FALSE,"CTRL","C9ALS_vs_Control"
"Q9Y2X3","NOP58",-0.52,0.00658428821189104,0.973,FALSE,"CTRL","C9ALS_vs_Control"
"Q13310","PABPC4",0.882,0.0058971185849289,0.973,FALSE,"CTRL","C9ALS_vs_Control"
"O43660","PLRG1",0.76,0.0058586765710937,0.973,FALSE,"CTRL","C9ALS_vs_Control"
"P30876","POLR2B",-0.729,0.00632053237346279,0.973,FALSE,"CTRL","C9ALS_vs_Control"
"P63151;Q00005;Q9Y2T4","PPP2R2A",1.04,0.00637553839627532,0.973,FALSE,"CTRL","C9ALS_vs_Control"
"P32119","PRDX2",-1.58,0.00601593799852649,0.973,FALSE,"CTRL","C9ALS_vs_Control"
"Q9Y5S9","RBM8A",0.82,0.006435447020362,0.973,FALSE,"CTRL","C9ALS_vs_Control"
"Q9UJS0","SLC25A13",0.986,0.00660024930653382,0.973,FALSE,"CTRL","C9ALS_vs_Control"
"Q08945","SSRP1",-2.09,0.0064036104310785,0.973,FALSE,"CTRL","C9ALS_vs_Control"
"P09493","TPM1",1.16,0.00594391500483793,0.973,FALSE,"CTRL","C9ALS_vs_Control"
"Q5T4S7","UBR4",0.989,0.00585927513077516,0.973,FALSE,"CTRL","C9ALS_vs_Control"
"Q8WVS4","WDR60",-2.11,0.00651326621411889,0.973,FALSE,"CTRL","C9ALS_vs_Control"
"Q86V81","ALYREF",0.598,0.00721380614955951,0.974,FALSE,"CTRL","C9ALS_vs_Control"
"Q01484","ANK2",1.15,0.00796150808162238,0.974,FALSE,"CTRL","C9ALS_vs_Control"
"Q14444","CAPRIN1",0.788,0.00691723627496901,0.974,FALSE,"CTRL","C9ALS_vs_Control"
"Q9Y3Y2","CHTOP",0.677,0.00721475737207,0.974,FALSE,"CTRL","C9ALS_vs_Control"
"Q9BZE4","GTPBP4",1.28,0.00716107257679357,0.974,FALSE,"CTRL","C9ALS_vs_Control"
"Q96GA3","LTV1",-0.554,0.00799518855775409,0.974,FALSE,"CTRL","C9ALS_vs_Control"
"P43243","MATR3",-0.471,0.00807042054238131,0.974,FALSE,"CTRL","C9ALS_vs_Control"
"Q15648","MED1",-1.68,0.00801069991815694,0.974,FALSE,"CTRL","C9ALS_vs_Control"
"O95402","MED26",-1.64,0.00746399222773109,0.974,FALSE,"CTRL","C9ALS_vs_Control"
"Q9HCD5","NCOA5",-2.39,0.0078677208822003,0.974,FALSE,"CTRL","C9ALS_vs_Control"
"P09455","RBP1",1.58,0.00803782959014358,0.974,FALSE,"CTRL","C9ALS_vs_Control"
"P62277","RPS13",-0.531,0.00748939460161334,0.974,FALSE,"CTRL","C9ALS_vs_Control"
"P62854;Q5JNZ5","RPS26",0.529,0.00736261692656424,0.974,FALSE,"CTRL","C9ALS_vs_Control"
"Q9P2I0","CPSF2",-0.664,0.00878611477034475,0.975,FALSE,"CTRL","C9ALS_vs_Control"
"Q9UKJ3","GPATCH8",0.623,0.0088570618298168,0.975,FALSE,"CTRL","C9ALS_vs_Control"
"P62805","HIST1H4A",-0.645,0.00817412176690158,0.975,FALSE,"CTRL","C9ALS_vs_Control"
"P09651;Q32P51","HNRNPA1",1.21,0.00854902766562587,0.975,FALSE,"CTRL","C9ALS_vs_Control"
"Q12905","ILF2",0.976,0.00837435422467661,0.975,FALSE,"CTRL","C9ALS_vs_Control"
"O00567","NOP56",-0.602,0.00832260944588493,0.975,FALSE,"CTRL","C9ALS_vs_Control"
"Q06830","PRDX1",0.721,0.00884905233684644,0.975,FALSE,"CTRL","C9ALS_vs_Control"
"Q96PK6","RBM14",0.533,0.00971383633052752,0.975,FALSE,"CTRL","C9ALS_vs_Control"
"Q6UWP8","SBSN",-1.64,0.00815919521119236,0.975,FALSE,"CTRL","C9ALS_vs_Control"
"Q15459","SF3A1",0.507,0.00914128502216487,0.975,FALSE,"CTRL","C9ALS_vs_Control"
"Q13148","TARDBP",0.818,0.00852430060923804,0.975,FALSE,"CTRL","C9ALS_vs_Control"
"Q12888","TP53BP1",-0.471,0.00883260976614932,0.975,FALSE,"CTRL","C9ALS_vs_Control"
"Q9NP64","ZCCHC17",0.525,0.00898584080017349,0.975,FALSE,"CTRL","C9ALS_vs_Control"
"Q9NYV4;REV__Q05397","CDK12",-0.628,0.0113680599374066,0.976,FALSE,"CTRL","C9ALS_vs_Control"
"P23528","CFL1",0.735,0.0105198108515826,0.976,FALSE,"CTRL","C9ALS_vs_Control"
"P33240","CSTF2",-0.986,0.00981160454098269,0.976,FALSE,"CTRL","C9ALS_vs_Control"
"P61962","DCAF7",0.614,0.0103233880336107,0.976,FALSE,"CTRL","C9ALS_vs_Control"
"Q9UI10","EIF2B4",-0.614,0.0108991568916131,0.976,FALSE,"CTRL","C9ALS_vs_Control"
"Q49A26","GLYR1",-1.38,0.0101470679764816,0.976,FALSE,"CTRL","C9ALS_vs_Control"
"Q58FF8","HSP90AB2P",-1.95,0.0115928958314434,0.976,FALSE,"CTRL","C9ALS_vs_Control"
"Q9UNF1","MAGED2",-0.901,0.0105452809781584,0.976,FALSE,"CTRL","C9ALS_vs_Control"
"Q9P2K5","MYEF2",0.693,0.0101637573719615,0.976,FALSE,"CTRL","C9ALS_vs_Control"
"Q9BWF3","RBM4",0.52,0.0106600026109846,0.976,FALSE,"CTRL","C9ALS_vs_Control"
"Q9BRS2","RIOK1",-0.956,0.0114693845640595,0.976,FALSE,"CTRL","C9ALS_vs_Control"
"P26373","RPL13",0.486,0.0115383082156193,0.976,FALSE,"CTRL","C9ALS_vs_Control"
"P05388;Q8NHW5","RPLP0",0.586,0.0117856258521689,0.976,FALSE,"CTRL","C9ALS_vs_Control"
"P84103","SRSF3",1.23,0.0101729576199079,0.976,FALSE,"CTRL","C9ALS_vs_Control"
"Q13243","SRSF5",0.756,0.0115110216806779,0.976,FALSE,"CTRL","C9ALS_vs_Control"
"Q15542;O60303","TAF5",-0.62,0.0104630078362763,0.976,FALSE,"CTRL","C9ALS_vs_Control"
"Q4KMP7","TBC1D10B",-1.33,0.0112234624902366,0.976,FALSE,"CTRL","C9ALS_vs_Control"
"Q13428","TCOF1",-0.469,0.0103160707059037,0.976,FALSE,"CTRL","C9ALS_vs_Control"
"Q9BRP8","WIBG",-1.06,0.0113011472973832,0.976,FALSE,"CTRL","C9ALS_vs_Control"
"O95785","WIZ",-1.16,0.0117868162095746,0.976,FALSE,"CTRL","C9ALS_vs_Control"
"Q66PJ3","ARL6IP4",0.66,0.0122379925839372,0.977,FALSE,"CTRL","C9ALS_vs_Control"
"P04040","CAT",-1.64,0.0124734900251992,0.977,FALSE,"CTRL","C9ALS_vs_Control"
"P29373","CRABP2",1,0.0136855535472111,0.977,FALSE,"CTRL","C9ALS_vs_Control"
"Q08211","DHX9",1.08,0.012279261569902,0.977,FALSE,"CTRL","C9ALS_vs_Control"
"P26583","HMGB2",-1.28,0.0142925413782932,0.977,FALSE,"CTRL","C9ALS_vs_Control"
"P61978","HNRNPK",0.816,0.0134064220835582,0.977,FALSE,"CTRL","C9ALS_vs_Control"
"Q8WVC0","LEO1",-1.57,0.0139542935634577,0.977,FALSE,"CTRL","C9ALS_vs_Control"
"P46821","MAP1B",-0.458,0.014474351752855,0.977,FALSE,"CTRL","C9ALS_vs_Control"
"O95602","POLR1A",-0.941,0.0120792481224134,0.977,FALSE,"CTRL","C9ALS_vs_Control"
"O15355","PPM1G",-2,0.0120896046192276,0.977,FALSE,"CTRL","C9ALS_vs_Control"
"Q9UNX3","RPL26L1",-0.911,0.0122925497855802,0.977,FALSE,"CTRL","C9ALS_vs_Control"
"P62701","RPS4X",-0.532,0.0142199514638142,0.977,FALSE,"CTRL","C9ALS_vs_Control"
"Q9HBM6","TAF9B",-0.605,0.0119598471968758,0.977,FALSE,"CTRL","C9ALS_vs_Control"
"P55072","VCP",-1.37,0.0127332308113226,0.977,FALSE,"CTRL","C9ALS_vs_Control"
"Q96GY0","ZC2HC1A",-1.94,0.0139847643892247,0.977,FALSE,"CTRL","C9ALS_vs_Control"
"Q9UKV3","ACIN1",0.533,0.0160187928355848,0.978,FALSE,"CTRL","C9ALS_vs_Control"
"Q8IX12","CCAR1",-1.32,0.0167061944911708,0.978,FALSE,"CTRL","C9ALS_vs_Control"
"O95639","CPSF4",-0.487,0.016430904853591,0.978,FALSE,"CTRL","C9ALS_vs_Control"
"O15075","DCLK1",1.23,0.0180315337911691,0.978,FALSE,"CTRL","C9ALS_vs_Control"
"Q7L2E3","DHX30",0.548,0.0166328503385782,0.978,FALSE,"CTRL","C9ALS_vs_Control"
"P41091;Q2VIR3","EIF2S3",-1.16,0.0158389067702539,0.978,FALSE,"CTRL","C9ALS_vs_Control"
"O60841;Q9H2L5","EIF5B",-0.766,0.0162504957156481,0.978,FALSE,"CTRL","C9ALS_vs_Control"
"Q92616","GCN1L1",1.12,0.0159529133649711,0.978,FALSE,"CTRL","C9ALS_vs_Control"
"Q96JB3","HIC2",-0.635,0.0166709324125905,0.978,FALSE,"CTRL","C9ALS_vs_Control"
"P17096","HMGA1",-3.03,0.0157757843005553,0.978,FALSE,"CTRL","C9ALS_vs_Control"
"P61604","HSPE1",-1.94,0.0160967456626874,0.978,FALSE,"CTRL","C9ALS_vs_Control"
"Q8N1G4","LRRC47",-0.661,0.0167957022609215,0.978,FALSE,"CTRL","C9ALS_vs_Control"
"O75586","MED6",-2.79,0.0166875806786534,0.978,FALSE,"CTRL","C9ALS_vs_Control"
"P82914","MRPS15",0.844,0.017116144041597,0.978,FALSE,"CTRL","C9ALS_vs_Control"
"P07237","P4HB",-0.896,0.0149215148181186,0.978,FALSE,"CTRL","C9ALS_vs_Control"
"P29590","PML",-1.48,0.0165645137527433,0.978,FALSE,"CTRL","C9ALS_vs_Control"
"P15880","RPS2",0.448,0.0147153349443535,0.978,FALSE,"CTRL","C9ALS_vs_Control"
"O00422","SAP18",0.623,0.0168701726248504,0.978,FALSE,"CTRL","C9ALS_vs_Control"
"P51531","SMARCA2",-1.32,0.0153118654193029,0.978,FALSE,"CTRL","C9ALS_vs_Control"
"O76070","SNCG",0.868,0.0147543248801599,0.978,FALSE,"CTRL","C9ALS_vs_Control"
"P62306","SNRPF",0.557,0.0179933176289752,0.978,FALSE,"CTRL","C9ALS_vs_Control"
"Q13263","TRIM28",-0.472,0.0160734627376528,0.978,FALSE,"CTRL","C9ALS_vs_Control"
"Q96EX3","WDR34",-1.01,0.015039084725992,0.978,FALSE,"CTRL","C9ALS_vs_Control"
"O75152;A0A1B0GTU1","ZC3H11A",0.611,0.0157770611626999,0.978,FALSE,"CTRL","C9ALS_vs_Control"
"Q96MX3;Q6ZT77;P52743;O75840;Q96N95;P57682;Q9H4T2;Q15973;Q9Y4X4;Q8N859;Q8IZC7;Q8N8L2;Q13887;Q96BR6;Q13360;C9JN71;Q14584;Q9UC07;P36508;Q8NDW4;Q86XU0;Q96RE9;Q9NPC7;P16415;Q7Z7L9;Q9H7R0;Q8N972;O95125;Q2M218;P15621;Q9Y2A4;O14978;Q99676;Q9HBT7;P51814","ZNF48",-0.658,0.0162572361684293,0.978,FALSE,"CTRL","C9ALS_vs_Control"
"Q9HCG8","CWC22",0.852,0.0223786689417603,0.979,FALSE,"CTRL","C9ALS_vs_Control"
"P54198","HIRA",-0.924,0.0194244321311575,0.979,FALSE,"CTRL","C9ALS_vs_Control"
"P14866","HNRNPL",0.907,0.018976721170432,0.979,FALSE,"CTRL","C9ALS_vs_Control"
"Q9NYR9","NKIRAS2",0.577,0.0214761856951797,0.979,FALSE,"CTRL","C9ALS_vs_Control"
"P06748","NPM1",-0.568,0.0188150731984678,0.979,FALSE,"CTRL","C9ALS_vs_Control"
"Q8IZL8","PELP1",-1.04,0.0196081632794731,0.979,FALSE,"CTRL","C9ALS_vs_Control"
"Q8IWS0","PHF6",-0.554,0.0214099730027418,0.979,FALSE,"CTRL","C9ALS_vs_Control"
"A8CG34","POM121C",-1.81,0.0187072807987116,0.979,FALSE,"CTRL","C9ALS_vs_Control"
"Q92733","PRCC",0.91,0.020669927370823,0.979,FALSE,"CTRL","C9ALS_vs_Control"
"Q96I25","RBM17",-0.399,0.018899886435246,0.979,FALSE,"CTRL","C9ALS_vs_Control"
"O00193","SMAP",-1.07,0.0215942060520906,0.979,FALSE,"CTRL","C9ALS_vs_Control"
"O75643","SNRNP200",0.629,0.0185053236369493,0.979,FALSE,"CTRL","C9ALS_vs_Control"
"O75683","SURF6",0.382,0.0188873265498889,0.979,FALSE,"CTRL","C9ALS_vs_Control"
"P21675;Q8IZX4","TAF1",-0.709,0.0221303018755888,0.979,FALSE,"CTRL","C9ALS_vs_Control"
"Q9Y5U2","TSSC4",-1.01,0.0227675271181976,0.979,FALSE,"CTRL","C9ALS_vs_Control"
"Q92900","UPF1",0.895,0.0212341858845791,0.979,FALSE,"CTRL","C9ALS_vs_Control"
"P63261","ACTG1",3.93,0.0246324245522677,0.98,FALSE,"CTRL","C9ALS_vs_Control"
"P27824","CANX",-0.635,0.0268507030256151,0.98,FALSE,"CTRL","C9ALS_vs_Control"
"P52907","CAPZA1",1.07,0.0257327216896456,0.98,FALSE,"CTRL","C9ALS_vs_Control"
"Q96CT7","CCDC124",-0.942,0.0278024216394384,0.98,FALSE,"CTRL","C9ALS_vs_Control"
"Q9BUQ8","DDX23",-1.06,0.0286665374739897,0.98,FALSE,"CTRL","C9ALS_vs_Control"
"P11171","EPB41",-0.412,0.0230431582119525,0.98,FALSE,"CTRL","C9ALS_vs_Control"
"Q01844","EWSR1",-1.63,0.023566434946148,0.98,FALSE,"CTRL","C9ALS_vs_Control"
"P04899","GNAI2",0.487,0.0253984106260573,0.98,FALSE,"CTRL","C9ALS_vs_Control"
"Q9Y450","HBS1L",-1.31,0.0287165678170615,0.98,FALSE,"CTRL","C9ALS_vs_Control"
"P52272","HNRNPM",0.587,0.0268006333309082,0.98,FALSE,"CTRL","C9ALS_vs_Control"
"Q9BUJ2","HNRNPUL1",-0.335,0.0280566799247858,0.98,FALSE,"CTRL","C9ALS_vs_Control"
"P12268;P20839","IMPDH2",0.681,0.0287876305904122,0.98,FALSE,"CTRL","C9ALS_vs_Control"
"Q9NX58","LYAR",0.548,0.0237667592230016,0.98,FALSE,"CTRL","C9ALS_vs_Control"
"Q15555","MAPRE2",0.668,0.0258706099315928,0.98,FALSE,"CTRL","C9ALS_vs_Control"
"Q14165","MLEC",1.29,0.0253206567202818,0.98,FALSE,"CTRL","C9ALS_vs_Control"
"Q8N5F7;Q5M9Q1","NKAP",0.616,0.0284130579557098,0.98,FALSE,"CTRL","C9ALS_vs_Control"
"P30414","NKTR",0.512,0.0258565271633362,0.98,FALSE,"CTRL","C9ALS_vs_Control"
"P13674","P4HA1",-1.31,0.0236354225587301,0.98,FALSE,"CTRL","C9ALS_vs_Control"
"Q8WW12","PCNP",-0.751,0.0285337924543512,0.98,FALSE,"CTRL","C9ALS_vs_Control"
"P35998","PSMC2",0.703,0.0237311387114264,0.98,FALSE,"CTRL","C9ALS_vs_Control"
"P98175","RBM10",-1.87,0.0279172040319198,0.98,FALSE,"CTRL","C9ALS_vs_Control"
"P25398","RPS12",-1.58,0.0280849152765398,0.98,FALSE,"CTRL","C9ALS_vs_Control"
"O15027","SEC16A",0.985,0.0267300079294434,0.98,FALSE,"CTRL","C9ALS_vs_Control"
"Q9Y3B4","SF3B6",1.03,0.0251619615891342,0.98,FALSE,"CTRL","C9ALS_vs_Control"
"P09012","SNRPA",-0.485,0.0247847323507531,0.98,FALSE,"CTRL","C9ALS_vs_Control"
"O95793","STAU1",0.412,0.0272164902023889,0.98,FALSE,"CTRL","C9ALS_vs_Control"
"Q7Z7C8","TAF8",-0.57,0.0239990290496709,0.98,FALSE,"CTRL","C9ALS_vs_Control"
"Q15007","WTAP",0.793,0.0230169896259356,0.98,FALSE,"CTRL","C9ALS_vs_Control"
"Q9Y6Q3;Q9BS34;P17030;Q7L945;P13682;P17024;Q86T29;P17021","ZFP37",-0.645,0.0266446372911423,0.98,FALSE,"CTRL","C9ALS_vs_Control"
"Q96K17","BTF3L4",-2.26,0.0297999455015078,0.981,FALSE,"CTRL","C9ALS_vs_Control"
"Q9UK58","CCNL1",0.529,0.0385914047742185,0.981,FALSE,"CTRL","C9ALS_vs_Control"
"Q9Y6A4","CFAP20",-0.699,0.0329593640114275,0.981,FALSE,"CTRL","C9ALS_vs_Control"
"Q9GZR7","DDX24",-1.26,0.0323005243386668,0.981,FALSE,"CTRL","C9ALS_vs_Control"
"Q9H5Z1","DHX35",0.382,0.0379952208421572,0.981,FALSE,"CTRL","C9ALS_vs_Control"
"P68104;Q5VTE0;Q05639","EEF1A1",0.486,0.0355320638371531,0.981,FALSE,"CTRL","C9ALS_vs_Control"
"P47813","EIF1AX",-1.07,0.0340976042940552,0.981,FALSE,"CTRL","C9ALS_vs_Control"
"O43491","EPB41L2",0.964,0.0348725804857155,0.981,FALSE,"CTRL","C9ALS_vs_Control"
"Q13151","HNRNPA0",0.74,0.0380265656864218,0.981,FALSE,"CTRL","C9ALS_vs_Control"
"Q14103","HNRNPD",0.912,0.0299002233823584,0.981,FALSE,"CTRL","C9ALS_vs_Control"
"Q8WVV9","HNRNPLL",-1.82,0.0316385563128464,0.981,FALSE,"CTRL","C9ALS_vs_Control"
"Q5SSJ5","HP1BP3",-0.402,0.0329682028905459,0.981,FALSE,"CTRL","C9ALS_vs_Control"
"P11137","MAP2",0.521,0.0300149546690181,0.981,FALSE,"CTRL","C9ALS_vs_Control"
"Q15773","MLF2",0.774,0.0343213815367833,0.981,FALSE,"CTRL","C9ALS_vs_Control"
"E9PAV3;Q13765","NACA",-1.05,0.035000468200676,0.981,FALSE,"CTRL","C9ALS_vs_Control"
"Q9H0A0","NAT10",0.484,0.0302611434484095,0.981,FALSE,"CTRL","C9ALS_vs_Control"
"P52298;A6PVI3","NCBP2",0.975,0.0377435120305646,0.981,FALSE,"CTRL","C9ALS_vs_Control"
"Q9UBC0;O60422;O95948","ONECUT1",0.368,0.0359440157361697,0.981,FALSE,"CTRL","C9ALS_vs_Control"
"P22234","PAICS",0.736,0.0354730523139799,0.981,FALSE,"CTRL","C9ALS_vs_Control"
"Q15366;P57721","PCBP2",0.649,0.0355442894694859,0.981,FALSE,"CTRL","C9ALS_vs_Control"
"P22061","PCMT1",-0.678,0.0378557883475494,0.981,FALSE,"CTRL","C9ALS_vs_Control"
"P78527","PRKDC",0.367,0.0378770842598658,0.981,FALSE,"CTRL","C9ALS_vs_Control"
"P35268","RPL22",-0.406,0.0328963892449792,0.981,FALSE,"CTRL","C9ALS_vs_Control"
"P60866","RPS20",-0.618,0.0369234606185409,0.981,FALSE,"CTRL","C9ALS_vs_Control"
"P23396","RPS3",0.375,0.0312253724051685,0.981,FALSE,"CTRL","C9ALS_vs_Control"
"P46782","RPS5",-0.766,0.0332501401124643,0.981,FALSE,"CTRL","C9ALS_vs_Control"
"P23246","SFPQ",-0.913,0.0339308109665435,0.981,FALSE,"CTRL","C9ALS_vs_Control"
"Q00325","SLC25A3",1.88,0.0358869019717843,0.981,FALSE,"CTRL","C9ALS_vs_Control"
"P28370","SMARCA1",-1.31,0.0353571325512703,0.981,FALSE,"CTRL","C9ALS_vs_Control"
"P16949;Q9H169;REV__P36956;Q9NZ72","STMN1",-0.967,0.0304560160802251,0.981,FALSE,"CTRL","C9ALS_vs_Control"
"P49848","TAF6",-0.462,0.0371895176641504,0.981,FALSE,"CTRL","C9ALS_vs_Control"
"Q13769","THOC5",0.389,0.0371260253394669,0.981,FALSE,"CTRL","C9ALS_vs_Control"
"P36542","ATP5C1",-0.4,0.044482464698496,0.982,FALSE,"CTRL","C9ALS_vs_Control"
"P17677","GAP43",-2.34,0.0501334366597462,0.982,FALSE,"CTRL","C9ALS_vs_Control"
"P62873","GNB1",0.62,0.0516685094632562,0.982,FALSE,"CTRL","C9ALS_vs_Control"
"P09211","GSTP1",-0.449,0.049970421676059,0.982,FALSE,"CTRL","C9ALS_vs_Control"
"Q9UGU5","HMGXB4",-0.878,0.0453565219033148,0.982,FALSE,"CTRL","C9ALS_vs_Control"
"P07910;O60812;B2RXH8;P0DMR1;B7ZW38","HNRNPC",0.368,0.0486787298918477,0.982,FALSE,"CTRL","C9ALS_vs_Control"
"Q1KMD3","HNRNPUL2",0.67,0.0488548270454746,0.982,FALSE,"CTRL","C9ALS_vs_Control"
"P10809","HSPD1",-1.87,0.0446904557905156,0.982,FALSE,"CTRL","C9ALS_vs_Control"
"P01876;P01877","IGHA1",-0.697,0.0472849414008887,0.982,FALSE,"CTRL","C9ALS_vs_Control"
"Q9UMY1","NOL7",-0.782,0.0441567790495846,0.982,FALSE,"CTRL","C9ALS_vs_Control"
"Q8TEM1","NUP210",-0.486,0.048952101656238,0.982,FALSE,"CTRL","C9ALS_vs_Control"
"O43175","PHGDH",0.486,0.0445016765247976,0.982,FALSE,"CTRL","C9ALS_vs_Control"
"Q8NAV1","PRPF38A",0.44,0.0411774190318086,0.982,FALSE,"CTRL","C9ALS_vs_Control"
"Q9NP72","RAB18",0.632,0.0461627875817735,0.982,FALSE,"CTRL","C9ALS_vs_Control"
"Q16576","RBBP7",-0.619,0.0506848201850235,0.982,FALSE,"CTRL","C9ALS_vs_Control"
"P62888","RPL30",0.547,0.0430030037571518,0.982,FALSE,"CTRL","C9ALS_vs_Control"
"Q13435","SF3B2",0.369,0.0413215597048925,0.982,FALSE,"CTRL","C9ALS_vs_Control"
"Q9UBB9","TFIP11",0.646,0.0411496789660222,0.982,FALSE,"CTRL","C9ALS_vs_Control"
"Q96J01","THOC3",-0.547,0.0393308211225813,0.982,FALSE,"CTRL","C9ALS_vs_Control"
"O14949","UQCRQ",-0.613,0.0410086357442828,0.982,FALSE,"CTRL","C9ALS_vs_Control"
"Q14694","USP10",0.443,0.0439846940280368,0.982,FALSE,"CTRL","C9ALS_vs_Control"
"Q8NAF0","ZNF579",-0.787,0.0515084426439324,0.982,FALSE,"CTRL","C9ALS_vs_Control"
"O00203","AP3B1",-0.541,0.0694300446916365,0.983,FALSE,"CTRL","C9ALS_vs_Control"
"P16615;O14983;Q93084","ATP2A2",0.402,0.0685646366365694,0.983,FALSE,"CTRL","C9ALS_vs_Control"
"P25705","ATP5A1",-0.283,0.0646293728446709,0.983,FALSE,"CTRL","C9ALS_vs_Control"
"P40227;Q92526","CCT6A",-0.754,0.0543308360140383,0.983,FALSE,"CTRL","C9ALS_vs_Control"
"Q99832","CCT7",-1.56,0.065068230314261,0.983,FALSE,"CTRL","C9ALS_vs_Control"
"P50990","CCT8",-1.96,0.05733830663864,0.983,FALSE,"CTRL","C9ALS_vs_Control"
"Q14004","CDK13",-1.23,0.0701333303655122,0.983,FALSE,"CTRL","C9ALS_vs_Control"
"P81605","DCD",-1.18,0.0663259631225526,0.983,FALSE,"CTRL","C9ALS_vs_Control"
"P17844","DDX5",0.392,0.0523385566641534,0.983,FALSE,"CTRL","C9ALS_vs_Control"
"P16403","HIST1H1C",-1.35,0.0557085390384949,0.983,FALSE,"CTRL","C9ALS_vs_Control"
"P10412","HIST1H1E",-0.811,0.060916214614009,0.983,FALSE,"CTRL","C9ALS_vs_Control"
"P11142;P54652","HSPA8",0.523,0.0521937572135842,0.983,FALSE,"CTRL","C9ALS_vs_Control"
"P33993","MCM7",-0.792,0.0697853211176331,0.983,FALSE,"CTRL","C9ALS_vs_Control"
"P21741","MDK",-0.701,0.0636578106750116,0.983,FALSE,"CTRL","C9ALS_vs_Control"
"Q15233;Q6Y7W6","NONO",-0.764,0.0640069089729895,0.983,FALSE,"CTRL","C9ALS_vs_Control"
"O75381","PEX14",-0.347,0.0551516998322558,0.983,FALSE,"CTRL","C9ALS_vs_Control"
"Q9P1Y6","PHRF1",-0.294,0.0557297564705235,0.983,FALSE,"CTRL","C9ALS_vs_Control"
"Q86X10","RALGAPB",0.411,0.0565327776531762,0.983,FALSE,"CTRL","C9ALS_vs_Control"
"P63173","RPL38",-1.53,0.0546956693367932,0.983,FALSE,"CTRL","C9ALS_vs_Control"
"P05387","RPLP2",0.531,0.0614790025228587,0.983,FALSE,"CTRL","C9ALS_vs_Control"
"P62244","RPS15A",0.348,0.0684618923288344,0.983,FALSE,"CTRL","C9ALS_vs_Control"
"Q9Y265","RUVBL1",0.418,0.0673199516792349,0.983,FALSE,"CTRL","C9ALS_vs_Control"
"Q9UPN6","SCAF8",-0.552,0.0631191556301651,0.983,FALSE,"CTRL","C9ALS_vs_Control"
"P50454","SERPINH1",-0.32,0.0523948706699249,0.983,FALSE,"CTRL","C9ALS_vs_Control"
"P12236","SLC25A6",-1.57,0.0597797012744094,0.983,FALSE,"CTRL","C9ALS_vs_Control"
"A7MD48","SRRM4",0.367,0.0676252380396611,0.983,FALSE,"CTRL","C9ALS_vs_Control"
"Q16629","SRSF7",0.678,0.0610026116644648,0.983,FALSE,"CTRL","C9ALS_vs_Control"
"Q9BRL6","SRSF8",0.712,0.062914267869326,0.983,FALSE,"CTRL","C9ALS_vs_Control"
"O15260","SURF4",-0.63,0.060437681143945,0.983,FALSE,"CTRL","C9ALS_vs_Control"
"P63104","YWHAZ",-0.42,0.0596420581153341,0.983,FALSE,"CTRL","C9ALS_vs_Control"
"Q86VM9","ZC3H18",-1.58,0.0526127731026903,0.983,FALSE,"CTRL","C9ALS_vs_Control"
"Q8IUX7;Q8N436","AEBP1",0.963,0.0769004409477226,0.984,FALSE,"CTRL","C9ALS_vs_Control"
"Q92747","ARPC1A",2.06,0.0984771727450175,0.984,FALSE,"CTRL","C9ALS_vs_Control"
"P06576","ATP5B",-0.43,0.0861925412933964,0.984,FALSE,"CTRL","C9ALS_vs_Control"
"O75909","CCNK",-0.434,0.0738196209117674,0.984,FALSE,"CTRL","C9ALS_vs_Control"
"P78371","CCT2",-1.03,0.0786870321753563,0.984,FALSE,"CTRL","C9ALS_vs_Control"
"Q07065;Q96K21","CKAP4",-0.362,0.0961060111791245,0.984,FALSE,"CTRL","C9ALS_vs_Control"
"P49711","CTCF",-0.36,0.0750436391900966,0.984,FALSE,"CTRL","C9ALS_vs_Control"
"Q9NY93","DDX56",-0.576,0.0826475307917514,0.984,FALSE,"CTRL","C9ALS_vs_Control"
"Q9BPU6","DPYSL5",0.433,0.0885623090762087,0.984,FALSE,"CTRL","C9ALS_vs_Control"
"Q13347","EIF3I",-0.671,0.0913272139237911,0.984,FALSE,"CTRL","C9ALS_vs_Control"
"P60842","EIF4A1",-0.391,0.0747991209776943,0.984,FALSE,"CTRL","C9ALS_vs_Control"
"Q9Y2J2","EPB41L3",-1.39,0.0867313513847846,0.984,FALSE,"CTRL","C9ALS_vs_Control"
"Q5T3I0","GPATCH4",0.363,0.0897917670260768,0.984,FALSE,"CTRL","C9ALS_vs_Control"
"P07900;Q14568;Q58FG0;Q58FG1","HSP90AA1",-0.431,0.0915773584020251,0.984,FALSE,"CTRL","C9ALS_vs_Control"
"P14625;Q58FF3","HSP90B1",-1.14,0.0810511687186326,0.984,FALSE,"CTRL","C9ALS_vs_Control"
"Q1ED39","KNOP1",0.4,0.0761564107513572,0.984,FALSE,"CTRL","C9ALS_vs_Control"
"Q9Y383","LUC7L2",0.598,0.0895798231019713,0.984,FALSE,"CTRL","C9ALS_vs_Control"
"Q15365","PCBP1",0.388,0.0783334643163453,0.984,FALSE,"CTRL","C9ALS_vs_Control"
"P30101","PDIA3",-0.48,0.100056678321313,0.984,FALSE,"CTRL","C9ALS_vs_Control"
"P50542","PEX5",0.356,0.0937807440433091,0.984,FALSE,"CTRL","C9ALS_vs_Control"
"Q9H307","PNN",0.292,0.0786979952581633,0.984,FALSE,"CTRL","C9ALS_vs_Control"
"Q99575","POP1",0.39,0.0858052068943051,0.984,FALSE,"CTRL","C9ALS_vs_Control"
"Q3YEC7","RABL6",-0.271,0.09927757674363,0.984,FALSE,"CTRL","C9ALS_vs_Control"
"Q5UIP0","RIF1",-1.02,0.0989462153883168,0.984,FALSE,"CTRL","C9ALS_vs_Control"
"P61313","RPL15",-0.349,0.0883073391500638,0.984,FALSE,"CTRL","C9ALS_vs_Control"
"P46778","RPL21",-0.461,0.0738561551246914,0.984,FALSE,"CTRL","C9ALS_vs_Control"
"P18077","RPL35A",0.702,0.0898231813986888,0.984,FALSE,"CTRL","C9ALS_vs_Control"
"P61513;A6NKH3","RPL37A",-0.38,0.0824201005030402,0.984,FALSE,"CTRL","C9ALS_vs_Control"
"P62857","RPS28",-0.434,0.0725473854973232,0.984,FALSE,"CTRL","C9ALS_vs_Control"
"Q9Y230","RUVBL2",0.347,0.0768166041908194,0.984,FALSE,"CTRL","C9ALS_vs_Control"
"O95104","SCAF4",-0.452,0.0874873807455271,0.984,FALSE,"CTRL","C9ALS_vs_Control"
"P29508","SERPINB3",-1.56,0.0886542414170481,0.984,FALSE,"CTRL","C9ALS_vs_Control"
"Q12872","SFSWAP",0.35,0.0828844823177912,0.984,FALSE,"CTRL","C9ALS_vs_Control"
"P63162;P14678","SNRPN",0.451,0.0867079238286957,0.984,FALSE,"CTRL","C9ALS_vs_Control"
"Q8NI27","THOC2",-0.91,0.0821306844675434,0.984,FALSE,"CTRL","C9ALS_vs_Control"
"Q53GS9","USP39",0.733,0.073797910750751,0.984,FALSE,"CTRL","C9ALS_vs_Control"
"Q9UPT8","ZC3H4",-0.338,0.082634358958334,0.984,FALSE,"CTRL","C9ALS_vs_Control"
"Q7Z2W4","ZC3HAV1",-1.11,0.0812407390976409,0.984,FALSE,"CTRL","C9ALS_vs_Control"
"Q9H5H4;Q96SL8","ZNF768",-0.406,0.0859669871457334,0.984,FALSE,"CTRL","C9ALS_vs_Control"
"Q15696;Q15695","ZRSR2",0.573,0.0917245523699006,0.984,FALSE,"CTRL","C9ALS_vs_Control"
"Q99700","ATXN2",-0.324,0.118555109793749,0.985,FALSE,"CTRL","C9ALS_vs_Control"
"P48643","CCT5",-0.714,0.108167931740409,0.985,FALSE,"CTRL","C9ALS_vs_Control"
"Q00535","CDK5",-0.675,0.106236608139898,0.985,FALSE,"CTRL","C9ALS_vs_Control"
"Q9UMR2;Q9NUU7","DDX19B",-0.961,0.122882866676287,0.985,FALSE,"CTRL","C9ALS_vs_Control"
"O43143","DHX15",0.427,0.129454642234506,0.985,FALSE,"CTRL","C9ALS_vs_Control"
"P16402","HIST1H1D",-0.983,0.131782088887011,0.985,FALSE,"CTRL","C9ALS_vs_Control"
"P52597","HNRNPF",1.08,0.129105470974692,0.985,FALSE,"CTRL","C9ALS_vs_Control"
"P38646","HSPA9",0.279,0.114677001243438,0.985,FALSE,"CTRL","C9ALS_vs_Control"
"O43719","HTATSF1",-0.354,0.101279769445122,0.985,FALSE,"CTRL","C9ALS_vs_Control"
"A2NJV5;A0A0A0MRZ7;A0A075B6S2;A0A075B6S6;A0A075B6P5;A0A087WW87;P06310;P01615;P01614;A0A0C4DH68","IGKV A18",-0.703,0.102217241577261,0.985,FALSE,"CTRL","C9ALS_vs_Control"
"Q3KQU3","MAP7D1",-0.306,0.123184964582664,0.985,FALSE,"CTRL","C9ALS_vs_Control"
"Q99733","NAP1L4",-0.306,0.139648606463832,0.985,FALSE,"CTRL","C9ALS_vs_Control"
"Q9NPE3","NOP10",-0.451,0.104326790235624,0.985,FALSE,"CTRL","C9ALS_vs_Control"
"Q9H7Z3","NRDE2",-0.22,0.129622930258161,0.985,FALSE,"CTRL","C9ALS_vs_Control"
"Q9H0G5","NSRP1",-0.38,0.137934596466786,0.985,FALSE,"CTRL","C9ALS_vs_Control"
"P35658","NUP214",0.634,0.125812111054761,0.985,FALSE,"CTRL","C9ALS_vs_Control"
"Q9Y5B6","PAXBP1",0.356,0.132129317632311,0.985,FALSE,"CTRL","C9ALS_vs_Control"
"Q13427","PPIG",0.336,0.125909082866943,0.985,FALSE,"CTRL","C9ALS_vs_Control"
"O14744","PRMT5",-0.492,0.110338972180151,0.985,FALSE,"CTRL","C9ALS_vs_Control"
"Q9Y520","PRRC2C",-0.851,0.119405909098424,0.985,FALSE,"CTRL","C9ALS_vs_Control"
"P17980","PSMC3",-0.486,0.134780984279812,0.985,FALSE,"CTRL","C9ALS_vs_Control"
"Q9UHX1","PUF60",0.473,0.124045459729147,0.985,FALSE,"CTRL","C9ALS_vs_Control"
"P47914","RPL29",-0.27,0.143002162111381,0.985,FALSE,"CTRL","C9ALS_vs_Control"
"P61247","RPS3A",-0.309,0.124094266036804,0.985,FALSE,"CTRL","C9ALS_vs_Control"
"P62753","RPS6",-0.254,0.12916510838851,0.985,FALSE,"CTRL","C9ALS_vs_Control"
"Q9P2E9;REV__Q9P2M7","RRBP1",-1.62,0.136003583486428,0.985,FALSE,"CTRL","C9ALS_vs_Control"
"Q14684","RRP1B",-0.317,0.121282920822352,0.985,FALSE,"CTRL","C9ALS_vs_Control"
"Q8TAD8","SNIP1",-0.262,0.108149922013813,0.985,FALSE,"CTRL","C9ALS_vs_Control"
"P62314","SNRPD1",0.482,0.110558557048277,0.985,FALSE,"CTRL","C9ALS_vs_Control"
"P62316","SNRPD2",0.388,0.121485048303373,0.985,FALSE,"CTRL","C9ALS_vs_Control"
"Q96T58","SPEN",0.41,0.104246402297678,0.985,FALSE,"CTRL","C9ALS_vs_Control"
"Q07955","SRSF1",0.595,0.126609219738284,0.985,FALSE,"CTRL","C9ALS_vs_Control"
"O75494","SRSF10",0.565,0.122832552354912,0.985,FALSE,"CTRL","C9ALS_vs_Control"
"P50502;Q8IZP2;Q8NFI4","ST13",-0.581,0.114156144555625,0.985,FALSE,"CTRL","C9ALS_vs_Control"
"Q07157","TJP1",-0.79,0.125109387679251,0.985,FALSE,"CTRL","C9ALS_vs_Control"
"Q13595","TRA2A",0.397,0.107390125744625,0.985,FALSE,"CTRL","C9ALS_vs_Control"
"Q9BQE3","TUBA1C",-1.43,0.135193392839616,0.985,FALSE,"CTRL","C9ALS_vs_Control"
"Q99536","VAT1",0.677,0.137042325026265,0.985,FALSE,"CTRL","C9ALS_vs_Control"
"Q6UXN9","WDR82",-0.37,0.110567806742514,0.985,FALSE,"CTRL","C9ALS_vs_Control"
"P61129","ZC3H6",-0.313,0.129301635241821,0.985,FALSE,"CTRL","C9ALS_vs_Control"
"Q96ME7","ZNF512",-0.405,0.138937512128274,0.985,FALSE,"CTRL","C9ALS_vs_Control"
"P23526","AHCY",0.718,0.166166698083124,0.986,FALSE,"CTRL","C9ALS_vs_Control"
"Q9NPI1","BRD7",-0.367,0.167849353357779,0.986,FALSE,"CTRL","C9ALS_vs_Control"
"P47755","CAPZA2",0.632,0.200838642883007,0.986,FALSE,"CTRL","C9ALS_vs_Control"
"P50991","CCT4",-0.298,0.167691485318772,0.986,FALSE,"CTRL","C9ALS_vs_Control"
"P21127;Q9UQ88;Q13882","CDK11B",-0.212,0.147198320651324,0.986,FALSE,"CTRL","C9ALS_vs_Control"
"Q8IWX8","CHERP",-0.243,0.175309658515807,0.986,FALSE,"CTRL","C9ALS_vs_Control"
"Q8N684","CPSF7",-0.273,0.161698661235514,0.986,FALSE,"CTRL","C9ALS_vs_Control"
"P29762","CRABP1",0.497,0.158037440737388,0.986,FALSE,"CTRL","C9ALS_vs_Control"
"Q92841","DDX17",0.398,0.153713972220936,0.986,FALSE,"CTRL","C9ALS_vs_Control"
"Q9BQ39","DDX50",-0.195,0.165241110983574,0.986,FALSE,"CTRL","C9ALS_vs_Control"
"Q8TDD1","DDX54",0.756,0.184788436965145,0.986,FALSE,"CTRL","C9ALS_vs_Control"
"Q8WXX5","DNAJC9",0.326,0.209693694829487,0.986,FALSE,"CTRL","C9ALS_vs_Control"
"Q9Y285","FARSA",-0.361,0.158830013619428,0.986,FALSE,"CTRL","C9ALS_vs_Control"
"Q12849","GRSF1",0.594,0.194447316507008,0.986,FALSE,"CTRL","C9ALS_vs_Control"
"P11021","HSPA5",0.297,0.187625994239002,0.986,FALSE,"CTRL","C9ALS_vs_Control"
"P48735","IDH2",-0.293,0.184583944698727,0.986,FALSE,"CTRL","C9ALS_vs_Control"
"A0A075B6R9","IGKV2D-24",-0.486,0.195677944137345,0.986,FALSE,"CTRL","C9ALS_vs_Control"
"Q7Z4S6","KIF21A",-0.724,0.166447876156104,0.986,FALSE,"CTRL","C9ALS_vs_Control"
"Q9NPJ6","MED4",0.599,0.199262728558524,0.986,FALSE,"CTRL","C9ALS_vs_Control"
"Q13330","MTA1",-0.303,0.194751330543159,0.986,FALSE,"CTRL","C9ALS_vs_Control"
"Q9NTK5","OLA1",-0.56,0.205106390516373,0.986,FALSE,"CTRL","C9ALS_vs_Control"
"P11940;Q9H361;Q4VXU2","PABPC1",0.326,0.15437069148137,0.986,FALSE,"CTRL","C9ALS_vs_Control"
"O95394","PGM3",0.264,0.162201233503608,0.986,FALSE,"CTRL","C9ALS_vs_Control"
"P35232","PHB",-0.253,0.196124200758342,0.986,FALSE,"CTRL","C9ALS_vs_Control"
"Q7RTV0","PHF5A",-0.253,0.187651496734412,0.986,FALSE,"CTRL","C9ALS_vs_Control"
"Q13526","PIN1",-0.374,0.199065544095919,0.986,FALSE,"CTRL","C9ALS_vs_Control"
"Q9H2H8","PPIL3",-0.703,0.145041756281843,0.986,FALSE,"CTRL","C9ALS_vs_Control"
"Q5VTL8","PRPF38B",0.398,0.14559382322564,0.986,FALSE,"CTRL","C9ALS_vs_Control"
"P26599","PTBP1",0.944,0.206608984505212,0.986,FALSE,"CTRL","C9ALS_vs_Control"
"P61026","RAB10",0.384,0.199620478452059,0.986,FALSE,"CTRL","C9ALS_vs_Control"
"Q2PPJ7","RALGAPA2",-0.3,0.148418995803721,0.986,FALSE,"CTRL","C9ALS_vs_Control"
"P40429;Q6NVV1","RPL13A",-0.195,0.209615004779631,0.986,FALSE,"CTRL","C9ALS_vs_Control"
"P61254","RPL26",-0.456,0.146664689696786,0.986,FALSE,"CTRL","C9ALS_vs_Control"
"P61353","RPL27",0.26,0.178692029607223,0.986,FALSE,"CTRL","C9ALS_vs_Control"
"P62280","RPS11",0.299,0.208121128008526,0.986,FALSE,"CTRL","C9ALS_vs_Control"
"P62847","RPS24",-0.229,0.173618710808028,0.986,FALSE,"CTRL","C9ALS_vs_Control"
"Q15020","SART3",-0.297,0.16220176555613,0.986,FALSE,"CTRL","C9ALS_vs_Control"
"Q15427","SF3B4",-0.243,0.167868667477833,0.986,FALSE,"CTRL","C9ALS_vs_Control"
"P09234","SNRPC",-0.37,0.213508062630459,0.986,FALSE,"CTRL","C9ALS_vs_Control"
"P62308;A8MWD9","SNRPG",0.327,0.19452950628398,0.986,FALSE,"CTRL","C9ALS_vs_Control"
"Q13242","SRSF9",0.657,0.148228044507849,0.986,FALSE,"CTRL","C9ALS_vs_Control"
"P62995","TRA2B",0.344,0.208245624938567,0.986,FALSE,"CTRL","C9ALS_vs_Control"
"P0DN76;Q01081;Q8WU68","U2AF1",0.386,0.179692033144289,0.986,FALSE,"CTRL","C9ALS_vs_Control"
"Q9ULK5","VANGL2",-0.445,0.155347006214381,0.986,FALSE,"CTRL","C9ALS_vs_Control"
"P26640","VARS",-0.453,0.147656384649374,0.986,FALSE,"CTRL","C9ALS_vs_Control"
"Q9BQA1","WDR77",-0.338,0.194879550904651,0.986,FALSE,"CTRL","C9ALS_vs_Control"
"Q9NUD5","ZCCHC3",0.312,0.145205843993515,0.986,FALSE,"CTRL","C9ALS_vs_Control"
"Q8NB50;Q96NL3;Q9H963;Q8N782;Q8NCK3;Q9Y5A6;Q6ZN06;A6NDX5;Q86XN6","ZFP62",-0.447,0.181932671026188,0.986,FALSE,"CTRL","C9ALS_vs_Control"
"O96019","ACTL6A",-0.273,0.254517989196732,0.987,FALSE,"CTRL","C9ALS_vs_Control"
"P35611","ADD1",-0.328,0.321701058074283,0.987,FALSE,"CTRL","C9ALS_vs_Control"
"O95782","AP2A1",-0.296,0.223333979451298,0.987,FALSE,"CTRL","C9ALS_vs_Control"
"Q13367","AP3B2",-0.246,0.227624040269858,0.987,FALSE,"CTRL","C9ALS_vs_Control"
"O14617","AP3D1",-0.197,0.249994912948998,0.987,FALSE,"CTRL","C9ALS_vs_Control"
"Q68CP9","ARID2",-0.28,0.280189596450609,0.987,FALSE,"CTRL","C9ALS_vs_Control"
"Q9NVI7","ATAD3A",0.243,0.273024514676167,0.987,FALSE,"CTRL","C9ALS_vs_Control"
"Q9UIF8","BAZ2B",-0.368,0.223662038586406,0.987,FALSE,"CTRL","C9ALS_vs_Control"
"P49368","CCT3",-0.239,0.299482333042992,0.987,FALSE,"CTRL","C9ALS_vs_Control"
"Q00610;P53675","CLTC",-0.668,0.310295093052162,0.987,FALSE,"CTRL","C9ALS_vs_Control"
"P53621","COPA",0.2,0.254477908619092,0.987,FALSE,"CTRL","C9ALS_vs_Control"
"P35221;Q9UI47","CTNNA1",-0.642,0.279535813155514,0.987,FALSE,"CTRL","C9ALS_vs_Control"
"Q9NR30","DDX21",0.43,0.304775690157612,0.987,FALSE,"CTRL","C9ALS_vs_Control"
"O60832","DKC1",-0.209,0.248546888995616,0.987,FALSE,"CTRL","C9ALS_vs_Control"
"Q9Y6G9","DYNC1LI1",-0.376,0.276509958611447,0.987,FALSE,"CTRL","C9ALS_vs_Control"
"Q9NV70","EXOC1",-0.351,0.307237548531755,0.987,FALSE,"CTRL","C9ALS_vs_Control"
"P22087","FBL",-0.175,0.260203682248159,0.987,FALSE,"CTRL","C9ALS_vs_Control"
"Q96PY5;Q8IVF7","FMNL2",-0.512,0.227181582430016,0.987,FALSE,"CTRL","C9ALS_vs_Control"
"Q9BVP2","GNL3",-0.239,0.271003910492367,0.987,FALSE,"CTRL","C9ALS_vs_Control"
"Q92945","KHSRP",-0.137,0.311411485930897,0.987,FALSE,"CTRL","C9ALS_vs_Control"
"O00505","KPNA3",-0.396,0.292996336739144,0.987,FALSE,"CTRL","C9ALS_vs_Control"
"P07195","LDHB",-1.07,0.220932126733042,0.987,FALSE,"CTRL","C9ALS_vs_Control"
"P20700","LMNB1",0.374,0.269428597100937,0.987,FALSE,"CTRL","C9ALS_vs_Control"
"Q3MHD2","LSM12",0.243,0.257053908486849,0.987,FALSE,"CTRL","C9ALS_vs_Control"
"Q9NQ29","LUC7L",-0.273,0.230138937538804,0.987,FALSE,"CTRL","C9ALS_vs_Control"
"O95819","MAP4K4",0.2,0.309050667455635,0.987,FALSE,"CTRL","C9ALS_vs_Control"
"Q96JE9","MAP6",-0.554,0.240368808135526,0.987,FALSE,"CTRL","C9ALS_vs_Control"
"P55081;Q00653","MFAP1",0.211,0.322926269088359,0.987,FALSE,"CTRL","C9ALS_vs_Control"
"Q7Z406","MYH14",-0.436,0.252156054340945,0.987,FALSE,"CTRL","C9ALS_vs_Control"
"Q96HS1","PGAM5",-0.18,0.26028285281892,0.987,FALSE,"CTRL","C9ALS_vs_Control"
"P14618;P30613","PKM",-0.282,0.236141665091843,0.987,FALSE,"CTRL","C9ALS_vs_Control"
"P40967","PMEL",0.242,0.220136471513438,0.987,FALSE,"CTRL","C9ALS_vs_Control"
"Q9BY77","POLDIP3",-0.235,0.258598289221224,0.987,FALSE,"CTRL","C9ALS_vs_Control"
"P62937;P0DN26;A0A0B4J2A2;A0A075B767;A0A075B759;Q9Y536;F5H284;P0DN37","PPIA",-0.36,0.317040295411137,0.987,FALSE,"CTRL","C9ALS_vs_Control"
"P62136","PPP1CA",-0.384,0.251786208399074,0.987,FALSE,"CTRL","C9ALS_vs_Control"
"Q9UKA9","PTBP2",-0.337,0.218281759744245,0.987,FALSE,"CTRL","C9ALS_vs_Control"
"Q6GYQ0","RALGAPA1",0.167,0.238414531052265,0.987,FALSE,"CTRL","C9ALS_vs_Control"
"Q14257","RCN2",-0.663,0.224777816068071,0.987,FALSE,"CTRL","C9ALS_vs_Control"
"Q9BWE0","REPIN1",0.247,0.233614911270941,0.987,FALSE,"CTRL","C9ALS_vs_Control"
"Q9Y3U8","RPL36",-0.182,0.262852474044843,0.987,FALSE,"CTRL","C9ALS_vs_Control"
"P36578","RPL4",-0.158,0.286096727185964,0.987,FALSE,"CTRL","C9ALS_vs_Control"
"P62917","RPL8",-0.281,0.227037776623783,0.987,FALSE,"CTRL","C9ALS_vs_Control"
"P62081","RPS7",-0.201,0.261908841037254,0.987,FALSE,"CTRL","C9ALS_vs_Control"
"Q96IZ7","RSRC1",0.231,0.267771618462527,0.987,FALSE,"CTRL","C9ALS_vs_Control"
"Q9UHR5","SAP30BP",-0.168,0.244232697007044,0.987,FALSE,"CTRL","C9ALS_vs_Control"
"P49591","SARS",-0.464,0.272308973977119,0.987,FALSE,"CTRL","C9ALS_vs_Control"
"P42285","SKIV2L2",-0.312,0.319138840766665,0.987,FALSE,"CTRL","C9ALS_vs_Control"
"Q8TAQ2","SMARCC2",-0.28,0.256021975030396,0.987,FALSE,"CTRL","C9ALS_vs_Control"
"P08621","SNRNP70",0.308,0.275755164006337,0.987,FALSE,"CTRL","C9ALS_vs_Control"
"Q01082","SPTBN1",0.641,0.300465524423833,0.987,FALSE,"CTRL","C9ALS_vs_Control"
"Q01130","SRSF2",0.231,0.29204976386367,0.987,FALSE,"CTRL","C9ALS_vs_Control"
"Q08170","SRSF4",0.33,0.290050817654783,0.987,FALSE,"CTRL","C9ALS_vs_Control"
"O60506","SYNCRIP",0.214,0.297417819787843,0.987,FALSE,"CTRL","C9ALS_vs_Control"
"Q6P1X5","TAF2",-0.302,0.244789413262011,0.987,FALSE,"CTRL","C9ALS_vs_Control"
"Q6I9Y2","THOC7",0.291,0.248192926466187,0.987,FALSE,"CTRL","C9ALS_vs_Control"
"Q9H0D6","XRN2",-0.296,0.214707449837754,0.987,FALSE,"CTRL","C9ALS_vs_Control"
"Q14966","ZNF638",-0.312,0.285252600317182,0.987,FALSE,"CTRL","C9ALS_vs_Control"
"O94805","ACTL6B",-0.213,0.364592058442463,0.988,FALSE,"CTRL","C9ALS_vs_Control"
"O95996","APC2",-0.639,0.3319457525814,0.988,FALSE,"CTRL","C9ALS_vs_Control"
"P31939","ATIC",-0.693,0.331736961891875,0.988,FALSE,"CTRL","C9ALS_vs_Control"
"P13637","ATP1A3",-0.394,0.368825674071732,0.988,FALSE,"CTRL","C9ALS_vs_Control"
"Q9BRD0","BUD13",0.173,0.455855800569279,0.988,FALSE,"CTRL","C9ALS_vs_Control"
"Q07021","C1QBP",-0.258,0.351638984201555,0.988,FALSE,"CTRL","C9ALS_vs_Control"
"Q9Y2V2","CARHSP1",0.359,0.46902897496323,0.988,FALSE,"CTRL","C9ALS_vs_Control"
"Q5SW79;Q96L14;Q00G26","CEP170",-0.19,0.478083709101415,0.988,FALSE,"CTRL","C9ALS_vs_Control"
"O00299","CLIC1",0.405,0.478979381409163,0.988,FALSE,"CTRL","C9ALS_vs_Control"
"Q9BR76;A9Z1Z3","CORO1B",0.289,0.372171684752268,0.988,FALSE,"CTRL","C9ALS_vs_Control"
"Q9UKF6","CPSF3",-0.18,0.388532675246518,0.988,FALSE,"CTRL","C9ALS_vs_Control"
"Q2TBE0","CWF19L2",-0.165,0.332951855544238,0.988,FALSE,"CTRL","C9ALS_vs_Control"
"Q16555","DPYSL2",0.234,0.487385869708146,0.988,FALSE,"CTRL","C9ALS_vs_Control"
"P60981","DSTN",0.211,0.432318731232632,0.988,FALSE,"CTRL","C9ALS_vs_Control"
"P29692","EEF1D",-0.131,0.487584982222442,0.988,FALSE,"CTRL","C9ALS_vs_Control"
"P26641","EEF1G",-0.189,0.348670034430583,0.988,FALSE,"CTRL","C9ALS_vs_Control"
"Q9NPA8","ENY2",0.325,0.327677962204148,0.988,FALSE,"CTRL","C9ALS_vs_Control"
"Q9HCM4","EPB41L5",-0.15,0.475207130561642,0.988,FALSE,"CTRL","C9ALS_vs_Control"
"C9JLW8","FAM195B",-0.483,0.35440674181008,0.988,FALSE,"CTRL","C9ALS_vs_Control"
"P49327","FASN",0.567,0.465227788738896,0.988,FALSE,"CTRL","C9ALS_vs_Control"
"O75955","FLOT1",-0.224,0.360452009512843,0.988,FALSE,"CTRL","C9ALS_vs_Control"
"Q14331","FRG1",-0.327,0.376241665864465,0.988,FALSE,"CTRL","C9ALS_vs_Control"
"P49841","GSK3B",0.178,0.380728469050591,0.988,FALSE,"CTRL","C9ALS_vs_Control"
"Q69YN4","KIAA1429",0.343,0.475879497682122,0.988,FALSE,"CTRL","C9ALS_vs_Control"
"P36507;Q02750","MAP2K2",0.12,0.429921441268187,0.988,FALSE,"CTRL","C9ALS_vs_Control"
"P27816","MAP4",0.257,0.343630232975231,0.988,FALSE,"CTRL","C9ALS_vs_Control"
"O43809","NUDT21",-0.189,0.38295721719913,0.988,FALSE,"CTRL","C9ALS_vs_Control"
"Q7Z417","NUFIP2",0.148,0.352760535370831,0.988,FALSE,"CTRL","C9ALS_vs_Control"
"P52948","NUP98",-0.175,0.356182760971809,0.988,FALSE,"CTRL","C9ALS_vs_Control"
"Q99623","PHB2",-0.215,0.337537624632267,0.988,FALSE,"CTRL","C9ALS_vs_Control"
"Q8TF01","PNISR",-0.143,0.421456691275543,0.988,FALSE,"CTRL","C9ALS_vs_Control"
"P67775","PPP2CA",-0.804,0.340139019014598,0.988,FALSE,"CTRL","C9ALS_vs_Control"
"P30044","PRDX5",-0.232,0.43266845874814,0.988,FALSE,"CTRL","C9ALS_vs_Control"
"Q15185","PTGES3",-0.546,0.461974187304579,0.988,FALSE,"CTRL","C9ALS_vs_Control"
"P61106","RAB14",0.104,0.492629550890899,0.988,FALSE,"CTRL","C9ALS_vs_Control"
"P52756","RBM5",-0.216,0.353711944043036,0.988,FALSE,"CTRL","C9ALS_vs_Control"
"Q9Y388","RBMX2",0.36,0.340035420502876,0.988,FALSE,"CTRL","C9ALS_vs_Control"
"P62906","RPL10A",0.216,0.495205297481502,0.988,FALSE,"CTRL","C9ALS_vs_Control"
"P62913","RPL11",-0.165,0.372816881787058,0.988,FALSE,"CTRL","C9ALS_vs_Control"
"P62829","RPL23",0.133,0.495331212229349,0.988,FALSE,"CTRL","C9ALS_vs_Control"
"P83731","RPL24",0.115,0.437936890531747,0.988,FALSE,"CTRL","C9ALS_vs_Control"
"P46779","RPL28",-0.148,0.443329103191498,0.988,FALSE,"CTRL","C9ALS_vs_Control"
"P62899","RPL31",-0.255,0.412252506865012,0.988,FALSE,"CTRL","C9ALS_vs_Control"
"P46777","RPL5",-0.349,0.357972519515204,0.988,FALSE,"CTRL","C9ALS_vs_Control"
"P18124","RPL7",0.121,0.380429206769543,0.988,FALSE,"CTRL","C9ALS_vs_Control"
"P32969","RPL9",-0.138,0.336222973884187,0.988,FALSE,"CTRL","C9ALS_vs_Control"
"P62263","RPS14",-0.219,0.488823558336352,0.988,FALSE,"CTRL","C9ALS_vs_Control"
"Q7L4I2","RSRC2",0.148,0.372031150379435,0.988,FALSE,"CTRL","C9ALS_vs_Control"
"Q9NQC3","RTN4",-0.51,0.354082609916555,0.988,FALSE,"CTRL","C9ALS_vs_Control"
"Q15637","SF1",-0.152,0.418379339216507,0.988,FALSE,"CTRL","C9ALS_vs_Control"
"O95391","SLU7",-0.141,0.493067164483025,0.988,FALSE,"CTRL","C9ALS_vs_Control"
"Q8WVK2","SNRNP27",-0.369,0.375930461797437,0.988,FALSE,"CTRL","C9ALS_vs_Control"
"Q6IEG0","SNRNP48",0.378,0.349305835407747,0.988,FALSE,"CTRL","C9ALS_vs_Control"
"P18583;Q8N1G2","SON",0.182,0.396116037445675,0.988,FALSE,"CTRL","C9ALS_vs_Control"
"Q05519","SRSF11",-0.127,0.421256427921543,0.988,FALSE,"CTRL","C9ALS_vs_Control"
"Q13247","SRSF6",0.29,0.363123297263945,0.988,FALSE,"CTRL","C9ALS_vs_Control"
"Q15369","TCEB1",-0.411,0.381255649404276,0.988,FALSE,"CTRL","C9ALS_vs_Control"
"Q96FV9","THOC1",-0.164,0.351421382942494,0.988,FALSE,"CTRL","C9ALS_vs_Control"
"Q9BW30","TPPP3",-0.321,0.346150055819656,0.988,FALSE,"CTRL","C9ALS_vs_Control"
"P49411","TUFM",-0.11,0.497400677919454,0.988,FALSE,"CTRL","C9ALS_vs_Control"
"O15042","U2SURP",-0.214,0.436227952362701,0.988,FALSE,"CTRL","C9ALS_vs_Control"
"Q9BRX9","WDR83",0.183,0.458301125830292,0.988,FALSE,"CTRL","C9ALS_vs_Control"
"P27348","YWHAQ",0.17,0.480746877840165,0.988,FALSE,"CTRL","C9ALS_vs_Control"
"Q5T200;Q9H1K0","ZC3H13",-0.135,0.498012899619404,0.988,FALSE,"CTRL","C9ALS_vs_Control"
"A6NFI3;Q8N9L1;Q14872","ZNF316",-0.574,0.401428909875068,0.988,FALSE,"CTRL","C9ALS_vs_Control"
"Q5BKZ1","ZNF326",-0.199,0.450787997243701,0.988,FALSE,"CTRL","C9ALS_vs_Control"
"Q96K58","ZNF668",-0.522,0.342766311338929,0.988,FALSE,"CTRL","C9ALS_vs_Control"
"Q13085;O00763","ACACA",-0.159,0.544046403864837,0.989,FALSE,"CTRL","C9ALS_vs_Control"
"P61160","ACTR2",0.726,0.546390341918235,0.989,FALSE,"CTRL","C9ALS_vs_Control"
"P61158;Q9P1U1;Q9C0K3","ACTR3",-0.411,0.762435347873335,0.989,FALSE,"CTRL","C9ALS_vs_Control"
"O14497","ARID1A",-0.232,0.699856317503152,0.989,FALSE,"CTRL","C9ALS_vs_Control"
"P59998","ARPC4",0.395,0.575482449774616,0.989,FALSE,"CTRL","C9ALS_vs_Control"
"Q9H8G2","CAAP1",0.0749,0.761373435088226,0.989,FALSE,"CTRL","C9ALS_vs_Control"
"Q8WUQ7","CACTIN",0.0669,0.725842307570998,0.989,FALSE,"CTRL","C9ALS_vs_Control"
"O15234","CASC3",-0.104,0.584460759472217,0.989,FALSE,"CTRL","C9ALS_vs_Control"
"Q75N03","CBLL1",-0.0711,0.669881571565677,0.989,FALSE,"CTRL","C9ALS_vs_Control"
"Q8N163","CCAR2",0.126,0.723157033838489,0.989,FALSE,"CTRL","C9ALS_vs_Control"
"Q9BXF3","CECR2",-0.145,0.504774468085976,0.989,FALSE,"CTRL","C9ALS_vs_Control"
"Q14011","CIRBP",-0.245,0.517353011949428,0.989,FALSE,"CTRL","C9ALS_vs_Control"
"Q9Y678","COPG1",0.0781,0.665689153129515,0.989,FALSE,"CTRL","C9ALS_vs_Control"
"Q16630","CPSF6",-0.0852,0.71355412860815,0.989,FALSE,"CTRL","C9ALS_vs_Control"
"Q14194","CRMP1",-0.103,0.722177815658642,0.989,FALSE,"CTRL","C9ALS_vs_Control"
"P19784","CSNK2A2",-0.239,0.638057152369202,0.989,FALSE,"CTRL","C9ALS_vs_Control"
"O60716;Q99569","CTNND1",0.102,0.506932051350936,0.989,FALSE,"CTRL","C9ALS_vs_Control"
"O00622","CYR61",0.355,0.580013358523343,0.989,FALSE,"CTRL","C9ALS_vs_Control"
"P31689","DNAJA1",-0.185,0.527514582168463,0.989,FALSE,"CTRL","C9ALS_vs_Control"
"Q9C005","DPY30",-0.0963,0.726166073388918,0.989,FALSE,"CTRL","C9ALS_vs_Control"
"P13639","EEF2",-0.204,0.512163614235428,0.989,FALSE,"CTRL","C9ALS_vs_Control"
"P19525","EIF2AK2",-0.101,0.700738244911156,0.989,FALSE,"CTRL","C9ALS_vs_Control"
"Q14152","EIF3A",-0.386,0.627719118866283,0.989,FALSE,"CTRL","C9ALS_vs_Control"
"P56537","EIF6",-0.107,0.532721874287065,0.989,FALSE,"CTRL","C9ALS_vs_Control"
"A6NHQ2","FBLL1",-0.157,0.633860706074642,0.989,FALSE,"CTRL","C9ALS_vs_Control"
"P21333","FLNA",-0.235,0.598672826153836,0.989,FALSE,"CTRL","C9ALS_vs_Control"
"Q16658","FSCN1",0.188,0.63939361446689,0.989,FALSE,"CTRL","C9ALS_vs_Control"
"Q8IY81","FTSJ3",0.0758,0.670913624236055,0.989,FALSE,"CTRL","C9ALS_vs_Control"
"Q13283","G3BP1",0.117,0.513318157037364,0.989,FALSE,"CTRL","C9ALS_vs_Control"
"Q9UN86","G3BP2",0.0747,0.726414375115325,0.989,FALSE,"CTRL","C9ALS_vs_Control"
"P04406","GAPDH",-0.105,0.710219577606152,0.989,FALSE,"CTRL","C9ALS_vs_Control"
"P08754;P11488;P19087;A8MTJ3","GNAI3",0.205,0.541518698246769,0.989,FALSE,"CTRL","C9ALS_vs_Control"
"P62879;Q9HAV0","GNB2",0.0939,0.743558750156807,0.989,FALSE,"CTRL","C9ALS_vs_Control"
"Q13823","GNL2",0.0733,0.626596590653109,0.989,FALSE,"CTRL","C9ALS_vs_Control"
"O75874","IDH1",-0.16,0.677153303076775,0.989,FALSE,"CTRL","C9ALS_vs_Control"
"Q9C086","INO80B",0.128,0.736692898573381,0.989,FALSE,"CTRL","C9ALS_vs_Control"
"Q03164;Q9UMN6","KMT2A",0.0674,0.657360300610997,0.989,FALSE,"CTRL","C9ALS_vs_Control"
"P52294;O15131","KPNA1",-0.0888,0.69977773069677,0.989,FALSE,"CTRL","C9ALS_vs_Control"
"P52292","KPNA2",-0.212,0.505948232657827,0.989,FALSE,"CTRL","C9ALS_vs_Control"
"Q9BX40","LSM14B",0.193,0.719387093483786,0.989,FALSE,"CTRL","C9ALS_vs_Control"
"O95232","LUC7L3",0.0901,0.627047655705676,0.989,FALSE,"CTRL","C9ALS_vs_Control"
"Q9BU76","MMTAG2",0.0717,0.650670206022608,0.989,FALSE,"CTRL","C9ALS_vs_Control"
"P11586","MTHFD1",0.234,0.654253316562444,0.989,FALSE,"CTRL","C9ALS_vs_Control"
"P19338","NCL",0.104,0.526804860433621,0.989,FALSE,"CTRL","C9ALS_vs_Control"
"Q9NX24","NHP2",-0.0544,0.739204835426509,0.989,FALSE,"CTRL","C9ALS_vs_Control"
"Q14978","NOLC1",0.222,0.540901317641751,0.989,FALSE,"CTRL","C9ALS_vs_Control"
"Q14980","NUMA1",0.0791,0.70346149568874,0.989,FALSE,"CTRL","C9ALS_vs_Control"
"P18669;P15259;Q8N0Y7","PGAM1",-0.111,0.728650397838168,0.989,FALSE,"CTRL","C9ALS_vs_Control"
"P00558;P07205","PGK1",-0.184,0.55971803339914,0.989,FALSE,"CTRL","C9ALS_vs_Control"
"Q8WUB8","PHF10",0.155,0.691697152364941,0.989,FALSE,"CTRL","C9ALS_vs_Control"
"P12273","PIP",-0.202,0.641648081097954,0.989,FALSE,"CTRL","C9ALS_vs_Control"
"Q15149","PLEC",0.344,0.68807299315878,0.989,FALSE,"CTRL","C9ALS_vs_Control"
"O75400","PRPF40A",0.133,0.515028312576939,0.989,FALSE,"CTRL","C9ALS_vs_Control"
"O94906","PRPF6",0.0542,0.753369389190779,0.989,FALSE,"CTRL","C9ALS_vs_Control"
"P41219","PRPH",0.0584,0.689510157851773,0.989,FALSE,"CTRL","C9ALS_vs_Control"
"Q9H0U4;Q92928","RAB1B",0.144,0.572834615180684,0.989,FALSE,"CTRL","C9ALS_vs_Control"
"Q96T37","RBM15",-0.0713,0.70962541532602,0.989,FALSE,"CTRL","C9ALS_vs_Control"
"P49756","RBM25",0.0523,0.744779257266398,0.989,FALSE,"CTRL","C9ALS_vs_Control"
"Q14498;Q86U06","RBM39",-0.114,0.52169087355746,0.989,FALSE,"CTRL","C9ALS_vs_Control"
"P50914","RPL14",-0.0951,0.57585963832374,0.989,FALSE,"CTRL","C9ALS_vs_Control"
"P18621","RPL17",-0.0892,0.710105962003265,0.989,FALSE,"CTRL","C9ALS_vs_Control"
"Q07020","RPL18",0.0515,0.749878055610214,0.989,FALSE,"CTRL","C9ALS_vs_Control"
"Q02543","RPL18A",0.0755,0.631530406310029,0.989,FALSE,"CTRL","C9ALS_vs_Control"
"P39023;Q92901","RPL3",0.0695,0.658818398686506,0.989,FALSE,"CTRL","C9ALS_vs_Control"
"Q02878","RPL6",0.102,0.525221841731147,0.989,FALSE,"CTRL","C9ALS_vs_Control"
"P62424","RPL7A",0.0524,0.745853063325318,0.989,FALSE,"CTRL","C9ALS_vs_Control"
"P62841","RPS15",0.15,0.602590285192077,0.989,FALSE,"CTRL","C9ALS_vs_Control"
"P42677","RPS27",0.0794,0.747625928317824,0.989,FALSE,"CTRL","C9ALS_vs_Control"
"P62979;P62987;P0CG47;P0CG48","RPS27A",0.0983,0.57992295550048,0.989,FALSE,"CTRL","C9ALS_vs_Control"
"O75533","SF3B1",0.0665,0.662317618992797,0.989,FALSE,"CTRL","C9ALS_vs_Control"
"Q92922;Q9UL12","SMARCC1",0.167,0.602655008088079,0.989,FALSE,"CTRL","C9ALS_vs_Control"
"Q96GM5;Q6STE5","SMARCD1",0.143,0.692205020273004,0.989,FALSE,"CTRL","C9ALS_vs_Control"
"P62304","SNRPE",-0.189,0.618122077451088,0.989,FALSE,"CTRL","C9ALS_vs_Control"
"Q8WXA9","SREK1",0.14,0.576099399735256,0.989,FALSE,"CTRL","C9ALS_vs_Control"
"P37108","SRP14",0.0599,0.757987738077467,0.989,FALSE,"CTRL","C9ALS_vs_Control"
"Q9UHB9","SRP68",-0.273,0.656542679900102,0.989,FALSE,"CTRL","C9ALS_vs_Control"
"Q8IYB3","SRRM1",0.113,0.566771213275774,0.989,FALSE,"CTRL","C9ALS_vs_Control"
"Q9UQ35","SRRM2",0.0859,0.551023838733494,0.989,FALSE,"CTRL","C9ALS_vs_Control"
"P05455","SSB",0.131,0.545701627261238,0.989,FALSE,"CTRL","C9ALS_vs_Control"
"P45880","VDAC2",-0.0845,0.588550079929639,0.989,FALSE,"CTRL","C9ALS_vs_Control"
"O75554","WBP4",-0.194,0.499996370461464,0.989,FALSE,"CTRL","C9ALS_vs_Control"
"Q9BUR4","WRAP53",0.161,0.567466810317193,0.989,FALSE,"CTRL","C9ALS_vs_Control"
"P61981","YWHAG",0.0849,0.605142964305814,0.989,FALSE,"CTRL","C9ALS_vs_Control"
"P53396","ACLY",0.106,0.840453148430728,0.99,FALSE,"CTRL","C9ALS_vs_Control"
"Q92572","AP3S1",0.00787,0.967505890251347,0.99,FALSE,"CTRL","C9ALS_vs_Control"
"Q8WWM7","ATXN2L",0.0542,0.774411466198577,0.99,FALSE,"CTRL","C9ALS_vs_Control"
"Q4VC05","BCL7A",0.0724,0.779658850399859,0.99,FALSE,"CTRL","C9ALS_vs_Control"
"Q9H8M2","BRD9",-0.0269,0.913162325517317,0.99,FALSE,"CTRL","C9ALS_vs_Control"
"Q6ZUT1","C11orf57",0.0492,0.793552978970456,0.99,FALSE,"CTRL","C9ALS_vs_Control"
"E9PRG8","C11orf98",-0.0199,0.917903056597198,0.99,FALSE,"CTRL","C9ALS_vs_Control"
"Q03701","CEBPZ",0.13,0.789124621241307,0.99,FALSE,"CTRL","C9ALS_vs_Control"
"Q8TD26","CHD6",0.0256,0.905783397757715,0.99,FALSE,"CTRL","C9ALS_vs_Control"
"Q9P2D1;Q3L8U1","CHD7",-0.0559,0.77416550458245,0.99,FALSE,"CTRL","C9ALS_vs_Control"
"Q8NFW8","CMAS",-0.00521,0.978720925786982,0.99,FALSE,"CTRL","C9ALS_vs_Control"
"Q10570","CPSF1",0.0358,0.86257944793399,0.99,FALSE,"CTRL","C9ALS_vs_Control"
"Q9NVP1","DDX18",0.0295,0.94522872578296,0.99,FALSE,"CTRL","C9ALS_vs_Control"
"Q7L014","DDX46",0.0564,0.776724875730509,0.99,FALSE,"CTRL","C9ALS_vs_Control"
"Q14195;Q14117","DPYSL3",0.000958,0.998161738837547,0.99,FALSE,"CTRL","C9ALS_vs_Control"
"P84090","ERH",-0.0533,0.796756482252395,0.99,FALSE,"CTRL","C9ALS_vs_Control"
"Q96CS3","FAF2",0.0572,0.828104737606654,0.99,FALSE,"CTRL","C9ALS_vs_Control"
"Q9NY12","GAR1",0.0216,0.9295752073292,0.99,FALSE,"CTRL","C9ALS_vs_Control"
"Q9NZM4","GLTSCR1",-0.042,0.847076193220005,0.99,FALSE,"CTRL","C9ALS_vs_Control"
"Q6AI39","GLTSCR1L",0.066,0.805374577771727,0.99,FALSE,"CTRL","C9ALS_vs_Control"
"Q9BRR8","GPATCH1",-0.0111,0.953256951095782,0.99,FALSE,"CTRL","C9ALS_vs_Control"
"P07305","H1F0",-0.0842,0.808930193993457,0.99,FALSE,"CTRL","C9ALS_vs_Control"
"Q92522","H1FX",0.0361,0.89878653362089,0.99,FALSE,"CTRL","C9ALS_vs_Control"
"P08238;Q58FF7;Q58FF6","HSP90AB1",0.0184,0.930750632167854,0.99,FALSE,"CTRL","C9ALS_vs_Control"
"P0DMV9;P0DMV8","HSPA1B",-0.0495,0.861697024011997,0.99,FALSE,"CTRL","C9ALS_vs_Control"
"P00338;Q6ZMR3;P07864","LDHA",-0.354,0.850128170381288,0.99,FALSE,"CTRL","C9ALS_vs_Control"
"Q03252","LMNB2",-0.0742,0.783507041989444,0.99,FALSE,"CTRL","C9ALS_vs_Control"
"P62312","LSM6",-0.00889,0.992127231718131,0.99,FALSE,"CTRL","C9ALS_vs_Control"
"A0JLT2","MED19",-0.0486,0.825450924286172,0.99,FALSE,"CTRL","C9ALS_vs_Control"
"P55769","NHP2L1",0.0207,0.901755658352514,0.99,FALSE,"CTRL","C9ALS_vs_Control"
"Q86U86","PBRM1",0.0697,0.836181909103512,0.99,FALSE,"CTRL","C9ALS_vs_Control"
"P17858","PFKL",-0.0782,0.787278104478626,0.99,FALSE,"CTRL","C9ALS_vs_Control"
"P07737;CON__P02584","PFN1",-0.252,0.814286424376449,0.99,FALSE,"CTRL","C9ALS_vs_Control"
"P35080","PFN2",0.0576,0.838700986265462,0.99,FALSE,"CTRL","C9ALS_vs_Control"
"Q13523","PRPF4B",-0.00113,0.994889790721891,0.99,FALSE,"CTRL","C9ALS_vs_Control"
"Q8WXF1","PSPC1",-0.111,0.79589628426149,0.99,FALSE,"CTRL","C9ALS_vs_Control"
"P62826","RAN",0.0289,0.838103583853449,0.99,FALSE,"CTRL","C9ALS_vs_Control"
"Q7Z6E9","RBBP6",-0.00667,0.963668413191236,0.99,FALSE,"CTRL","C9ALS_vs_Control"
"O43251;Q9NWB1;A6NFN3","RBFOX2",-0.0458,0.910313078598267,0.99,FALSE,"CTRL","C9ALS_vs_Control"
"Q96LT9","RNPC3",-0.0352,0.927511377242554,0.99,FALSE,"CTRL","C9ALS_vs_Control"
"Q8TA86","RP9",0.0659,0.81553065686082,0.99,FALSE,"CTRL","C9ALS_vs_Control"
"P27635;Q96L21","RPL10",0.0353,0.80951416941682,0.99,FALSE,"CTRL","C9ALS_vs_Control"
"P30050","RPL12",-0.0273,0.905686864732968,0.99,FALSE,"CTRL","C9ALS_vs_Control"
"P62750","RPL23A",-0.00731,0.965645538924942,0.99,FALSE,"CTRL","C9ALS_vs_Control"
"P04843","RPN1",0.0494,0.786443122563469,0.99,FALSE,"CTRL","C9ALS_vs_Control"
"P62269","RPS18",-0.00547,0.970928326936767,0.99,FALSE,"CTRL","C9ALS_vs_Control"
"P62266","RPS23",-0.0847,0.776711757203063,0.99,FALSE,"CTRL","C9ALS_vs_Control"
"P62241","RPS8",-0.00711,0.976776883915828,0.99,FALSE,"CTRL","C9ALS_vs_Control"
"Q5VWQ0","RSBN1",0.0147,0.933637275860663,0.99,FALSE,"CTRL","C9ALS_vs_Control"
"O76021","RSL1D1",-0.0115,0.93250092154889,0.99,FALSE,"CTRL","C9ALS_vs_Control"
"P05141;Q9H0C2","SLC25A5",0.0343,0.902683215604768,0.99,FALSE,"CTRL","C9ALS_vs_Control"
"Q92504","SLC39A7",-0.0875,0.770506970171463,0.99,FALSE,"CTRL","C9ALS_vs_Control"
"P51532","SMARCA4",-0.0331,0.895686691347479,0.99,FALSE,"CTRL","C9ALS_vs_Control"
"Q9NUQ6","SPATS2L",0.12,0.849586104326036,0.99,FALSE,"CTRL","C9ALS_vs_Control"
"Q9Y3F4","STRAP",-0.0376,0.909566416897962,0.99,FALSE,"CTRL","C9ALS_vs_Control"
"P17987","TCP1",0.0322,0.829141828233511,0.99,FALSE,"CTRL","C9ALS_vs_Control"
"Q3B726","TWISTNB",0.0276,0.952645290241461,0.99,FALSE,"CTRL","C9ALS_vs_Control"
"P26368","U2AF2",0.0386,0.93817099083199,0.99,FALSE,"CTRL","C9ALS_vs_Control"
"Q9H9J4","USP42",0.0239,0.919271893483255,0.99,FALSE,"CTRL","C9ALS_vs_Control"
"Q96MU7","YTHDC1",-0.0821,0.787706236231051,0.99,FALSE,"CTRL","C9ALS_vs_Control"
"P31946","YWHAB",-0.123,0.789933182716002,0.99,FALSE,"CTRL","C9ALS_vs_Control"
"Q6NZY4","ZCCHC8",-0.0106,0.952484397709639,0.99,FALSE,"CTRL","C9ALS_vs_Control"
"P17026","ZNF22",-0.0421,0.818059693756302,0.99,FALSE,"CTRL","C9ALS_vs_Control"
"O95218","ZRANB2",0.0502,0.834490790156317,0.99,FALSE,"CTRL","C9ALS_vs_Control"
