Gene_Symbol,mRNA_logFC_mean,mRNA_adjPval_max,protein_logFC,protein_adjPval,discordance_score,quadrant
ABCE1,1.6414587247145833,0.543197318982829,-1.01,0.964,-2.6514587247145833,discordant_HIGH
SEC24C,2.4754275073173932,0.850162098673709,-0.0197,0.985,-2.495127507317393,ambiguous
DTNA,1.2979953178706805,0.0797418410926729,0.346,0.98,-0.9519953178706805,ambiguous
ACTN1,4.116802667450285,0.0886222888094416,1.11,0.113,-3.006802667450285,concordant_up
ADCY2,2.836195242524498,0.361243024570232,0.094,0.982,-2.742195242524498,ambiguous
PLP1,-0.8872016016057886,0.822136144276097,0.464,0.965,1.3512016016057886,ambiguous
TF,-0.733452359609259,0.731924115575384,0.0572,0.984,0.7906523596092591,ambiguous
DARS,0.8657766623501081,0.457884714750817,-0.517,0.754,-1.382776662350108,discordant_HIGH
DPYSL2,-0.4409456593846064,0.822136144276097,-0.184,0.975,0.2569456593846064,ambiguous
DDT,-0.4812497980952051,0.822136144276097,0.159,0.982,0.6402497980952051,ambiguous
NID1,1.4668315125577291,0.958120496431073,0.725,0.942,-0.7418315125577292,concordant_up
ITPR2,1.7869108865656493,0.629504703967775,0.774,0.687,-1.0129108865656493,concordant_up
GPNMB,1.501483436974429,0.128315568394001,2.52,0.12,1.018516563025571,concordant_up
AQP1,1.0642691516267027,0.128315568394001,0.495,0.953,-0.5692691516267027,ambiguous
ATP5F1,2.091696658086654,0.822136144276097,0.194,0.977,-1.8976966580866539,ambiguous
MBP,-0.637581585852928,0.130795472289988,0.545,0.927,1.182581585852928,discordant_LOW
DDX6,-1.594668857397528,0.822136144276097,0.106,0.983,1.7006688573975282,ambiguous
C3,1.3661458674293607,0.821566915114905,1.75,0.676,0.3838541325706393,concordant_up
HLA-A,0.6068637058206864,0.822136144276097,0.557,0.964,-0.04986370582068633,concordant_up
DCTN1,-0.5146269553414535,0.81153661534264,-0.167,0.973,0.3476269553414535,ambiguous
CTNNB1,-0.362489636056382,0.18907045867083,0.424,0.928,0.786489636056382,ambiguous
PEA15,-0.5065236272088377,0.194435042833001,0.7,0.946,1.2065236272088375,discordant_LOW
IMPA1,-1.2371653372121636,0.360902604025038,0.983,0.941,2.2201653372121637,discordant_LOW
DBT,-0.526381766704514,0.836718373747881,0.635,0.959,1.161381766704514,discordant_LOW
FH,-0.43837659807975904,0.690768246411845,-0.703,0.932,-0.2646234019202409,ambiguous
ETFB,-0.4303765564867459,0.982903952866715,0.234,0.982,0.6643765564867459,ambiguous
PHKA1,2.0996818458611566,0.213438370418312,0.641,0.892,-1.4586818458611566,concordant_up
NCL,-0.3681292310947586,0.822136144276097,0.955,0.849,1.3231292310947587,ambiguous
ASAH1,0.8960334571305304,0.225197777790571,0.877,0.961,-0.019033457130530396,concordant_up
CNP,-0.4877685518219824,0.688353101151364,-0.101,0.98,0.38676855182198244,ambiguous
HSP90AA1,-0.4041593855180922,0.876463147796334,-0.353,0.935,0.05115938551809224,ambiguous
PSMB1,0.8942211601289007,0.975682425937169,0.0581,0.985,-0.8361211601289007,ambiguous
PSMC5,-0.42345279316898327,0.822136144276097,-0.0646,0.983,0.3588527931689833,ambiguous
SND1,1.0870537058444163,0.822136144276097,0.35,0.978,-0.7370537058444163,ambiguous
CPT1A,1.3213961635920548,0.654808102240908,-0.543,0.967,-1.8643961635920547,discordant_HIGH
ADK,0.687812172315383,0.822136144276097,0.161,0.978,-0.526812172315383,ambiguous
VIM,1.478724313577315,0.246867829296813,1.37,0.235,-0.10872431357731482,concordant_up
DMD,-0.699490268147912,0.251522136848915,-0.24,0.981,0.45949026814791205,ambiguous
QDPR,-0.414318901902824,0.822136144276097,0.896,0.926,1.310318901902824,ambiguous
SFXN3,1.6963699174574176,0.822136144276097,-0.0477,0.985,-1.7440699174574177,ambiguous
GFAP,-0.17767458139085202,0.286829347484783,0.6,0.958,0.777674581390852,ambiguous
ENO2,-0.6333376044532635,0.816585392727576,0.014,0.985,0.6473376044532635,ambiguous
PRDX3,1.3537457027229445,0.822136144276097,0.549,0.975,-0.8047457027229444,concordant_up
GNAQ,-1.4381058549572538,0.417067560815029,-0.313,0.942,1.125105854957254,ambiguous
SCP2,1.2781404821558466,0.822136144276097,-0.882,0.956,-2.1601404821558465,discordant_HIGH
CTNND2,0.5204459319210675,0.298001192210937,0.493,0.925,-0.02744593192106748,ambiguous
EIF3E,-0.164350299929458,0.300488064247222,-0.314,0.975,-0.149649700070542,ambiguous
RPS27A,-0.14774215706196897,0.300488064247222,0.387,0.939,0.534742157061969,ambiguous
EIF2S1,0.5371884018024569,0.950649076432901,-1.35,0.911,-1.887188401802457,discordant_HIGH
AKT3,1.4553736130062813,0.822136144276097,-0.238,0.978,-1.6933736130062813,ambiguous
CSE1L,-0.5216771797236694,0.822136144276097,-0.693,0.313,-0.1713228202763305,concordant_down
RPL14,0.6872892614443885,0.327973984303357,0.127,0.983,-0.5602892614443885,ambiguous
HNRNPA2B1,-0.394792075400705,0.327973984303357,0.286,0.962,0.680792075400705,ambiguous
HIP1,1.6274660796265925,0.639489104960224,-0.377,0.98,-2.0044660796265923,ambiguous
ALDH1A1,0.824014730459999,0.338380654530771,0.558,0.957,-0.2660147304599989,concordant_up
FLNB,-0.07700406925770747,0.338804249979426,1.09,0.905,1.1670040692577075,ambiguous
MAOB,0.8083933364323941,0.338804249979426,1.31,0.262,0.501606663567606,concordant_up
EIF3A,-0.47352430892902986,0.822136144276097,-0.293,0.973,0.18052430892902988,ambiguous
GSTP1,0.9798218844606066,0.364902445731945,0.458,0.969,-0.5218218844606066,ambiguous
DLG4,-0.7581693880798969,0.992592373133688,-0.874,0.911,-0.11583061192010313,concordant_down
FUBP3,-0.257460202380116,0.682981944404063,0.798,0.901,1.055460202380116,ambiguous
DYNLL1,-0.36979674935863777,0.98629696196134,-0.00667,0.985,0.36312674935863776,ambiguous
EXOC5,-0.947714927823705,0.452194004635257,-0.529,0.971,0.418714927823705,concordant_down
EIF4G2,-0.4486104629052888,0.822136144276097,0.134,0.981,0.5826104629052888,ambiguous
AP3B2,-1.427689273056535,0.432499743618821,-1.26,0.448,0.16768927305653492,concordant_down
FKBP4,-0.39041473831762885,0.705547414011014,-0.459,0.973,-0.06858526168237117,ambiguous
PIK3R4,1.1388004030687584,0.822136144276097,-0.582,0.952,-1.7208004030687585,discordant_HIGH
SLC25A11,1.5513994222895486,0.822136144276097,-0.0576,0.983,-1.6089994222895487,ambiguous
PEBP1,-0.35185070834839904,0.353730835837479,0.409,0.961,0.7608507083483991,ambiguous
PRDX1,-0.31110755308272425,0.710328703646205,0.486,0.816,0.7971075530827243,ambiguous
PRKACB,-0.42345023999007736,0.822136144276097,-0.359,0.956,0.06445023999007737,ambiguous
COPS5,-0.32446399479563903,0.519303232244197,-0.32,0.975,0.004463994795639026,ambiguous
NEFM,-1.103036860576735,0.366750561621996,-0.523,0.833,0.5800368605767349,concordant_down
ACLY,-0.3574330157316188,0.984320887476184,-0.706,0.476,-0.3485669842683812,ambiguous
ACTB,-0.37415621729965354,0.394001191784177,0.0138,0.985,0.3879562172996535,ambiguous
GNAI3,1.2377661484013394,0.37589411339447,0.658,0.806,-0.5797661484013393,concordant_up
ANXA11,0.6002743766848805,0.688834978393268,1.0,0.861,0.3997256233151195,concordant_up
GCLM,1.0121488048293128,0.912023765462897,-0.166,0.984,-1.1781488048293127,ambiguous
CCT5,1.7842398112702504,0.935896021953226,-0.121,0.976,-1.9052398112702504,ambiguous
NDUFA12,-0.3108990279250325,0.862937845722359,0.627,0.969,0.9378990279250325,ambiguous
VSNL1,-0.7109104370168685,0.648712101136954,-0.158,0.979,0.5529104370168685,ambiguous
SOD1,-0.3350379204848059,0.822136144276097,0.411,0.981,0.7460379204848059,ambiguous
MTMR2,1.09562833233254,0.890091832162102,-0.0991,0.979,-1.19472833233254,ambiguous
RGS7,-0.5403597851026644,0.822136144276097,-1.04,0.726,-0.4996402148973357,concordant_down
KIF5B,-1.343718473270445,0.446393842797979,-0.117,0.981,1.226718473270445,ambiguous
MYL6,-1.3408547068531969,0.8631372758572,1.03,0.125,2.370854706853197,discordant_LOW
COPA,-0.3016711455970822,0.809992425543539,0.0477,0.983,0.3493711455970822,ambiguous
PRKAA1,-0.9655621593465824,0.605538176465061,-0.517,0.966,0.4485621593465824,concordant_down
CRABP1,-0.10024018806434348,0.394598378481868,-0.561,0.973,-0.46075981193565657,ambiguous
ARPC1B,0.48270848975513797,0.394598378481868,0.733,0.893,0.250291510244862,ambiguous
FNTA,-0.5042641773269795,0.395841532423038,-0.119,0.982,0.3852641773269795,ambiguous
APBA2,-1.5684797720531085,0.48541508983182,-0.367,0.96,1.2014797720531085,ambiguous
HADHB,0.5049101668972199,0.616006343358089,0.13,0.976,-0.3749101668972199,ambiguous
CCDC6,-1.3038085120513045,0.874556739320875,-0.455,0.969,0.8488085120513045,ambiguous
ANXA6,-0.5001995463085004,0.677213778209236,-0.0191,0.985,0.4810995463085004,ambiguous
FYN,-0.16610681375048947,0.499673568816023,0.441,0.774,0.6071068137504895,ambiguous
YWHAE,-0.4969298554148054,0.440634811194491,0.00665,0.986,0.5035798554148054,ambiguous
PDXK,1.5895404451253305,0.624101470801635,-0.385,0.901,-1.9745404451253306,ambiguous
YWHAB,-0.3266239958128477,0.839711486844877,-0.182,0.976,0.14462399581284768,ambiguous
SMG1,-1.0696820506953035,0.822136144276097,0.0777,0.984,1.1473820506953036,ambiguous
LMAN1,-0.5625192151471154,0.406711768497805,-0.116,0.983,0.44651921514711546,ambiguous
TUFM,1.4461905552696517,0.971400925280805,0.274,0.959,-1.1721905552696517,ambiguous
ALDH2,0.4050915147051688,0.769312273620455,0.524,0.946,0.11890848529483122,ambiguous
RPS6,-0.17294876211587612,0.822136144276097,-0.942,0.957,-0.7690512378841239,ambiguous
CYFIP1,0.7870338154049765,0.409519490625113,-0.286,0.98,-1.0730338154049766,ambiguous
HSPH1,-1.403287426680829,0.637729742956285,-0.481,0.904,0.9222874266808291,ambiguous
PGM1,0.3158689704163442,0.822136144276097,0.0317,0.985,-0.2841689704163442,ambiguous
INSR,-1.0375643744585694,0.795842005713586,-0.338,0.976,0.6995643744585693,ambiguous
PRKCB,-0.5709972304075894,0.67839527212574,-0.239,0.974,0.33199723040758944,ambiguous
DCTN2,-0.2430921310589054,0.726906230655763,-0.292,0.968,-0.048907868941094584,ambiguous
CNTN1,-1.2225724219613034,0.475286265620778,0.308,0.954,1.5305724219613035,ambiguous
TWF1,0.9382105212412465,0.724696226156014,-0.337,0.978,-1.2752105212412466,ambiguous
AGFG1,-0.262887131977361,0.425203369186986,-0.332,0.979,-0.069112868022639,ambiguous
KANK1,0.5786272192548756,0.426410213582754,0.143,0.981,-0.4356272192548756,ambiguous
GRIA2,-0.4979113431062995,0.426410213582754,-0.107,0.984,0.3909113431062995,ambiguous
EEF1A2,-0.5935303522509998,0.929751416426271,-0.156,0.977,0.4375303522509998,ambiguous
KIAA0513,-0.4258886995332091,0.763945610731772,-0.216,0.979,0.20988869953320913,ambiguous
RPL12,0.8915215639762425,0.430624745842832,0.442,0.975,-0.4495215639762425,ambiguous
PPP6C,-0.7506707554028589,0.436741451347157,0.511,0.971,1.261670755402859,discordant_LOW
GDI1,-0.4736971999173155,0.74178802572587,0.16,0.978,0.6336971999173155,ambiguous
MAP2,0.9224458270079156,0.441758858700505,0.202,0.972,-0.7204458270079155,ambiguous
HSPB1,0.48260006610134,0.491533470303912,0.52,0.466,0.03739993389866003,ambiguous
GCN1L1,-1.2153902614825516,0.508705452892458,0.816,0.796,2.0313902614825516,discordant_LOW
NDRG1,-0.244885510909793,0.447943995641456,-0.338,0.978,-0.09311448909020703,ambiguous
HERC1,-0.88338948861865,0.448759158403397,-1.97,0.33,-1.08661051138135,concordant_down
PMP2,0.7735245485142559,0.449189023281369,0.725,0.952,-0.048524548514255916,concordant_up
MLC1,1.0800438516803699,0.449189023281369,1.82,0.772,0.7399561483196302,concordant_up
ANXA1,1.5068155654906985,0.784219883089867,1.88,0.27,0.3731844345093014,concordant_up
ACTN2,-1.0882229409267778,0.449189023281369,-0.328,0.981,0.7602229409267778,ambiguous
RPS16,0.620848863487306,0.449189023281369,0.00593,0.986,-0.614918863487306,ambiguous
MTMR6,-0.4452077715050661,0.6371940492572,0.0853,0.984,0.5305077715050661,ambiguous
NNT,1.1524764683003124,0.886013612584118,-0.0122,0.985,-1.1646764683003124,ambiguous
PSMD2,-0.22172648443152268,0.822136144276097,-0.104,0.976,0.11772648443152268,ambiguous
ACSL1,-0.17447127661155049,0.451400745124543,-0.257,0.974,-0.08252872338844952,ambiguous
HSPD1,-0.2551868580437979,0.822136144276097,-0.0953,0.982,0.15988685804379793,ambiguous
BGN,0.5023342325647905,0.453499290876976,0.827,0.963,0.3246657674352095,concordant_up
WARS,-0.2731483216206085,0.892469998055765,1.0,0.871,1.2731483216206085,ambiguous
NME1,-0.2758206382198743,0.860217408396845,-0.325,0.978,-0.04917936178012572,ambiguous
GSN,-0.17225641901263256,0.45955131059646,0.232,0.954,0.40425641901263254,ambiguous
TLN2,-0.534467843513757,0.460758336107774,0.184,0.973,0.718467843513757,ambiguous
YWHAQ,-0.30519478941667966,0.822136144276097,-0.234,0.969,0.07119478941667964,ambiguous
SPTAN1,0.25529286316901095,0.467288248448329,-0.0366,0.983,-0.291892863169011,ambiguous
PAICS,-0.35836909603525396,0.822136144276097,0.762,0.895,1.120369096035254,ambiguous
AP2S1,-0.32225307875736,0.91811907542248,-0.699,0.415,-0.37674692124264,ambiguous
CYP27A1,1.092680633398936,0.667855366093078,0.585,0.966,-0.5076806333989361,concordant_up
YARS,-0.43983094939594625,0.968276515287762,-0.506,0.968,-0.06616905060405376,ambiguous
OCRL,0.8128019756280341,0.822136144276097,-0.247,0.978,-1.0598019756280341,ambiguous
CYFIP2,-0.392318939513306,0.476199758412844,-0.215,0.981,0.177318939513306,ambiguous
DPYSL3,0.40217693949125227,0.476568646993209,0.264,0.961,-0.13817693949125226,ambiguous
IMMT,-0.2702630470335486,0.478433303104092,0.055,0.984,0.3252630470335486,ambiguous
GMFB,-0.3355706527893103,0.529350654206571,-0.562,0.976,-0.22642934721068975,ambiguous
HADHA,1.6763718993562342,0.822136144276097,-0.091,0.98,-1.7673718993562342,ambiguous
FLOT2,-0.2607897820500484,0.980014915734609,-0.217,0.978,0.04378978205004838,ambiguous
CSTB,0.373718521861534,0.481090551995735,-0.319,0.982,-0.6927185218615339,ambiguous
EEF1A1,0.44875901518063954,0.484098415815851,0.133,0.973,-0.31575901518063954,ambiguous
DNM1L,-1.316542370394137,0.987258846729594,-0.33,0.929,0.986542370394137,ambiguous
GRSF1,-0.7438642233168963,0.485326492279407,-0.284,0.982,0.4598642233168963,ambiguous
ATIC,0.40218957103001146,0.727464040914245,-0.136,0.977,-0.5381895710300115,ambiguous
HNRNPF,0.621887591912693,0.486515258526269,0.593,0.453,-0.028887591912693078,concordant_up
HK1,-0.329524389718548,0.486515258526269,-0.116,0.979,0.21352438971854804,ambiguous
NCAM1,-0.6435494967024082,0.81186454207862,0.513,0.937,1.1565494967024081,discordant_LOW
CPNE1,0.3435724243552248,0.49443380237343,-0.626,0.951,-0.9695724243552248,ambiguous
RARS,1.1446725878211335,0.78390426048725,-0.322,0.973,-1.4666725878211335,ambiguous
CALR,1.2562639458756075,0.513187866303401,0.363,0.976,-0.8932639458756075,ambiguous
RPLP1,0.5153626655241295,0.495073761664864,1.14,0.965,0.6246373344758704,concordant_up
PRKCA,-0.6865397968882401,0.495073761664864,0.0706,0.981,0.7571397968882401,ambiguous
ACTR1A,0.2571121443188205,0.714335688173087,-0.319,0.877,-0.5761121443188205,ambiguous
CNTNAP1,0.608555504977895,0.822136144276097,0.19,0.98,-0.418555504977895,ambiguous
IFIT5,-0.815595745274344,0.822136144276097,-0.339,0.972,0.47659574527434395,ambiguous
GARS,-0.41441776814036696,0.822136144276097,-0.602,0.904,-0.18758223185963302,ambiguous
COL6A1,-0.31933739980228104,0.780458954050483,0.514,0.958,0.833337399802281,ambiguous
RANBP2,-1.2447194858921296,0.505125736505654,-0.164,0.981,1.0807194858921296,ambiguous
IQGAP1,0.3956679360223155,0.507765387094101,0.774,0.952,0.37833206397768454,ambiguous
TJP2,0.871845245566522,0.508994221007869,0.408,0.954,-0.463845245566522,ambiguous
EIF3B,0.884512507354264,0.508994221007869,-0.459,0.96,-1.343512507354264,ambiguous
SLC12A5,-1.431682217850437,0.534859417558056,-0.592,0.928,0.839682217850437,concordant_down
PLA2G16,-0.15180963782669699,0.510437935056874,-0.321,0.972,-0.16919036217330302,ambiguous
PDK3,0.599425545472768,0.510789540279084,-0.101,0.982,-0.700425545472768,ambiguous
SLC3A2,1.8206846303940183,0.989325765963229,0.604,0.971,-1.2166846303940182,concordant_up
ABCD3,1.039658724750814,0.822136144276097,0.0328,0.984,-1.006858724750814,ambiguous
CDC37,-0.321389684917838,0.822136144276097,-0.0353,0.985,0.286089684917838,ambiguous
MYH10,0.9298211786958623,0.510789540279084,0.0403,0.983,-0.8895211786958623,ambiguous
CKB,0.797892527454467,0.515108252150754,-0.504,0.888,-1.301892527454467,discordant_HIGH
STXBP3,0.3824124925107781,0.764538236957103,-0.346,0.939,-0.728412492510778,ambiguous
STOM,0.683046350434109,0.516974559449485,0.0958,0.982,-0.587246350434109,ambiguous
RPS18,1.075797129442378,0.518650511803548,0.22,0.979,-0.8557971294423781,ambiguous
NEFH,-1.39745335755798,0.599596505583369,-0.546,0.786,0.8514533575579799,concordant_down
TROVE2,1.2618013984735934,0.523437227714434,-0.555,0.967,-1.8168013984735936,discordant_HIGH
PRPH,-1.607186878198301,0.940487568724256,0.573,0.96,2.1801868781983007,discordant_LOW
DNM2,1.8467873490142679,0.723079717543861,-0.0461,0.983,-1.892887349014268,ambiguous
ILK,-0.9864346912134614,0.934524529773803,0.568,0.749,1.5544346912134612,discordant_LOW
UBE2L3,0.8884966272725873,0.969347733350333,1.14,0.883,0.25150337272741263,concordant_up
RPS15,0.628482451998915,0.530824414217528,0.454,0.944,-0.17448245199891493,ambiguous
FERMT2,0.2559832540699535,0.530824414217528,-1.08,0.905,-1.3359832540699537,ambiguous
KIF1A,-1.4331081716806766,0.822136144276097,-0.237,0.966,1.1961081716806765,ambiguous
SPTBN1,-0.304270628284836,0.822136144276097,-0.0947,0.978,0.20957062828483597,ambiguous
ARCN1,-0.2071118574500847,0.76043106721438,-0.554,0.969,-0.34688814254991535,ambiguous
LIMK1,-1.2089057897415763,0.998504887713847,-0.297,0.972,0.9119057897415763,ambiguous
MYO5A,-0.8616554093455431,0.534801127214867,-0.223,0.937,0.6386554093455431,ambiguous
GNA13,0.8999906180741635,0.538110105784586,-0.0496,0.984,-0.9495906180741635,ambiguous
NDUFA9,1.353354300170107,0.994911621869132,-0.0461,0.984,-1.399454300170107,ambiguous
RBP1,0.42066105760199346,0.540233679911293,0.322,0.978,-0.09866105760199345,ambiguous
FHL1,-0.11160150186094801,0.540732049635059,-0.383,0.972,-0.271398498139052,ambiguous
ARF6,0.948306921108021,0.540732049635059,-0.114,0.979,-1.062306921108021,ambiguous
ANXA2,0.38728987754881594,0.822136144276097,1.17,0.475,0.782710122451184,ambiguous
CCT2,0.7903884228237109,0.911370275079141,-0.296,0.83,-1.0863884228237108,ambiguous
DNAJB4,-0.975048527875107,0.767523205048551,-0.51,0.941,0.465048527875107,concordant_down
BLVRB,0.25091704729963293,0.971510717576295,-0.217,0.98,-0.4679170472996329,ambiguous
PURA,-0.3597616442105732,0.762761624656142,-0.522,0.915,-0.1622383557894268,ambiguous
PPP2CA,-0.2104554912453256,0.932784546954909,-0.186,0.964,0.02445549124532559,ambiguous
XPO1,-0.19693928497289132,0.896308908562325,-0.292,0.955,-0.09506071502710867,ambiguous
CCT8,0.8365557666179974,0.822136144276097,-0.177,0.969,-1.0135557666179973,ambiguous
MTMR1,0.9634608955733798,0.996896294055364,0.113,0.983,-0.8504608955733798,ambiguous
ATP5A1,1.2051728824962287,0.543722529645012,-0.198,0.965,-1.4031728824962286,ambiguous
PPAP2B,0.42015910643652443,0.544200941986241,0.228,0.983,-0.19215910643652442,ambiguous
GNAO1,-0.40965932500879054,0.956198353430383,0.0525,0.982,0.46215932500879053,ambiguous
HINT1,0.834871771761869,0.883923528974029,-0.0483,0.984,-0.883171771761869,ambiguous
USP5,-0.36884181999264753,0.547045281770067,-0.236,0.97,0.13284181999264755,ambiguous
NF1,1.0780041195412964,0.822136144276097,-0.102,0.981,-1.1800041195412965,ambiguous
RAB2A,1.119171320683444,0.822136144276097,-0.0545,0.985,-1.173671320683444,ambiguous
COPS6,-0.18098875843065038,0.594070318483739,-0.397,0.944,-0.21601124156934964,ambiguous
HMOX2,-0.941114200295144,0.550508358913773,-0.116,0.977,0.825114200295144,ambiguous
PHB,-1.1149524100775785,0.982820579920454,0.115,0.983,1.2299524100775785,ambiguous
CYB5R3,-0.5440701922713843,0.728927030853706,-0.0201,0.985,0.5239701922713843,ambiguous
HNRNPK,-0.4755012289271212,0.550508358913773,0.0725,0.983,0.5480012289271212,ambiguous
RPS5,0.6793604587057465,0.550508358913773,0.502,0.978,-0.17736045870574646,concordant_up
PTPRN,-0.33139308654576427,0.822136144276097,-0.638,0.951,-0.30660691345423574,ambiguous
ATP6V0A1,-0.24447831126564584,0.822136144276097,-0.225,0.982,0.019478311265645837,ambiguous
STXBP1,-0.24739423869367275,0.954103474336747,-0.535,0.473,-0.2876057613063273,ambiguous
PON2,0.4166709747582025,0.550508358913773,0.567,0.974,0.15032902524179748,ambiguous
HNRNPC,0.2154210997109685,0.550508358913773,0.316,0.949,0.10057890028903149,ambiguous
NEDD8,0.20015017293495263,0.980333746152954,0.574,0.883,0.3738498270650473,ambiguous
GART,-0.3708955196212495,0.907034984097086,-0.00658,0.985,0.36431551962124953,ambiguous
AQP4,0.6739386851692265,0.551923247746437,1.31,0.691,0.6360613148307735,concordant_up
PBXIP1,0.7051834266794286,0.552115962357324,0.535,0.919,-0.17018342667942854,concordant_up
SLC25A5,0.434584564823682,0.704080677264227,-0.195,0.969,-0.629584564823682,ambiguous
PSMD5,-0.9191413064245664,0.822136144276097,0.101,0.981,1.0201413064245664,ambiguous
PCBP2,0.3850680624343582,0.553153487967042,-0.0119,0.985,-0.3969680624343582,ambiguous
ATP1B1,-0.3644389915571378,0.920837606328782,0.221,0.98,0.5854389915571379,ambiguous
PTPRA,0.6408776809107685,0.559463074060819,0.275,0.973,-0.36587768091076844,ambiguous
MADD,-0.5199913316284125,0.559463074060819,-0.735,0.819,-0.2150086683715875,concordant_down
PPP1CC,-0.2369085779417306,0.796364213889747,-0.0367,0.984,0.20020857794173058,ambiguous
ADH5,0.4499591462806572,0.978005812832856,0.141,0.983,-0.30895914628065724,ambiguous
MARK2,-1.237436071336583,0.797872235904912,-0.416,0.896,0.8214360713365831,ambiguous
HDLBP,-0.157839055106907,0.996414772840713,0.2,0.954,0.357839055106907,ambiguous
MAPRE1,-0.315105173839418,0.569390799907466,0.0235,0.985,0.338605173839418,ambiguous
PDIA3,0.8902213226608995,0.57053493489043,-0.234,0.977,-1.1242213226608995,ambiguous
RCN1,1.4730941579587251,0.570862159043244,0.729,0.561,-0.7440941579587251,concordant_up
MAP1B,-0.2162587498650264,0.571999293571095,-0.145,0.973,0.07125874986502642,ambiguous
MPI,-0.918297106346543,0.574871815930084,-0.177,0.979,0.741297106346543,ambiguous
PTPN11,0.8983817600592265,0.575592706127104,0.205,0.982,-0.6933817600592266,ambiguous
CRK,1.0343587159136791,0.77247200584202,-0.652,0.967,-1.6863587159136793,discordant_HIGH
AK1,0.6357523446619735,0.979957838042997,-0.257,0.973,-0.8927523446619735,ambiguous
ARHGEF7,-0.2466741224574521,0.822136144276097,-0.723,0.947,-0.47632587754254785,ambiguous
ATP1A1,-0.6082793359660602,0.5830307276062,0.235,0.978,0.8432793359660602,ambiguous
SPARC,0.492231870225452,0.5830307276062,-0.315,0.959,-0.807231870225452,ambiguous
TGM2,0.03613706833905994,0.584623800751903,0.0546,0.985,0.01846293166094006,ambiguous
RPL27,0.3314719984301065,0.584706230220507,-0.294,0.981,-0.6254719984301065,ambiguous
PFKM,0.8148290168651723,0.967873869288382,-0.522,0.918,-1.3368290168651722,discordant_HIGH
LDHB,-0.20287238402819593,0.854475980208159,0.362,0.957,0.564872384028196,ambiguous
PEX5,-0.327072931289712,0.822136144276097,-0.411,0.976,-0.08392706871028799,ambiguous
PSMA5,-0.22595694436982353,0.945031987531334,-0.113,0.983,0.11295694436982352,ambiguous
MAPRE2,-0.2577766606007541,0.822136144276097,-0.0218,0.985,0.23597666060075412,ambiguous
ARHGEF2,0.51926821705102,0.59028662376408,-0.3,0.978,-0.8192682170510199,ambiguous
ATP5C1,0.2716201116601209,0.822136144276097,-0.267,0.914,-0.5386201116601209,ambiguous
NDUFV2,1.017978423028846,0.822136144276097,0.288,0.98,-0.729978423028846,ambiguous
SYT1,-0.355482303735676,0.593357474058287,-0.256,0.979,0.09948230373567601,ambiguous
NEFL,-0.5381220662579779,0.59913747401255,-0.391,0.929,0.14712206625797786,ambiguous
NAP1L1,-0.16409785085810963,0.822136144276097,0.179,0.969,0.3430978508581096,ambiguous
CAPRIN1,0.4929611042333576,0.689025950665943,0.533,0.889,0.040038895766642435,ambiguous
PREP,-0.883264447403477,0.605601801804837,-0.322,0.981,0.5612644474034769,ambiguous
TRAPPC10,-0.460330994319036,0.609275559487405,0.459,0.882,0.919330994319036,ambiguous
ESD,0.2903826228137415,0.609518401263881,0.735,0.903,0.4446173771862585,ambiguous
RPL6,-0.015798147469019003,0.60993269911303,0.319,0.965,0.33479814746901904,ambiguous
ADD2,0.27555720093848374,0.979670371039557,-0.552,0.921,-0.8275572009384837,ambiguous
ATP1A2,-0.713439991485213,0.612119474004877,0.439,0.936,1.152439991485213,ambiguous
TCEB1,0.5409701591550884,0.822136144276097,0.0421,0.983,-0.49887015915508837,ambiguous
PI4KA,-0.1527565847043606,0.822136144276097,-0.694,0.921,-0.5412434152956394,ambiguous
ADAR,0.8646263740999628,0.811284787603093,1.03,0.846,0.16537362590003724,concordant_up
MPZ,-0.6008132125544459,0.971576129023666,0.635,0.98,1.2358132125544459,discordant_LOW
TSN,0.725481168991304,0.619640653996986,-0.738,0.955,-1.4634811689913039,discordant_HIGH
DYNLT3,-0.5132048847444326,0.822136144276097,-0.477,0.949,0.03620488474443262,ambiguous
SLC12A2,-0.691965254138033,0.621304922169123,0.217,0.98,0.908965254138033,ambiguous
PRPS1,0.5893564904183318,0.792995373080433,-0.252,0.976,-0.8413564904183318,ambiguous
CRYAB,0.03568472814031201,0.623175200222288,0.349,0.917,0.313315271859688,ambiguous
HYOU1,-0.19037343820503727,0.881295008172243,-0.089,0.982,0.10137343820503728,ambiguous
LDHA,0.36562441645621746,0.822136144276097,0.288,0.975,-0.07762441645621748,ambiguous
MAST1,-1.054404874392672,0.623175200222288,-0.647,0.93,0.4074048743926719,concordant_down
PIP4K2A,-0.6508362812626025,0.623175200222288,0.113,0.979,0.7638362812626025,ambiguous
LRPPRC,-0.6409283691184134,0.623175200222288,0.0175,0.985,0.6584283691184134,ambiguous
EIF4G3,-0.3126514778698096,0.703603903155269,-0.727,0.861,-0.41434852213019036,ambiguous
AARS,0.11979253412330229,0.868238096448679,-0.298,0.94,-0.4177925341233023,ambiguous
MAP2K1,-0.1766776744869755,0.623175200222288,-0.322,0.941,-0.14532232551302451,ambiguous
CSRP1,0.277361585915725,0.623455466659377,0.204,0.98,-0.07336158591572503,ambiguous
IFIT3,-0.0037358751832980153,0.623484202833157,0.568,0.963,0.5717358751832979,ambiguous
TKT,-0.308186785259753,0.62446999928633,-0.0639,0.983,0.244286785259753,ambiguous
SEC13,0.283261660146202,0.62446999928633,-0.312,0.981,-0.595261660146202,ambiguous
HSP90AB1,-0.15211475968317284,0.639009960772034,-0.32,0.949,-0.16788524031682717,ambiguous
KARS,0.1821115962727925,0.756265740724941,0.0593,0.984,-0.1228115962727925,ambiguous
G3BP1,-0.275559795293094,0.625504293793757,0.47,0.975,0.7455597952930939,ambiguous
CUL1,-0.8417625409234053,0.925899182178992,-0.94,0.57,-0.09823745907659465,concordant_down
FXR1,-0.15028115389505803,0.845100486220447,-0.419,0.976,-0.26871884610494196,ambiguous
RPL24,-0.0016228920799515045,0.62818316874765,0.713,0.953,0.7146228920799514,ambiguous
RPL19,0.31186696573252204,0.628790227297793,-1.02,0.959,-1.3318669657325222,ambiguous
CCT4,0.24569084038617728,0.628790227297793,-0.201,0.958,-0.4466908403861773,ambiguous
PSMC3,-0.16605919697330415,0.822136144276097,-0.133,0.98,0.033059196973304145,ambiguous
ITPR1,0.5148002592337554,0.977804821396804,0.017,0.985,-0.49780025923375537,ambiguous
AP3D1,-0.7641158285843717,0.976264741364951,-0.167,0.978,0.5971158285843716,ambiguous
COX7A2,-0.15780260210053,0.630014664512882,-0.805,0.956,-0.6471973978994701,ambiguous
ABR,0.606418131969256,0.630014664512882,0.346,0.902,-0.260418131969256,ambiguous
OXCT1,-0.6644609780720796,0.630014664512882,-0.452,0.956,0.2124609780720796,ambiguous
MAPK3,-0.4143482109755996,0.984177084817103,-0.206,0.97,0.2083482109755996,ambiguous
PTEN,-0.38749921529933085,0.822136144276097,-0.377,0.969,0.010499215299330844,ambiguous
RHOA,0.19830354237443495,0.631022853931655,0.314,0.976,0.11569645762556505,ambiguous
IGBP1,0.3893275395102802,0.822136144276097,-0.609,0.909,-0.9983275395102802,ambiguous
ACTR1B,-0.5689941796248749,0.809492974987475,-0.698,0.964,-0.1290058203751251,concordant_down
PGD,0.9797215881991399,0.764538236957103,1.8,0.762,0.8202784118008601,concordant_up
UBE2N,0.9539757716951965,0.822136144276097,-0.259,0.979,-1.2129757716951965,ambiguous
ME3,0.8987768857579834,0.647038731306546,-0.72,0.947,-1.6187768857579834,discordant_HIGH
GLUL,-0.057669837255347994,0.647949011953548,0.596,0.969,0.653669837255348,ambiguous
KPNB1,-0.7619660365715942,0.897705971965173,0.132,0.979,0.8939660365715942,ambiguous
EIF3I,-0.089386129387438,0.648292940344484,-0.0055,0.986,0.08388612938743799,ambiguous
HSPA5,-0.6031323635622897,0.648292940344484,0.077,0.981,0.6801323635622897,ambiguous
ATP6V1C1,0.2086480472484605,0.90603325615994,0.221,0.976,0.012351952751539497,ambiguous
PDHX,-0.6335592883206,0.651671054876446,-0.111,0.981,0.5225592883206001,ambiguous
EIF5,-0.584441290362135,0.859280921138008,0.262,0.976,0.846441290362135,ambiguous
RPS24,-0.013841488799944984,0.654182924315325,0.169,0.977,0.182841488799945,ambiguous
CAPN1,-0.333632982112313,0.654530752700701,-0.0322,0.985,0.301432982112313,ambiguous
RHOB,0.8434010554299365,0.655731232753254,-0.163,0.984,-1.0064010554299365,ambiguous
ACAT1,0.4245909060494105,0.65669539562966,0.796,0.906,0.3714090939505895,ambiguous
PRKAR2B,0.5771085065647156,0.937061209680949,-0.0418,0.984,-0.6189085065647155,ambiguous
LAMA4,0.4453800146638035,0.661668586995642,1.27,0.932,0.8246199853361965,ambiguous
LPP,-0.30927451969952496,0.661668586995642,1.2,0.482,1.509274519699525,ambiguous
HNRNPA1,-0.16551992026357948,0.662056935965944,0.0573,0.983,0.22281992026357947,ambiguous
SFPQ,-0.538350820052613,0.662686370383593,1.01,0.942,1.548350820052613,discordant_LOW
MPP2,-0.2831766664092965,0.797279127538923,-0.00178,0.986,0.2813966664092965,ambiguous
UQCRB,-0.3452335405653614,0.822136144276097,0.176,0.982,0.5212335405653614,ambiguous
GDI2,0.7149060964182983,0.822136144276097,0.457,0.938,-0.25790609641829826,ambiguous
ENO1,-0.0955517960093845,0.666987608110537,0.293,0.951,0.3885517960093845,ambiguous
MAPK1,0.7758866899871404,0.818863931281039,0.0583,0.982,-0.7175866899871404,ambiguous
ACAA2,-0.39869147207539,0.674245221652067,0.55,0.955,0.9486914720753901,ambiguous
IARS,-0.2960334212817861,0.822136144276097,-0.778,0.923,-0.4819665787182139,ambiguous
CTNNA1,0.39505953612378,0.6787594288711,1.87,0.128,1.4749404638762202,ambiguous
ACO2,0.3352487216840737,0.876693341406181,0.233,0.968,-0.1022487216840737,ambiguous
RPL38,-0.0020934096041549943,0.683193077758219,1.0,0.906,1.002093409604155,ambiguous
KIF2A,-0.7023612447272082,0.860805949353425,-0.371,0.957,0.3313612447272082,ambiguous
SHMT2,0.536569620540253,0.683977630336106,-0.719,0.954,-1.255569620540253,discordant_HIGH
COX6B1,0.18006496075919048,0.696827175083042,-0.51,0.977,-0.6900649607591904,ambiguous
KIAA0196,-0.3215648927472994,0.689945811144765,-0.098,0.984,0.22356489274729938,ambiguous
PTPRS,0.9031507536485976,0.790602444785248,-0.226,0.96,-1.1291507536485976,ambiguous
HNRNPD,-0.09373808893622146,0.691196201007678,0.53,0.949,0.6237380889362215,ambiguous
PSMD4,0.6128476022132877,0.693511953539128,-0.0699,0.984,-0.6827476022132877,ambiguous
RPL8,0.349059874572881,0.693511953539128,0.684,0.63,0.33494012542711904,ambiguous
PTPRZ1,0.6123983809024031,0.700069762312695,0.298,0.967,-0.3143983809024031,ambiguous
DDX1,0.5490115090474434,0.822136144276097,-0.224,0.972,-0.7730115090474434,ambiguous
COX4I1,0.1586764158913497,0.746688388909584,0.233,0.975,0.07432358410865031,ambiguous
PSMD6,-0.2407513356054875,0.704831796408702,-0.222,0.968,0.0187513356054875,ambiguous
PPP1CB,0.28264238512318235,0.704831796408702,-0.212,0.983,-0.49464238512318237,ambiguous
COX5B,-0.2542448957583285,0.706369591537103,-0.179,0.976,0.07524489575832849,ambiguous
CAPNS1,0.1848477753542289,0.75107385633263,-0.00818,0.985,-0.19302777535422888,ambiguous
PRKDC,-0.6708246674166853,0.979670371039557,-0.225,0.978,0.44582466741668536,ambiguous
USP9X,0.3483162966756248,0.713169374276507,-0.288,0.961,-0.6363162966756248,ambiguous
EEF1D,-0.4145989763739074,0.713169374276507,-0.465,0.974,-0.05040102362609261,ambiguous
DLD,-0.2340995053980335,0.713169374276507,-0.0334,0.984,0.2006995053980335,ambiguous
CALB2,-0.24966337140334144,0.956926405996831,-0.701,0.948,-0.4513366285966585,ambiguous
ATP2B2,0.5671947763735986,0.717016545217162,0.0921,0.984,-0.4750947763735986,ambiguous
PSMF1,0.3637260334812862,0.822136144276097,-1.94,0.681,-2.3037260334812864,ambiguous
CIRBP,-0.17426187763427203,0.717016545217162,-0.615,0.964,-0.44073812236572796,ambiguous
ATP6V1A,-0.7176190204707675,0.822136144276097,-0.196,0.964,0.5216190204707676,ambiguous
SUCLG1,0.47366821458707553,0.718587828285883,0.0221,0.985,-0.4515682145870755,ambiguous
GSPT1,0.4719350032199249,0.718587828285883,-0.211,0.979,-0.6829350032199248,ambiguous
GSTM5,1.0466651457909726,0.718661667565577,-0.458,0.977,-1.5046651457909725,ambiguous
ATXN10,0.6220462184270461,0.822136144276097,-0.579,0.917,-1.201046218427046,discordant_HIGH
CTNNA2,0.5761677081424346,0.905900333526039,0.309,0.962,-0.26716770814243457,ambiguous
ALDH7A1,-0.031895733174872015,0.822136144276097,0.754,0.968,0.785895733174872,ambiguous
RPS6KA2,-0.474474905339283,0.729676386651121,-0.149,0.974,0.325474905339283,ambiguous
RPN2,0.2230845964764965,0.730850999232621,-0.194,0.982,-0.41708459647649654,ambiguous
GNAI2,-0.20837902909682798,0.731772121033468,0.0861,0.979,0.294479029096828,ambiguous
HBB,-0.3645630970338435,0.867566790803152,0.38,0.965,0.7445630970338435,ambiguous
KTN1,-0.36575755008232536,0.737323385963666,-0.736,0.953,-0.37024244991767463,ambiguous
OAT,0.5949247632919806,0.822136144276097,-0.112,0.981,-0.7069247632919806,ambiguous
SCN2A,-0.6136754529408176,0.943333209891072,-0.0727,0.985,0.5409754529408176,ambiguous
AKT2,0.6108969559581106,0.737323385963666,-0.0823,0.984,-0.6931969559581106,ambiguous
MTM1,0.55031797711335,0.978253672826506,0.308,0.98,-0.24231797711334996,ambiguous
TSFM,-0.4899976212681747,0.836153911746681,0.217,0.977,0.7069976212681747,ambiguous
UBXN1,0.2976582331010195,0.765083528338677,-0.181,0.98,-0.4786582331010195,ambiguous
ACADVL,0.11143094380469824,0.88071558383976,0.481,0.883,0.3695690561953017,ambiguous
RHEB,0.2157970294052791,0.841365928935467,0.726,0.957,0.5102029705947209,ambiguous
FTL,0.46055316189865847,0.747563537315578,0.501,0.96,0.04044683810134153,ambiguous
CD9,1.89314858176922,0.749261737414736,-0.164,0.983,-2.05714858176922,ambiguous
NAPG,-0.4982933511885669,0.749830934916957,0.0691,0.984,0.5673933511885669,ambiguous
APBA1,-0.1741107073617925,0.753280980969631,0.14,0.98,0.3141107073617925,ambiguous
PYGB,-0.2219692844535382,0.816037752891586,-0.432,0.662,-0.2100307155464618,ambiguous
STIM1,-0.5980927442842098,0.822136144276097,-0.275,0.978,0.32309274428420975,ambiguous
GLO1,0.2734201661370643,0.998134730658464,-0.00425,0.986,-0.2776701661370643,ambiguous
LGALS1,-0.11458102425220591,0.822136144276097,0.653,0.929,0.767581024252206,ambiguous
YES1,-0.06665966814103547,0.757138884934459,0.471,0.96,0.5376596681410355,ambiguous
UBE4A,-0.46061723835676754,0.963281953743701,-0.455,0.969,0.005617238356767529,ambiguous
GANAB,-0.15321709182372048,0.764623668886108,-0.168,0.982,-0.01478290817627953,ambiguous
RAB31,0.40164581039478753,0.764623668886108,0.393,0.975,-0.008645810394787512,ambiguous
PPP1R7,0.14800079029276536,0.822136144276097,-0.423,0.973,-0.5710007902927654,ambiguous
DLST,0.15628394369275672,0.936733181050735,-0.112,0.982,-0.2682839436927567,ambiguous
GUCY1B3,0.42536878732012123,0.764623668886108,-0.651,0.949,-1.0763687873201213,ambiguous
RPS3,0.025161276896737,0.764623668886108,1.41,0.718,1.3848387231032628,ambiguous
RBM39,0.37439287326793896,0.764623668886108,0.682,0.165,0.3076071267320611,ambiguous
AKR1C1,-0.6132962981941487,0.822136144276097,0.333,0.973,0.9462962981941487,ambiguous
CACNA2D1,0.5017008938480034,0.822136144276097,-0.326,0.978,-0.8277008938480035,ambiguous
VCAN,0.13800063850468097,0.764623668886108,0.341,0.969,0.20299936149531905,ambiguous
PSMC2,0.7878669379809844,0.997834667556435,0.349,0.941,-0.4388669379809844,ambiguous
EIF4G1,-0.6569065289155126,0.941712109150229,0.203,0.978,0.8599065289155126,ambiguous
PHYHIP,0.24084100918925191,0.822136144276097,-0.0411,0.984,-0.2819410091892519,ambiguous
CAMK2D,0.3586350239747156,0.970861391100744,0.432,0.749,0.07336497602528441,ambiguous
EIF2AK2,-0.07368109269501401,0.764623668886108,0.248,0.982,0.321681092695014,ambiguous
MAP1A,0.24794068956658072,0.819335243723647,-0.241,0.943,-0.4889406895665807,ambiguous
COX5A,-0.537567793458171,0.943922274965992,-0.0883,0.983,0.44926779345817097,ambiguous
BCKDHB,0.326470098884426,0.764623668886108,0.106,0.984,-0.22047009888442604,ambiguous
GUK1,-0.6909255342052651,0.822136144276097,-0.314,0.931,0.37692553420526514,ambiguous
SRP72,-0.38915821675441054,0.764623668886108,-0.442,0.961,-0.05284178324558947,ambiguous
IFIT1,-0.2025742567805952,0.991513266083272,0.614,0.958,0.8165742567805951,ambiguous
GSTM3,0.5354015181670471,0.764623668886108,0.0065,0.985,-0.5289015181670471,ambiguous
PFKP,0.529073027347319,0.764948601948762,-0.286,0.941,-0.815073027347319,ambiguous
MOG,0.2200887023224355,0.765067162838261,0.239,0.98,0.018911297677564498,ambiguous
VDAC1,-0.12215267103471414,0.822136144276097,-0.28,0.975,-0.1578473289652859,ambiguous
RAP1A,-0.31573601166306897,0.766052237457572,-0.119,0.979,0.19673601166306898,ambiguous
AGL,0.48374168723113053,0.766169867474786,0.575,0.964,0.09125831276886942,ambiguous
MAPRE3,0.21991446779935267,0.806956385244486,-0.472,0.918,-0.6919144677993526,ambiguous
A2M,0.428449797538767,0.766352845466727,0.305,0.981,-0.123449797538767,ambiguous
SLC25A13,0.6146988711069645,0.766497681209466,-0.114,0.984,-0.7286988711069645,ambiguous
EIF2B5,-0.435242954599804,0.766995822427607,-0.425,0.97,0.01024295459980401,ambiguous
YWHAH,-0.21563204821665335,0.766995822427607,-0.00474,0.986,0.21089204821665336,ambiguous
CUL2,-0.4774758417946944,0.822136144276097,-0.668,0.949,-0.19052415820530566,ambiguous
GBE1,0.347729809094042,0.767240390672075,-0.283,0.977,-0.630729809094042,ambiguous
COPB2,-0.39008942889381315,0.767240390672075,-0.255,0.981,0.13508942889381315,ambiguous
ADD3,-0.094241404907284,0.767635396931288,0.484,0.935,0.5782414049072839,ambiguous
PRKAA2,-0.16322528377129147,0.856252838348846,-0.245,0.959,-0.08177471622870852,ambiguous
ALDOC,-0.1163515068556072,0.822136144276097,-0.258,0.967,-0.14164849314439282,ambiguous
ALDH5A1,-0.1518228420692835,0.767635396931288,-1.04,0.961,-0.8881771579307165,ambiguous
UCHL1,-0.26190562291856906,0.822136144276097,-0.163,0.98,0.09890562291856905,ambiguous
RSU1,0.24910976071780477,0.769181613470682,0.304,0.972,0.05489023928219522,ambiguous
HTT,-0.25857696929444,0.769694506959809,-0.641,0.774,-0.38242303070556,ambiguous
PGK1,-0.10303936886891975,0.822136144276097,0.363,0.949,0.4660393688689197,ambiguous
ATP1B2,0.274315090129342,0.770800470451102,0.202,0.981,-0.07231509012934201,ambiguous
CAP1,0.1288166667639172,0.770800470451102,-0.0181,0.985,-0.1469166667639172,ambiguous
EIF5A,0.683811050218933,0.822136144276097,-0.0254,0.985,-0.7092110502189329,ambiguous
DDB1,0.17742157255192198,0.777521743810255,0.481,0.949,0.303578427448078,ambiguous
DNAJB1,-0.06793684862302796,0.797279127538923,-0.528,0.973,-0.46006315137697207,ambiguous
MPP1,-0.23614366913560203,0.782018819103251,-0.363,0.921,-0.12685633086439796,ambiguous
TUBB3,-0.3118709547804605,0.782486343017291,-0.216,0.969,0.09587095478046051,ambiguous
GNL1,-0.36602884394658947,0.785216201582477,-0.0984,0.981,0.2676288439465895,ambiguous
S100A10,0.2720155826316361,0.822136144276097,1.36,0.895,1.087984417368364,ambiguous
CBX3,0.40899829357742107,0.822136144276097,-0.214,0.983,-0.6229982935774211,ambiguous
HSPA2,-0.08925391408013947,0.785475262339636,0.0435,0.984,0.13275391408013948,ambiguous
TRIO,0.1148717541812985,0.822136144276097,-0.437,0.974,-0.5518717541812985,ambiguous
EPHX1,-0.17148222413585296,0.822136144276097,1.09,0.938,1.261482224135853,ambiguous
USP7,-0.2560537469314419,0.788424697195687,-0.506,0.963,-0.2499462530685581,ambiguous
SCRN1,-0.13879115036470535,0.78911782281189,-0.166,0.982,-0.027208849635294657,ambiguous
ECHS1,0.08512520236322525,0.882227217766738,0.169,0.978,0.08387479763677476,ambiguous
HSPA4,-0.4297896353113332,0.822136144276097,-0.338,0.967,0.09178963531133316,ambiguous
CCT7,0.3825230627852075,0.878205581347767,-0.26,0.946,-0.6425230627852074,ambiguous
NDUFA4,-0.11882180884216549,0.822136144276097,0.0964,0.984,0.2152218088421655,ambiguous
MAP2K4,-0.5385011589162916,0.794624784482795,-0.384,0.971,0.15450115891629157,ambiguous
IDH1,0.32575075703107526,0.794869559927031,0.334,0.976,0.008249242968924764,ambiguous
IDH3B,-0.5930372899312457,0.934495377141205,-0.584,0.383,0.009037289931245751,concordant_down
ADD1,-0.12361020463132,0.80138728738567,0.00842,0.985,0.13203020463132,ambiguous
UQCRFS1,-0.2031602036209666,0.956118473070801,0.105,0.983,0.3081602036209666,ambiguous
OGDH,0.13450063599894546,0.957944671137143,-0.186,0.975,-0.32050063599894546,ambiguous
OSTF1,-0.4930104153654854,0.882563614751558,0.00842,0.985,0.5014304153654854,ambiguous
CADPS,-0.380509080578437,0.802365969539019,-0.576,0.808,-0.19549091942156294,ambiguous
DLG2,-0.1708633181426315,0.822136144276097,0.117,0.983,0.2878633181426315,ambiguous
CAPN2,-0.12254952842675436,0.949367625136095,-0.00775,0.985,0.11479952842675437,ambiguous
TBCB,-0.1549886232317338,0.805975715452126,0.613,0.97,0.7679886232317338,ambiguous
TPM1,0.3530445459157223,0.813218653367157,0.458,0.972,0.1049554540842777,ambiguous
SDHB,0.14239772411537074,0.822136144276097,-0.402,0.974,-0.5443977241153708,ambiguous
MX1,-0.5185801058281277,0.881481498401903,1.0,0.861,1.5185801058281276,discordant_LOW
PRKAR1B,0.383354559749397,0.822866861795825,-0.962,0.71,-1.345354559749397,ambiguous
PFN2,0.131397410706643,0.825447452638041,0.58,0.83,0.44860258929335695,ambiguous
NAP1L4,0.400684629839003,0.827003380554208,0.043,0.984,-0.357684629839003,ambiguous
ATP2A2,-0.0872894078445163,0.934524529773803,-0.139,0.979,-0.05171059215548371,ambiguous
STAT3,0.1230058781431329,0.997188882492527,-0.0937,0.979,-0.2167058781431329,ambiguous
ATP2B4,0.5620148041395235,0.830996643378108,-0.243,0.979,-0.8050148041395235,ambiguous
VCL,-0.33202722241842747,0.83311946351414,0.719,0.726,1.0510272224184274,ambiguous
RAC1,0.1913990660671692,0.835098571054499,0.247,0.981,0.055600933932830804,ambiguous
UQCRC2,-0.4892471151018057,0.835661573023044,0.252,0.964,0.7412471151018056,ambiguous
VPS45,0.3659991335107651,0.912438544675182,-0.215,0.979,-0.580999133510765,ambiguous
ATP2B3,-0.3292528590217794,0.841255240136368,-0.974,0.681,-0.6447471409782206,ambiguous
TMOD1,0.18628707805734,0.846914355470107,0.488,0.958,0.30171292194266,ambiguous
TPM3,-0.13221099024090555,0.841727106627812,0.757,0.873,0.8892109902409056,ambiguous
GCLC,0.4337984411994042,0.843941079719761,-0.565,0.973,-0.9987984411994042,ambiguous
MLF2,0.1370864968552403,0.844504491902316,0.409,0.943,0.2719135031447597,ambiguous
GNB1,-0.0808636276117927,0.846146536404131,0.114,0.98,0.1948636276117927,ambiguous
ALDH18A1,0.400995052655902,0.859128865095718,-0.148,0.982,-0.548995052655902,ambiguous
CUL5,-0.3824705502380184,0.940533390490157,-0.182,0.981,0.2004705502380184,ambiguous
UBA1,-0.05554340722083635,0.848926789834737,-0.287,0.966,-0.23145659277916364,ambiguous
PRUNE2,-0.2569206779625175,0.850607141226341,-0.723,0.94,-0.4660793220374825,ambiguous
S100B,0.173780373471238,0.850607141226341,1.29,0.305,1.116219626528762,ambiguous
MAT2A,-0.3169466593404605,0.854512084987047,-0.58,0.954,-0.26305334065953945,ambiguous
SKP1,-0.09053988560108814,0.854556757014861,0.979,0.319,1.069539885601088,ambiguous
MDH1,-0.13022101450939305,0.856417346979265,-0.157,0.981,-0.02677898549060695,ambiguous
RBBP7,-0.25273205353059874,0.857061563307563,-0.543,0.974,-0.2902679464694013,ambiguous
ADSS,-0.35319400779103405,0.857788407481244,-1.26,0.92,-0.906805992208966,ambiguous
INPP4A,0.3653746037094166,0.857875451613546,-0.843,0.921,-1.2083746037094165,ambiguous
SEC23A,-0.1666388927286327,0.861906503274943,0.303,0.902,0.4696388927286327,ambiguous
KPNA4,0.3122770744928288,0.862084942395237,-0.274,0.974,-0.5862770744928288,ambiguous
RBBP4,0.481151224589989,0.862192831555694,0.771,0.952,0.28984877541001103,ambiguous
NT5E,0.639332557778756,0.865344140991512,0.742,0.953,0.10266744222124402,concordant_up
GNAI1,-0.1259633869030936,0.870830487808242,0.156,0.972,0.28196338690309364,ambiguous
RPS21,0.2736331395470575,0.874233100576817,0.456,0.967,0.18236686045294254,ambiguous
ARPC2,-0.02228018704473455,0.874233100576817,0.131,0.976,0.15328018704473456,ambiguous
GALC,0.2114939001995505,0.874233100576817,-0.134,0.983,-0.3454939001995505,ambiguous
PARK7,0.10319293349213245,0.875488241607496,0.491,0.946,0.38780706650786756,ambiguous
AKAP12,0.30726405545615576,0.876180300503618,-0.0899,0.981,-0.39716405545615574,ambiguous
RAB3GAP1,0.1922154129552771,0.876180300503618,-0.0506,0.983,-0.24281541295527712,ambiguous
ALDH9A1,0.16643072113747648,0.877238791069845,-0.127,0.984,-0.2934307211374765,ambiguous
CSNK2B,0.1610204729995435,0.879505051884471,-0.279,0.97,-0.4400204729995435,ambiguous
IPO5,-0.1508536252766738,0.87988715831709,-0.0971,0.983,0.05375362527667378,ambiguous
TJP1,0.015785120921321505,0.880757046124136,0.612,0.964,0.5962148790786785,ambiguous
ARHGEF6,0.440632669068302,0.881989065719684,0.544,0.917,0.10336733093169803,ambiguous
IDH3A,-0.0713619357366939,0.885885517247548,-0.401,0.911,-0.3296380642633061,ambiguous
PTPN1,-0.1493342350983555,0.893575533252913,-0.715,0.977,-0.5656657649016444,ambiguous
ANXA5,0.1778111640098835,0.885885517247548,0.103,0.983,-0.07481116400988351,ambiguous
GJA1,0.357332013912727,0.886141341130261,0.417,0.956,0.05966798608727297,ambiguous
MAOA,0.25318268956562107,0.887871636180454,0.957,0.951,0.7038173104343789,ambiguous
NDUFS1,0.26318616965528874,0.887958796980673,-0.195,0.972,-0.45818616965528874,ambiguous
PIP4K2B,0.3690377676622133,0.935332490338807,-0.339,0.956,-0.7080377676622134,ambiguous
CD59,-0.09569875867504565,0.910663281722298,1.06,0.26,1.1556987586750458,ambiguous
PGAM1,-0.115134779008447,0.889860840926905,-0.233,0.975,-0.11786522099155301,ambiguous
GSK3B,0.12678367785348119,0.892578032331578,-0.282,0.98,-0.40878367785348113,ambiguous
YWHAZ,0.08442377134649155,0.967548792356035,-0.208,0.976,-0.29242377134649156,ambiguous
NPM1,-0.030965604469964506,0.895039062697716,0.398,0.939,0.4289656044699645,ambiguous
ARF5,0.4078314081498402,0.91811907542248,-0.132,0.982,-0.5398314081498402,ambiguous
AP3M2,0.33037260575460015,0.895155566847382,-1.46,0.284,-1.7903726057546,ambiguous
PDE4B,0.052821977463336486,0.899498031014782,-0.122,0.983,-0.1748219774633365,ambiguous
PGRMC1,-0.1691646817481355,0.900234597157009,-0.287,0.976,-0.11783531825186447,ambiguous
SYN2,-0.3032642873089361,0.900579308553314,-0.763,0.752,-0.4597357126910639,ambiguous
ANK2,-0.31859328671422027,0.901219358577164,-0.114,0.98,0.20459328671422028,ambiguous
RPS9,0.3812659571650605,0.902005105209455,0.753,0.498,0.3717340428349395,ambiguous
CKAP4,-0.09317282053269249,0.903164854581815,-0.125,0.983,-0.03182717946730751,ambiguous
GLUD1,-0.037203242017794146,0.903331910671663,0.395,0.936,0.43220324201779414,ambiguous
HIBCH,-0.1265991635259575,0.903755247541593,-0.235,0.98,-0.1084008364740425,ambiguous
ITPKB,0.9132635946368125,0.90651507101608,0.267,0.979,-0.6462635946368125,ambiguous
DLAT,-0.21055050192589875,0.90651507101608,-0.169,0.979,0.041550501925898736,ambiguous
UBE3C,0.12768702308630248,0.910075737343777,-0.861,0.901,-0.9886870230863025,ambiguous
MAPK10,0.2844237979604055,0.910764741457227,-0.462,0.973,-0.7464237979604056,ambiguous
ARF4,-0.0400106289865665,0.91190190161918,0.329,0.973,0.3690106289865665,ambiguous
GOT2,-0.1170484563028356,0.913976054962271,-0.0158,0.986,0.1012484563028356,ambiguous
PMVK,0.5047170846450505,0.913976054962271,0.296,0.934,-0.2087170846450505,ambiguous
MYO1E,0.392961818675987,0.914486214592068,-0.17,0.983,-0.562961818675987,ambiguous
HSD17B4,-0.182924002231638,0.914691663146759,-0.0298,0.984,0.153124002231638,ambiguous
SQSTM1,0.17136555746335386,0.91652792387186,0.178,0.983,0.006634442536646135,ambiguous
SARS,-0.10071908305064844,0.91652792387186,-0.337,0.962,-0.23628091694935158,ambiguous
CAPZA2,-0.11936629905543414,0.91652792387186,0.16,0.979,0.27936629905543414,ambiguous
COX6A1,-0.020026074317015502,0.917375487776438,-0.214,0.982,-0.1939739256829845,ambiguous
LARS2,0.080193929092672,0.917792461701681,0.564,0.969,0.48380607090732797,ambiguous
ADCY8,0.5838804363571051,0.917792461701681,0.655,0.979,0.07111956364289496,concordant_up
CD44,0.04430230192880702,0.919999541603795,1.03,0.717,0.985697698071193,ambiguous
PCCA,-0.1212358770201228,0.920277049247399,1.04,0.636,1.1612358770201228,ambiguous
HNRNPU,-0.16047256140398902,0.920499147055204,0.337,0.957,0.49747256140398904,ambiguous
NAMPT,0.31582354879021046,0.922214474957435,0.56,0.892,0.2441764512097896,ambiguous
KIFAP3,0.13038138962502813,0.922322901949657,-0.357,0.974,-0.4873813896250281,ambiguous
RCN2,0.15358561079880415,0.923724773447826,-0.186,0.983,-0.3395856107988041,ambiguous
CAPZA1,0.120670317894607,0.926149679825782,-0.174,0.983,-0.29467031789460696,ambiguous
LAMC1,0.5400878328774175,0.928162338551663,0.842,0.921,0.3019121671225825,concordant_up
PPP2R5B,-0.180454373290392,0.929054438007751,-0.849,0.925,-0.6685456267096079,ambiguous
AMPH,-0.2865077032676075,0.929054438007751,-0.835,0.915,-0.5484922967323924,ambiguous
HNRNPA0,-0.3248958293659267,0.975561410564717,0.355,0.963,0.6798958293659267,ambiguous
PRDX2,0.13736657306275873,0.931792081031457,0.474,0.946,0.33663342693724124,ambiguous
NDUFA5,0.2620635155929728,0.935018032507947,-0.041,0.984,-0.3030635155929728,ambiguous
HIST2H2BE,-0.233463151472471,0.935277327505198,0.472,0.967,0.705463151472471,ambiguous
PIN1,-0.08675497549107196,0.978005812832856,-0.6,0.507,-0.5132450245089281,ambiguous
SSBP1,-0.09449660031259074,0.937649665663369,-0.0511,0.984,0.043396600312590745,ambiguous
EFTUD2,0.2454283495592527,0.938240819752087,0.227,0.964,-0.018428349559252682,ambiguous
ARHGAP5,0.3089955205762495,0.940900433876091,-0.48,0.974,-0.7889955205762496,ambiguous
AHNAK,0.2192813339644655,0.943106698293269,0.937,0.379,0.7177186660355346,ambiguous
METAP1,-0.07863985347115046,0.943176754062601,0.0338,0.985,0.11243985347115046,ambiguous
HSPA9,-0.12085517730460564,0.998134730658464,-0.251,0.961,-0.13014482269539435,ambiguous
PHKB,-0.1468566353870395,0.945981691973196,0.396,0.967,0.5428566353870395,ambiguous
PARP1,0.052358300090962456,0.946140301193422,0.772,0.78,0.7196416999090376,ambiguous
CPE,-0.030992847302178606,0.94622336937736,-0.379,0.977,-0.3480071526978214,ambiguous
KPNA1,0.06389620279004381,0.946839968065125,0.262,0.976,0.1981037972099562,ambiguous
ALDOA,-0.06358217641766865,0.956198353430383,0.0042,0.986,0.06778217641766865,ambiguous
INA,-0.01774789399330501,0.948077734824688,-0.441,0.909,-0.423252106006695,ambiguous
AP2B1,-0.06242219196094925,0.948532616349725,-0.646,0.876,-0.5835778080390508,ambiguous
KIF5A,0.1553026005451268,0.951850878617063,-0.206,0.965,-0.36130260054512675,ambiguous
DDX17,-0.103341374078603,0.952053837955918,-0.255,0.98,-0.151658625921397,ambiguous
RANBP1,-0.3334264094228775,0.957239598992592,-0.348,0.969,-0.014573590577122486,ambiguous
CKAP5,0.025780179814530298,0.957239598992592,-0.088,0.981,-0.11378017981453029,ambiguous
RAB9A,0.14908494692610802,0.959255965342604,-0.0709,0.985,-0.21998494692610804,ambiguous
SDCBP,0.028971726072643998,0.959686412321418,0.286,0.974,0.257028273927356,ambiguous
ARL1,0.12057394540460364,0.9597082256054,-0.655,0.955,-0.7755739454046037,ambiguous
HNRNPM,0.0895225038481676,0.961867740728424,0.294,0.978,0.2044774961518324,ambiguous
U2AF1,-0.112746930421502,0.962191883486586,0.869,0.883,0.981746930421502,ambiguous
RPN1,0.10047655788511745,0.965326232959849,0.302,0.974,0.20152344211488254,ambiguous
PSMD1,-0.08639331175219009,0.966291849801587,-0.226,0.962,-0.13960668824780992,ambiguous
SNAP25,-0.1685855538100568,0.968442735547755,-0.15,0.977,0.018585553810056804,ambiguous
PITPNA,-0.13916922476954213,0.969708925521476,0.462,0.962,0.6011692247695422,ambiguous
NPEPPS,-0.0662249158472255,0.969835643723773,-0.155,0.98,-0.0887750841527745,ambiguous
VPS41,0.16397703978933065,0.973871093366792,-0.802,0.909,-0.9659770397893307,ambiguous
RAB1A,-0.06889375148933585,0.972948511437447,1.24,0.858,1.308893751489336,ambiguous
GOT1,0.18548633623419536,0.974442506986673,-0.285,0.982,-0.47048633623419533,ambiguous
ABAT,-0.030004218110633002,0.974442506986673,0.207,0.981,0.237004218110633,ambiguous
EIF4H,0.027666924414838104,0.974442506986673,0.266,0.978,0.23833307558516192,ambiguous
DNAJA1,0.1812427459061876,0.980203036448837,-0.116,0.981,-0.2972427459061876,ambiguous
AKR1B1,0.08838959215498654,0.984840445861504,-0.0889,0.983,-0.17728959215498655,ambiguous
EMD,0.21954744713995003,0.989208389819316,0.186,0.973,-0.03354744713995003,ambiguous
STIP1,-0.22192017356803448,0.995480409940824,-0.0128,0.986,0.20912017356803447,ambiguous
PSMD7,-0.0387236609869593,0.99253854286359,-0.325,0.926,-0.2862763390130407,ambiguous
RPS17,0.0732368807069539,0.99253854286359,-0.835,0.962,-0.9082368807069539,ambiguous
PSMD14,-0.16325086159727037,0.993799484291645,-0.152,0.976,0.011250861597270373,ambiguous
PTGES3,0.1061092024309558,0.996550985329458,-0.233,0.968,-0.3391092024309558,ambiguous
MYH9,0.27955539885929803,0.996550985329458,0.745,0.54,0.46544460114070196,ambiguous
ARL3,0.1453684839631523,0.996550985329458,-0.0312,0.984,-0.1765684839631523,ambiguous
ADAM10,0.21835090044948402,0.996892726466426,0.215,0.982,-0.0033509004494840233,ambiguous
CANX,-0.017524411773558252,0.996892726466426,0.0246,0.985,0.04212441177355825,ambiguous
FARSA,-0.15457971316884866,0.998841152045063,-0.322,0.947,-0.16742028683115134,ambiguous
XRCC5,0.1136786851906899,0.998841152045063,0.196,0.98,0.08232131480931011,ambiguous
COPS2,-0.1297762129058951,0.999156409015974,-0.106,0.984,0.023776212905895114,ambiguous
PPP2R4,0.0785229673220095,1.0,-2.28,0.931,-2.3585229673220094,ambiguous
PRKAR1A,-0.052195265199157806,1.0,-0.256,0.959,-0.2038047348008422,ambiguous
ACADSB,-0.005526235796569551,1.0,0.143,0.983,0.14852623579656954,ambiguous
UQCRC1,0.002747821644022,1.0,0.0538,0.984,0.051052178355978,ambiguous
EEF2,-0.0018927760836700974,1.0,0.112,0.98,0.1138927760836701,ambiguous
GPI,0.021138967899033,1.0,-0.556,0.904,-0.5771389678990331,ambiguous
ATP5B,0.021786734851905448,1.0,-0.214,0.966,-0.23578673485190543,ambiguous
CDH2,-0.1433834615604812,1.0,0.204,0.98,0.34738346156048117,ambiguous
ATP6V1E1,0.04417967284789715,1.0,0.0508,0.984,0.0066203271521028464,ambiguous
SLC25A3,0.06864952237272726,1.0,-0.352,0.975,-0.42064952237272724,ambiguous
PDE1C,-0.21063394558320298,1.0,-1.46,0.712,-1.249366054416797,ambiguous
ACADM,-0.022022244222749156,1.0,-0.606,0.949,-0.5839777557772509,ambiguous
TSC1,-0.1391053304714284,1.0,0.0603,0.984,0.1994053304714284,ambiguous
STAT1,0.15097577352174896,1.0,-0.182,0.972,-0.33297577352174895,ambiguous
VDAC2,-0.01318065940108705,1.0,-0.404,0.959,-0.390819340598913,ambiguous
DNM1,-0.1319504929928864,1.0,-0.519,0.709,-0.3870495070071136,ambiguous
ARPC1A,-0.1399761953380983,1.0,-0.242,0.939,-0.1020238046619017,ambiguous
CHD4,0.1677675099281584,1.0,0.38,0.975,0.2122324900718416,ambiguous
RAD50,-0.10503504561599625,1.0,0.211,0.98,0.31603504561599627,ambiguous
AP2M1,-0.002982947524232553,1.0,-0.659,0.581,-0.6560170524757675,ambiguous
PIK3R1,-0.031621065747197,1.0,-0.27,0.979,-0.23837893425280302,ambiguous
FECH,-0.11747442947757936,1.0,0.233,0.982,0.35047442947757934,ambiguous
PCMT1,0.0182862847275629,1.0,0.4,0.954,0.38171371527243714,ambiguous
MUT,-0.014986691308426,1.0,0.419,0.948,0.433986691308426,ambiguous
CETN2,0.1673381869225845,1.0,-0.298,0.976,-0.4653381869225845,ambiguous
MRPS27,-0.1407811348743295,1.0,1.31,0.683,1.4507811348743296,ambiguous
MTHFD1,0.03644812021666749,1.0,-0.373,0.942,-0.4094481202166675,ambiguous
UGP2,-0.03463598494553521,1.0,-0.361,0.978,-0.3263640150544648,ambiguous
PRELP,0.2185001554604355,1.0,0.979,0.928,0.7604998445395645,ambiguous
CRYM,-0.3182523296995295,1.0,0.648,0.965,0.9662523296995296,ambiguous
SMS,-0.052133259292253,1.0,-0.35,0.98,-0.297866740707747,ambiguous
XRCC6,0.048862787334701,1.0,0.0367,0.985,-0.012162787334700997,ambiguous
DOCK1,0.36264505827326643,1.0,0.221,0.979,-0.14164505827326643,ambiguous
ATP6V0D1,-0.2372259390641015,1.0,-0.0829,0.984,0.1543259390641015,ambiguous
GPD1L,0.07707276390637391,1.0,-0.503,0.971,-0.5800727639063739,ambiguous
SPARCL1,0.03610983297288705,1.0,0.391,0.975,0.35489016702711296,ambiguous
SLC1A2,0.10521867758319835,1.0,0.0676,0.983,-0.037618677583198354,ambiguous
PSMD12,0.0051475347731841994,1.0,-0.931,0.881,-0.9361475347731842,ambiguous
TNR,0.014033581984015352,1.0,0.536,0.944,0.5219664180159846,ambiguous
ARHGDIA,-0.0403398310438882,1.0,0.436,0.971,0.4763398310438882,ambiguous
GAPDH,0.022035821390228746,1.0,0.259,0.969,0.23696417860977126,ambiguous
TNPO1,0.06903470102097779,1.0,-0.395,0.978,-0.4640347010209778,ambiguous
EPRS,0.039425346140061504,1.0,-0.0721,0.983,-0.1115253461400615,ambiguous
ATP2B1,-0.0788424136701625,1.0,-0.195,0.967,-0.11615758632983751,ambiguous
CA2,0.5978469543735235,1.0,0.809,0.959,0.21115304562647652,concordant_up
PSMD11,-0.0237938201432727,1.0,-0.409,0.973,-0.3852061798567273,ambiguous
NARS,-0.012892295118417151,1.0,-0.261,0.981,-0.24810770488158285,ambiguous
EZR,0.2042229008711344,1.0,-0.633,0.861,-0.8372229008711344,ambiguous
CBS,0.1245644822975252,1.0,-0.634,0.957,-0.7585644822975253,ambiguous
LAMA2,0.6708382732382425,1.0,0.806,0.96,0.13516172676175753,concordant_up
CCT6A,-0.032091417291765,1.0,-0.399,0.888,-0.366908582708235,ambiguous
DSTN,0.030890002464838598,1.0,-0.252,0.97,-0.2828900024648386,ambiguous
PPP2R1A,0.0036559108462721496,1.0,-0.356,0.909,-0.35965591084627213,ambiguous
AVL9,-0.016583154269461796,1.0,0.413,0.965,0.42958315426946175,ambiguous
SLC25A4,-0.029692321933198398,1.0,0.0754,0.982,0.1050923219331984,ambiguous
CLTC,-0.02691133505551745,1.0,-0.408,0.916,-0.3810886649444825,ambiguous
SDHA,-0.03482844579635405,1.0,-0.0334,0.985,0.0014284457963540526,ambiguous
EIF2B2,0.05522043807632915,1.0,-0.243,0.982,-0.29822043807632914,ambiguous
COPB1,0.020840982817770002,1.0,0.304,0.951,0.28315901718222997,ambiguous
STX4,0.2264500777903422,1.0,0.129,0.983,-0.0974500777903422,ambiguous
TPM4,0.27711091750015554,1.0,0.997,0.455,0.7198890824998445,ambiguous
PDHA1,0.00044935457849494976,1.0,0.459,0.966,0.4585506454215051,ambiguous
USP14,-0.0469844870151652,1.0,-0.381,0.963,-0.3340155129848348,ambiguous
DUSP3,-0.020490352025451,1.0,-0.295,0.975,-0.27450964797454896,ambiguous
TRIM25,1.250059429815225,1.0,0.474,0.94,-0.776059429815225,ambiguous
CTSB,0.01365575758732685,1.0,-0.096,0.984,-0.10965575758732685,ambiguous
RAP1GAP,0.0032209292124742,1.0,-0.496,0.96,-0.4992209292124742,ambiguous
PRKAR2A,-0.0644870878042155,1.0,0.254,0.977,0.31848708780421553,ambiguous
CRKL,0.0420086943373965,1.0,-0.0024,0.986,-0.0444086943373965,ambiguous
PRKCE,0.0297049267785545,1.0,-0.607,0.858,-0.6367049267785545,ambiguous
GUCY1A2,-0.1455703802310386,1.0,0.093,0.983,0.2385703802310386,ambiguous
SH3GL2,-0.02169375356485205,1.0,-0.698,0.886,-0.6763062464351479,ambiguous
