"ID","Description","NES","pvalue","p.adjust","setSize","core_enrichment"
"R-HSA-1428517","Aerobic respiration and respiratory electron transport",-3.2309761539542,1.64150665113975e-40,1.93861935499604e-37,194,"521/29090/1346/122961/5091/5160/3052/4200/506/8402/23530/5163/84233/3313/3029/7381/509/91942/2271/81889/25874/116228/135154/79133/1345/55863/2395/7384/27089/7385/51241/5162/498/10873/6390/5164/6341/513/1738/539/55245/9556/28958/25915/9016/7314/3954/3421/8802/29078/4967/28976/5165/6391/1743/55471/8803/9054/4710/514/81689/23410/7416/54205/4707/1431/7388/57128/1737/10476/522/8050/51079/4191/1327/54902/4697/4728/55572/3418/51295/3419/2806/4724/152100/8604/27109/3420/291/10632/79751/4701/9167/51103/4696/4713/9377/1329/4714/4711/84300/4719/1347/374291/4729/4700/4702/4722/4704/4720/9481/4712/126328/4709/4716/728294/55967/4705/4723/4715/1340/54539/23479/4726/4725/4698/4718/4695"
"R-HSA-611105","Respiratory electron transport",-3.21056377507711,4.31058008700813e-31,2.5453975413783e-28,118,"8402/84233/3313/7381/91942/116228/79133/1345/55863/2395/7384/27089/7385/51241/6390/6341/55245/28958/25915/3954/29078/28976/6391/55471/9054/4710/54205/4707/7388/57128/51079/4191/1327/54902/4697/4728/55572/51295/2806/4724/152100/8604/79751/4701/9167/51103/4696/4713/9377/1329/4714/4711/84300/4719/1347/374291/4729/4700/4702/4722/4704/4720/4712/126328/4709/4716/55967/4705/4723/4715/1340/54539/23479/4726/4725/4698/4718/4695"
"R-HSA-6798695","Neutrophil degranulation",2.25581614209273,8.33189365758017e-24,3.27998880320073e-21,354,"6280/6279/4353/5004/1511/1991/116844/12/4069/5005/5265/4318/5657/3107/6037/3240/718/3106/4057/10788/5473/8288/820/4311/10875/1/197/3934/57126/929/671/1536/3958/8826/3043/427/383/3689/976/5788/847/1522/1535/258010/3687/8673/29108/6793/6590/1075/5873/5777/9535/3684/2212/6282/567/8904/196527/5284/5337/9725/6278/10312/353/1794/2207/54918/5580/3482/64333/221/4332/10577/963/84329/5553/3683/2512/1520/5175/10092/290/728/79792/4048/1508/1727/81567/64114/51071/8649/10970/3074/272/51411/302/7414/1476/5476/6386/5795/8560/10120/10549/3848/3614/240/26578/2950/2720/55276/684/10533/1832/967/80301/3146/2990/102/3071/203068/327/10493/10487/11240/340061/948/158747/10097"
"R-HSA-6799198","Complex I biogenesis",-3.08825998842471,7.18045179034309e-23,2.1200283910988e-20,52,"84233/3313/91942/79133/55863/25915/29078/28976/55471/4710/4707/51079/4728/55572/51295/4724/4701/51103/4696/4713/4714/4711/4719/374291/4729/4700/4702/4722/4704/4720/4712/126328/4709/4716/55967/4705/4723/4715/54539/4726/4725/4698/4718/4695"
"R-HSA-1474244","Extracellular matrix organization",2.44558230005713,7.99366764543621e-21,1.88810429785203e-18,164,"1511/1991/2243/4060/4318/340267/2244/2266/7448/1634/54829/1277/7057/1278/84034/633/5340/2200/2192/2/1295/1293/87/1303/1307/5118/1291/1311/1292/10516/3383/2335/999/3818/11117/1281/3910/3689/3912/3371/871/6696/3690/3687/977/3339/90187/1306/3684/2202/1756/4053/1290/7373/8425/80781/6383/1280/2331/3683/7148/30008/1520/50509/5175/1605/4313/1508/50848/4239/4237/79709/81578/5033/2199"
"R-HSA-9837999","Mitochondrial protein degradation",-2.94065809510859,1.55818052706743e-19,3.06701867077773e-17,78,"51116/5160/4200/506/5163/3313/6687/509/2271/293/133686/6182/27089/7385/9361/5162/1891/498/1738/539/3028/10939/3329/4967/2746/26519/5019/292/5096/217/7019/1431/36/10476/2235/522/51079/4191/1327/1632/4976/197257/3418/3419/10632/9377/1329/26520/4719/4722/4712/4723/622/4695"
"R-HSA-977606","Regulation of Complement cascade",2.47604098484391,9.12508973306573e-17,1.53953299639295e-14,34,"735/1991/629/722/718/7448/729/731/733/3075/3426/716/2147/727/715/710/713/720/717/714/3078/1369/1370/730/5627/725/712"
"R-HSA-166658","Complement cascade",2.49353458674816,1.9622260174833e-16,2.89673615830973e-14,37,"1401/735/1991/629/722/718/7448/729/731/733/3075/3426/716/2147/727/715/710/713/720/717/714/3078/1369/1370/730/5627/725/712"
"R-HSA-5368287","Mitochondrial translation",-2.85385071258344,2.53837797795068e-16,3.33091599106639e-14,76,"51649/64432/9553/26589/51116/85476/10102/51069/51081/65080/51073/51318/28977/51373/29074/54948/64981/7284/6182/64965/64976/63875/55168/84340/740/128308/54534/92399/64975/51264/11222/28998/84545/54148/3396/64978/29088/9801/51642/90480/54516/65005/55052/64928/29093/51253/6150/10573/219927/57129/79590/65003/65008"
"R-HSA-5419276","Mitochondrial translation termination",-2.79722044105068,5.48894269273924e-16,6.48244132012505e-14,71,"56945/51649/64432/9553/26589/51116/51069/51081/65080/51073/51318/28977/51373/29074/54948/64981/6182/64965/64976/63875/55168/84340/740/128308/54534/92399/64975/51264/11222/28998/84545/54148/3396/64978/29088/9801/51642/90480/54516/65005/55052/64928/29093/51253/6150/10573/219927/57129/79590/65003/65008"
"R-HSA-5389840","Mitochondrial translation elongation",-2.79095182820188,6.80626355721646e-16,7.30745205552058e-14,71,"56945/51649/64432/9553/26589/51116/85476/10102/51069/51081/65080/51073/51318/28977/51373/29074/54948/64981/7284/6182/64965/64976/63875/55168/740/128308/54534/64975/51264/11222/28998/84545/54148/3396/64978/29088/9801/51642/90480/65005/55052/64928/29093/51253/6150/10573/219927/57129/79590/65003/65008"
"R-HSA-5368286","Mitochondrial translation initiation",-2.74526465598334,8.05014594056655e-15,7.92268529650758e-13,70,"56945/51649/64432/9553/26589/51116/51069/51081/65080/51073/51318/28977/51373/29074/54948/64981/6182/64965/64976/63875/55168/740/128308/54534/64975/51264/11222/28998/84545/54148/3396/64978/29088/9801/51642/90480/65005/55052/64928/29093/51253/6150/10573/219927/57129/79590/65003/65008"
"R-HSA-76002","Platelet activation, signaling and aggregation",2.25331307409869,1.24493011116661e-14,1.0933014403881e-12,187,"5004/12/5005/5265/2243/2244/2266/350/3699/3700/1277/5473/7057/2147/3273/1278/83706/335/3827/1/197/710/5340/2/5345/87/7078/88/2335/2162/3710/928/5627/5341/3690/7123/5777/11343/6414/3937/2316/7018/10184/2207/5580/8407/5175/1191/7409/813/54331/5919/5321/5267/5770/55970/5336/5099/54518/7414/81/6850/5216/9749/7873"
"R-HSA-109582","Hemostasis",2.03278203738964,1.29603896405025e-14,1.0933014403881e-12,370,"5004/12/5005/5265/2243/5657/2244/2266/350/3699/3700/1277/3512/5473/7057/2158/2147/3273/1278/83706/335/462/3827/1/197/710/5340/57126/338/2/5345/3045/87/7078/88/2335/3818/3043/2159/2162/3689/5104/3710/3047/928/5627/5341/3690/7123/3687/972/3053/5777/11343/3684/6414/3937/2316/857/64780/8832/7018/10184/1794/2207/5580/6383/3683/5025/8407/5175/489/1191/7409/813/54331/23303/2161/5919/5321/50848/5267/23046/5136/5770/55970/5336/5099/54518/302/139818/2995/7414/10544/84617/81/6850/6281/5216/9749/30846/7873/5592/967/3797/409/10749/7280/3675/81704/1893"
"R-HSA-76005","Response to elevated platelet cytosolic Ca2+",2.39743050270264,3.1118827583731e-14,2.45008902509242e-12,100,"5004/12/5005/5265/2243/2244/2266/350/3699/3700/5473/7057/3273/83706/335/3827/1/197/710/5340/2/5345/87/7078/88/2335/2162/928/5627/5341/3690/7123/6414/2316/7018/10184/8407/5175/1191/813/5919/5267/5099/7414/81/5216/9749/7873"
"R-HSA-114608","Platelet degranulation",2.39690514372949,4.2554829728171e-14,3.14107836931062e-12,95,"5004/12/5005/5265/2243/2244/2266/350/3699/3700/5473/7057/3273/83706/335/3827/1/197/710/5340/2/5345/87/7078/88/2335/2162/928/5627/5341/3690/7123/6414/2316/7018/10184/8407/5175/1191/813/5919/5267/5099/7414/81/5216/9749/7873"
"R-HSA-112315","Transmission across Chemical Synapses",-2.27998916388666,2.70774126455715e-12,1.88108378437765e-10,169,"814/2742/6616/23229/6844/777/818/7102/2892/9568/5577/1742/2783/6854/4900/108/2786/5923/2752/51807/2743/10681/217/5864/80331/10368/6532/2774/4128/2893/6812/7915/8224/2744/9254/2550/2891/6853/2554/27165/2566/6507/6857/55799/2902/10369/6538/18/6529/2572/8001/2571/2741/6506/140679"
"R-HSA-112316","Neuronal System",-2.11414353603547,4.43084934200261e-12,2.90712948494727e-10,231,"8514/3766/2561/816/57030/3782/1173/115/43/22999/2890/57669/58512/27020/3746/3736/814/2742/6616/23229/6844/2915/777/818/7102/2892/9568/5577/1742/3737/2783/6854/4900/108/57555/2786/5923/2752/51807/2743/3748/10681/217/5864/80331/10368/6532/2774/3751/4128/2893/6812/7915/8224/2744/9254/2550/2891/6853/2554/27165/2566/9066/6507/6857/55799/2902/10369/6538/18/6529/2572/8001/2571/2741/6506/140679/127833"
"R-HSA-1474228","Degradation of the extracellular matrix",2.32446100462358,8.69750753059267e-11,5.4061875755947e-09,66,"1511/1991/4318/1634/1277/1278/5340/2200/2/1295/1293/1303/1307/1291/1292/2335/999/3818/1281/3912/6696/3339/1306/1290/7373/80781/1280/1520/50509/4313/1508"
"R-HSA-1268020","Mitochondrial protein import",-2.52987644520669,1.19439810338231e-10,7.05292080047256e-09,51,"50/100287932/10063/10165/9804/10440/131474/10245/4580/54927/29090/79145/506/80273/3313/26521/1678/2671/10651/10452/293/2395/92609/498/131118/3421/3329/26517/26519/9868/7416/1431/388753/56993/51025/197257/8604/291/4714/26520/100272147"
"R-HSA-2173782","Binding and Uptake of Ligands by Scavenger Receptors",2.32210580641195,8.88507440053203e-10,4.99679660334682e-08,32,"6288/3240/9332/3263/1277/259/3512/1278/335/348/338/23166/3043/1281/8542/284297/2512"
"R-HSA-216083","Integrin cell surface interactions",2.29521616200492,1.71570734042478e-09,9.21022895018939e-08,58,"2243/4060/2244/2266/7448/1277/7057/1278/2200/1295/1293/1307/1291/1311/1292/3383/2335/999/1281/3689/3371/6696/3690/3687/3339/3684/1290/80781/1280/3683/50509/5175"
"R-HSA-1236975","Antigen processing-Cross presentation",2.21603307701213,3.76423869828891e-09,1.9328547402953e-07,85,"6280/6279/2243/2244/2266/3107/3106/929/1536/3105/6891/6890/1535/4360/8673/6892/5699/567/2209/5696/5721/5720/1520/9902"
"R-HSA-2022090","Assembly of collagen fibrils and other multimeric structures",2.23397554281931,1.08515604168379e-08,5.33987202178565e-07,31,"4318/1277/1278/1295/1293/1303/5118/1291/1292/1281/977/1306/1290/7373/80781/1280/1520/50509/1508"
"R-HSA-1236974","ER-Phagosome pathway",2.18640995719724,2.42812985080835e-08,1.14704854152186e-06,75,"6280/6279/2243/2244/2266/3107/3106/929/3105/6891/6890/8673/6892/5699/567/5696/5721/5720"
"R-HSA-1474290","Collagen formation",2.22411858648076,3.66836086063233e-08,1.6200526079928e-06,43,"4318/340267/1277/1278/1295/1293/1303/1307/5118/1291/1292/1281/871/977/1306/1290/7373/80781/1280/1520/50509/1508/79709/81578/5033"
"R-HSA-6803157","Antimicrobial peptides",2.21045724596113,3.70376125451359e-08,1.6200526079928e-06,19,"6280/6279/1511/1991/4069/5657/6037/4057/820/3934/671"
"R-HSA-381426","Regulation of Insulin-like Growth Factor (IGF) transport and uptake by Insulin-like Growth Factor Binding Proteins (IGFBPs)",2.19072987973485,3.9301283857636e-08,1.65767200842386e-06,72,"1511/5265/2243/2266/718/2147/1356/335/462/3827/197/348/4240/5340/2200/338/3698/720/2335/3912/3371/3488/64856/8542/6696/336/3053/7018/6383/3489/813/4313"
"R-HSA-3000178","ECM proteoglycans",2.19926474486525,4.44423818698046e-08,1.80987768924963e-06,54,"4060/7448/1634/54829/1277/1278/633/1293/1291/1311/1292/2335/1281/3910/3912/3371/3690/3687/3339/1290/1280/2331/7148/50509/1605"
"R-HSA-9609507","Protein localization",-2.14065161904712,5.02248835311987e-08,1.97718624834485e-06,125,"351/50/100287932/10063/23417/8504/10165/9804/10440/131474/6804/10245/4580/54927/29090/1962/79145/506/80273/3313/2053/1384/26521/8799/10901/1678/2671/10651/10452/293/2395/84896/92609/6844/1891/498/131118/7314/3421/3329/26517/26519/225/23600/9868/7416/1431/388753/56993/51025/197257/54332/8604/291/4714/26520/100272147/10455/26063"
"R-HSA-166058","MyD88:MAL(TIRAP) cascade initiated on plasma membrane",2.17016881477484,6.39595658687453e-08,2.15817849402824e-06,67,"6288/6280/6279/2243/2244/2266/929"
"R-HSA-168179","Toll Like Receptor TLR1:TLR2 Cascade",2.17016881477484,6.39595658687453e-08,2.15817849402824e-06,67,"6288/6280/6279/2243/2244/2266/929"
"R-HSA-168188","Toll Like Receptor TLR6:TLR2 Cascade",2.17016881477484,6.39595658687453e-08,2.15817849402824e-06,67,"6288/6280/6279/2243/2244/2266/929"
"R-HSA-181438","Toll Like Receptor 2 (TLR2) Cascade",2.17016881477484,6.39595658687453e-08,2.15817849402824e-06,67,"6288/6280/6279/2243/2244/2266/929"
"R-HSA-168898","Toll-like Receptor Cascades",2.09369584763614,5.96451336148773e-08,2.15817849402824e-06,103,"6288/6280/6279/2243/2244/2266/3929/338/929/671/51284/3689/3684/1520/79792/4792/5641/1508/5336/6195/1785/1687/6285/8737/3146/10695/948"
"R-HSA-1442490","Collagen degradation",2.24028939975362,8.32286041810145e-08,2.73036059827161e-06,32,"1991/4318/1277/1278/1295/1293/1303/1307/1291/1292/1281/1306/1290/7373/80781/1280/50509/4313/1508"
"R-HSA-1592230","Mitochondrial biogenesis",-2.26565667167673,1.3242809044109e-07,4.22696148137643e-06,62,"211/9551/4899/515/5442/4580/84833/54927/521/10989/6604/506/3313/79135/509/10651/8834/814/498/513/125988/539/9556/23408/2746/440574/514/7019/23410/54205/10476/522/3418/27109/10632"
"R-HSA-112310","Neurotransmitter release cycle",-2.36471543430968,1.54515914121659e-07,4.68896523084528e-06,41,"6616/6844/6854/5864/80331/4128/6812/7915/8224/2744/6853/27165/6507/6857/6538/18/6529/2572/2571/6506/140679"
"R-HSA-71403","Citric acid cycle (TCA cycle)",-2.34006634197511,1.54843051653655e-07,4.68896523084528e-06,30,"23530/2271/135154/2395/6390/1738/3421/8802/4967/6391/1743/8803/9054/81689/23410/1431/57128/4191/3418/3419/3420/23479"
"R-HSA-1280218","Adaptive Immune System",1.67072485328911,2.11841092407699e-07,6.2546082533373e-06,428,"6280/6279/2243/3123/2244/2266/3107/718/3106/1277/1278/3127/10437/929/1536/3105/3122/3383/999/1281/3689/6891/6890/5788/3710/1535/4360/8673/1075/972/6892/5777/51752/5699/3937/567/10384/2209/5696/5721/4008/5720/1280/9402/7408/10324/3683/1520/7409/9902/4792/5641/10859/1508/3113/5336/5698/154881/84617/5476/6850/5795/57674/10120/1785/10422/151636/10533/5592/3797/208/7280/9871/6494/3146/51128/1781/9371/947/7318/948/5819/7332/7454/3093/829/6737/3708/6402/3688/55521/22920/9491/4790/975/10382/5296/11146/3134/2885/3635/347733/4067/114876/3798/10952/2280/1514/8773/3309/2214/5966/26263/4690/29927/5683/64682/5908/84790/2923/25780/1147/25793/1445/84876/3551/90678"
"R-HSA-1650814","Collagen biosynthesis and modifying enzymes",2.16604158639181,2.34257928466629e-07,6.59748336083222e-06,34,"340267/1277/1278/1295/1293/1303/1307/5118/1291/1292/1281/871/1306/1290/7373/80781/1280/50509/79709/81578/5033"
"R-HSA-977225","Amyloid fiber formation",2.15800325608037,2.39151198534558e-07,6.59748336083222e-06,40,"6288/325/4069/2243/4057/7045/335/348/4240/3339/567"
"R-HSA-166016","Toll Like Receptor 4 (TLR4) Cascade",2.10184437831169,2.40213196033688e-07,6.59748336083222e-06,87,"6288/6280/6279/2243/2244/2266/3929/929/671/3689/3684"
"R-HSA-8948216","Collagen chain trimerization",2.16102562848915,2.72686016050111e-07,7.31914056716319e-06,24,"340267/1277/1278/1295/1293/1303/1307/1291/1292/1281/1306/1290/7373/80781/1280/50509/81578"
"R-HSA-166663","Initial triggering of complement",2.07780225410043,2.87061288391231e-07,7.5337640353343e-06,12,"1401/629/718/716/715/713/720/717/714/712"
"R-HSA-8957275","Post-translational protein phosphorylation",2.10766637068077,4.95881388588435e-07,1.27312156504987e-05,66,"5265/2243/2266/718/1356/335/462/3827/197/348/4240/2200/338/3698/720/2335/3912/3371/3488/64856/8542/6696/336/3053/7018/6383"
"R-HSA-1280215","Cytokine Signaling in Immune system",1.68513173194187,7.9819400515659e-07,2.0056747235956e-05,400,"6288/1511/3123/4318/5657/3107/3106/3929/1278/3127/10437/3934/2634/759/3105/3122/3383/2335/7431/8741/2162/3689/3936/1270/3687/3055/25939/2633/5777/3684/5699/567/2317/2209/4600/2316/5696/301/5721/5720/5580/834/9402/6778/6672/7409/79792/4792/6809/4313/3606/5782/5770/3113/3185/5336/302/5698/6195/6888/84617/3603/6850/5795/5371/240/4939/684/6285/6624/208/3965/7280/3146/3162/4869/4001/1973/10346/9775/7318/948/5034/829/6648/6737/3688/3556/2357/27250/4791/7329/7341/9491/4790/3839/10382/5296/6772/55706/3134/2885/3635/347733/7726/4067/9972"
"R-HSA-140875","Common Pathway of Fibrin Clot Formation",2.09151967699205,1.33253098425243e-06,3.27858144250442e-05,14,"2243/5657/2244/2266/2147/462/57126/2159/2162/5104/5627/3053"
"R-HSA-3000171","Non-integrin membrane-ECM interactions",2.07846134740578,1.58781201848169e-06,3.82695100780994e-05,49,"7448/1277/7057/1278/87/2335/1281/3910/3912/3371/3690/3339/1756/1290/6383/1280/50509/1605"
"R-HSA-5686938","Regulation of TLR by endogenous ligand",2.08690922453282,1.72658021028501e-06,4.07818245669319e-05,14,"6280/6279/2243/2244/2266/3929/338/929/51284"
"R-HSA-8949613","Cristae formation",-2.36884120980024,1.78108641835876e-06,4.1244373727092e-05,28,"55735/9551/515/4580/84833/54927/521/10989/506/3313/79135/509/10651/8834/498/513/125988/539/9556/440574/514/10476/522/27109/10632"
"R-HSA-2168880","Scavenging of heme from plasma",2.03892643400082,2.14122575244533e-06,4.86305310314987e-05,10,"3240/9332/3263/259/3512/335/3043/8542"
"R-HSA-449147","Signaling by Interleukins",1.75298741925385,3.2728964200696e-06,7.29300126811736e-05,233,"6288/1511/4318/5657/3929/1278/3934/759/3383/2335/7431/2162/3689/3936/1270/3687/3055/5777/3684/5699/5696/301/5721/5720/834/6778/7409/79792/4792/6809/4313/3606/5782/3185/302/5698/6195/6888/3603/6850/240/6285/6624/3965/3146/3162/4001/948/5034/829/6648/3688/3556/2357/27250/4791/9491/4790/5296/6772/2885/3635/4067"
"R-HSA-888590","GABA synthesis, release, reuptake and degradation",-2.26579990366748,3.58933873543913e-06,7.70728917555202e-05,19,"22999/6616/6844/5864/80331/6812/7915/6857/6538/18/6529/2572/2571/140679"
"R-HSA-6785807","Interleukin-4 and Interleukin-13 signaling",2.05808918668028,3.56242276508919e-06,7.70728917555202e-05,42,"6288/4318/3929/1278/3934/3383/2335/7431/2162/3689/3687/3684/301/6778/4313/3606"
"R-HSA-9865881","Complex III assembly",-2.25117967625915,4.87653215485425e-06,0.000102842579908623,19,"3313/7381/2395/7384/27089/7385/55245/3954/9054/7388/57128/54902/84300/23479"
"R-HSA-140877","Formation of Fibrin Clot (Clotting Cascade)",2.07541401914974,5.36617641211441e-06,0.000111183409521178,24,"2243/5657/2244/2266/2158/2147/462/3827/710/57126/2/3818/2159/2162/5104/5627/3053"
"R-HSA-5602498","MyD88 deficiency (TLR2/4)",2.01802468692416,7.11984826881765e-06,0.00014251764077074,10,"6280/6279/2243/2244/2266/929"
"R-HSA-5603041","IRAK4 deficiency (TLR2/4)",2.01802468692416,7.11984826881765e-06,0.00014251764077074,10,"6280/6279/2243/2244/2266/929"
"R-HSA-9864848","Complex IV assembly",-2.15530369203941,8.55201673559496e-06,0.000168332196078961,30,"1353/1337/1350/93058/51204/389203/100131801/80219/10063/80775/9997/29090/1346/116228/1345/51241/6341/28958/1327/4697/152100/9167/9377/1329/1347/1340"
"R-HSA-3000170","Syndecan interactions",2.06984999453359,1.0833356712896e-05,0.000209740889802134,25,"7448/1277/7057/1278/87/2335/1281/3371/3690/1290/6383/50509"
"R-HSA-163210","Formation of ATP by chemiosmotic coupling",-2.16365280993788,1.26239064213972e-05,0.000240465056188228,15,"515/84833/521/506/509/498/513/539/9556/514/10476/522/27109/10632"
"R-HSA-168799","Neurotoxicity of clostridium toxins",-2.09103014113865,2.36836965657761e-05,0.000443975327685423,10,"6616/6844/112755/6857/9899/9900/6843/127833/22987"
"R-HSA-112314","Neurotransmitter receptors and postsynaptic signal transmission",-1.75271380023128,3.07239175390986e-05,0.000566952290838679,119,"2773/59283/1741/4893/4905/320/4137/160/2066/27092/26960/10645/3766/2561/816/1173/115/2890/27020/814/2742/23229/818/7102/2892/9568/5577/1742/2783/4900/108/2786/5923/51807/2743/10681/10368/2774/2893/2550/2891/2554/2566/2902/10369/8001/2741"
"R-HSA-5260271","Diseases of Immune System",2.04409336470534,3.46302455883922e-05,0.000619671515755927,21,"6280/6279/2243/2244/2266/929/51284"
"R-HSA-5602358","Diseases associated with the TLR signaling cascade",2.04409336470534,3.46302455883922e-05,0.000619671515755927,21,"6280/6279/2243/2244/2266/929/51284"
"R-HSA-77289","Mitochondrial Fatty Acid Beta-Oxidation",-2.10023768379009,3.71635818911846e-05,0.00065078945233949,31,"55856/10449/1666/84129/23597/35/1622/80724/5095/5096/51102/1632/4594/117145/414149/84693/26027"
"R-HSA-72766","Translation",-1.58675207748429,3.74713655877099e-05,0.00065078945233949,259,"85476/10102/51069/51081/65080/51073/57038/51318/7458/28977/51373/29074/54948/64981/7284/6182/64965/64976/80222/63875/55168/84340/57176/740/128308/54534/92399/64975/51264/6231/11222/28998/29104/84545/54148/3396/64978/29088/9801/51642/90480/54516/65005/55052/64928/29093/51253/6150/10573/219927/92935/54938/57129/79590/10352/65003/65008/124454/23395"
"R-HSA-425407","SLC-mediated transmembrane transport",-1.81717018261575,5.62144990563884e-05,0.000962164107037605,99,"6546/83733/6543/7781/57030/114134/57181/23568/8671/6579/57835/124935/8402/9843/293/6515/6548/6534/84679/28965/6520/292/23657/6509/57282/10479/291/79751/57084/6507/284111/6538/6529/57468/9152/6506/140679/6563"
"R-HSA-70895","Branched-chain amino acid catabolism",-2.13824180498192,5.75254861730645e-05,0.000970537131005559,21,"152926/587/3712/56922/1738/3028/549/586/36/594/64087/4329/26275"
"R-HSA-1566948","Elastic fibre formation",2.01473836933223,6.45336189834818e-05,0.00107343949323228,23,"7448/84034/2200/2192/10516/2335/11117/3690/90187/2202/4053/8425/30008/4239/4237/2199"
"R-HSA-2129379","Molecules associated with elastic fibres",2.0458459684116,7.14817275112657e-05,0.00117249889153896,22,"7448/84034/2200/2192/10516/2335/11117/3690/90187/2202/4053/8425/30008/4239/4237/2199"
"R-HSA-8949215","Mitochondrial calcium ion transport",-2.09341184539785,0.000119346671813593,0.00193080026591579,19,"23203/9512/8165/79568/11331/55486/30968/10730/5245/10367/90550/6687/7417/3954/10939/286097/7416/7419"
"R-HSA-983169","Class I MHC mediated antigen processing & presentation",1.63303994994274,0.000158201914878701,0.00252481704691548,235,"6280/6279/2243/2244/2266/3107/3106/929/1536/3105/6891/6890/1535/4360/8673/6892/51752/5699/567/2209/5696/5721/4008/5720/10324/1520/9902"
"R-HSA-5339562","Uptake and actions of bacterial toxins",-2.03734975652279,0.000165088840516126,0.00259959894199393,24,"6616/6844/112755/6857/9899/9900/6843/127833/22987"
"R-HSA-399719","Trafficking of AMPA receptors",-2.10672257701329,0.000204514299601765,0.00313677127051538,28,"817/163/2036/59283/4905/160/27092/816/1173/2890/818/7102/2892/1742/10368/2893/2891/10369"
"R-HSA-399721","Glutamate binding, activation of AMPA receptors and synaptic plasticity",-2.10672257701329,0.000204514299601765,0.00313677127051538,28,"817/163/2036/59283/4905/160/27092/816/1173/2890/818/7102/2892/1742/10368/2893/2891/10369"
"R-HSA-198933","Immunoregulatory interactions between a Lymphoid and a non-Lymphoid cell",1.98226976192294,0.000209122324468892,0.00316632647689438,32,"3107/718/3106/1277/1278/3105/3383/999/1281/3689/567/2209/1280/3683/10859"
"R-HSA-3000480","Scavenging by Class A Receptors",1.9296525923641,0.000261177206961703,0.00390443394204774,14,"1277/1278/335/348/338/1281/2512"
"R-HSA-8963898","Plasma lipoprotein assembly",1.91684316129121,0.000318815483538777,0.0047065135757412,14,"335/348/338/2/341/345/19/336"
"R-HSA-202733","Cell surface interactions at the vascular wall",1.79317504201275,0.000355842246112111,0.00518826781059756,79,"1277/3512/2147/1278/57126/338/2335/3689/5627/3690/3687/972/5777/3684/857/8832/2207/6383/3683/5175/50848/2995/10544"
"R-HSA-9854311","Maturation of TCA enzymes and regulation of TCA cycle",-2.01649170091642,0.000385572190621966,0.00555317996493344,17,"122961/135154/2395/6390/6391/9054/81689/23410/1431/57128/3418/23479"
"R-HSA-5668599","RHO GTPases Activate NADPH Oxidases",1.9473193344208,0.000426745215011373,0.00607212167383653,16,"6280/6279/1536/1535/5580"
"R-HSA-186797","Signaling by PDGF",1.84605925670132,0.000434579500499444,0.00610998083440289,44,"7057/5340/1293/1291/1292/1281/6696/1290/1280/6778/50509/5782"
"R-HSA-76009","Platelet Aggregation (Plug Formation)",1.92552765039815,0.000540794912554834,0.00751386813796775,28,"2243/2244/2266/1277/2147/1278/2335/3690"
"R-HSA-210500","Glutamate Neurotransmitter Release Cycle",-1.9494860899638,0.000749006964957515,0.0101675543174118,20,"10815/8499/6505/8497/6804/57030/22999/6616/6844/5864/6812/2744/27165/6507/6857/6506"
"R-HSA-3560782","Diseases associated with glycosaminoglycan metabolism",1.9057933653159,0.000744991260772551,0.0101675543174118,26,"4060/4969/1634/5549/633/4958/3339/1464/6383/2331"
"R-HSA-9619665","EGR2 and SOX10-mediated initiation of Schwann cell myelination",1.9139880753196,0.000785630803047134,0.010543522481803,16,"4359/57716/1821/3912/4155/1605/7402"
"R-HSA-8963899","Plasma lipoprotein remodeling",1.86772436727862,0.000909530201301871,0.0120691591880619,14,"335/348/338/4023/345/336/5360"
"R-HSA-425393","Transport of inorganic cations/anions and amino acids/oligopeptides",-1.82660313960513,0.00101463328193391,0.0133142433995994,49,"6546/83733/6543/57030/8671/57835/124935/8402/6548/84679/6520/23657/6509/57282/10479/79751/57084/6507/57468/6506/140679"
"R-HSA-977443","GABA receptor activation",-1.93643095499292,0.00112249808584254,0.0145678048283521,26,"3766/2561/115/27020/23229/9568/2783/108/2786/10681/2774/2550/2554/2566"
"R-HSA-9658195","Leishmania infection",1.69061946575843,0.00125301529908483,0.0159119469700988,115,"1511/718/9332/2687/4620/3710/10095/1535/29108/3055/2212/2209/4641/834/5025/10092/7409/54331/79792/4627/3606/644150/55970/5336/4650/6850/3162/3071/10097/8976/7454/10109/3708/10096/4791/4790"
"R-HSA-9824443","Parasitic Infection Pathways",1.69061946575843,0.00125301529908483,0.0159119469700988,115,"1511/718/9332/2687/4620/3710/10095/1535/29108/3055/2212/2209/4641/834/5025/10092/7409/54331/79792/4627/3606/644150/55970/5336/4650/6850/3162/3071/10097/8976/7454/10109/3708/10096/4791/4790"
"R-HSA-3781865","Diseases of glycosylation",1.73259341492751,0.00127675830424903,0.0160409740140224,70,"4060/4969/1634/7057/5549/633/4958/3339/1464/6383/2331/1605/3074/5476/56913/2720"
"R-HSA-1638074","Keratan sulfate/keratin metabolism",1.81737514337841,0.00143106672193599,0.017790418932699,12,"4060/4969/5549/4958/2331/3074/2720/176"
"R-HSA-5682910","LGI-ADAM interactions",-1.89103823173896,0.00163891270373312,0.0198052827129554,14,"59283/27092/6804/9211/1742/8745/10368/203190/55203/112755/10369"
"R-HSA-983170","Antigen Presentation: Folding, assembly and peptide loading of class I MHC",1.84182586879592,0.00163223228720023,0.0198052827129554,26,"3107/3106/3105/6891/6890/6892/51752/567"
"R-HSA-195258","RHO GTPase Effectors",1.55289380891824,0.00164345275687521,0.0198052827129554,179,"6280/6279/10788/1536/999/8826/4629/10095/1535/2316/5347/5580/10092/2810/9735/4627/752/10398/4637/644150/84617/1730/5216/7280/3071/1781/30851/10097/103910/5880/8976/1495/7454/10109/3688/54820/10096/10382/2885/347733/3798/60/6242/4659/79784/4690/84790/5501/10093/9183/5905/55920/10381/10094/23380/4660/64130/5062/23002/3985/9793/9184/94274/4771/1783/85236/89953/57122/5594/8655/51143/1072/6093/23028/5903/4928/3799/348995/1778/23433/10726"
"R-HSA-936837","Ion transport by P-type ATPases",-1.81656044568494,0.00166829190527099,0.0199015428295459,31,"10079/476/493/816/10396/53822/23400/818/481/477/492/53826/478/482/491"
"R-HSA-8949664","Processing of SMDT1",-1.91851837152581,0.00182653558763878,0.021571385290014,13,"9512/79568/11331/55486/30968/10730/5245/10367/90550/6687/10939/286097"
"R-HSA-446652","Interleukin-1 family signaling",1.67967345969078,0.0021516042505202,0.0251588576224193,99,"6288/1511/5777/5699/5696/5721/5720/834/79792/4792/3606/5782/5698/240/6285"
"R-HSA-877300","Interferon gamma signaling",1.77461405354546,0.00220000634198821,0.0254726224498831,54,"3123/3107/3106/3127/10437/2634/3105/3122/3383/2633/5777/567/2209/5580/6672/5770/3113/5371/4939"
"R-HSA-2022857","Keratan sulfate degradation",1.81779307688324,0.00265678399618916,0.0304627368883437,11,"4060/4969/5549/4958/2331/3074/2720/176"
"R-HSA-8978868","Fatty acid metabolism",-1.50224305529435,0.00271934971097973,0.0308803077756449,114,"84129/2053/1384/23597/1376/79966/35/6785/1622/80724/5095/7923/1374/5445/5096/23600/23305/84869/51102/1632/4594/5538/22949/8644/10455/26063/117145/414149/84693/26027"
"R-HSA-8964539","Glutamate and glutamine metabolism",-1.87734205608742,0.00281847914318567,0.0317011796962122,13,"2746/2752/2744/2806/27165/29920"
"R-HSA-375165","NCAM signaling for neurite out-growth",1.73163175720094,0.00304293611806162,0.0339029014663281,39,"6708/1293/6710/1291/1292/1281/1290/1280/50509"
"R-HSA-1362409","Mitochondrial iron-sulfur cluster biogenesis",-1.87943683346117,0.00317622894730961,0.0348704184457459,11,"122961/2395/51218/9054/81689/57128/23479"
"R-HSA-5653656","Vesicle-mediated transport",1.34690143102456,0.00318882742772274,0.0348704184457459,492,"6288/5265/3240/9332/3263/1277/259/3512/1278/335/6708/348/338/23166/6710/3043/1281/1522/8542/286/10226/8673/1075/5873/1601/10981/4641/9322/2705/7018/284297/3482/4074/2512/112574/10092/2810/23303/4627/5321/115548/81567/23046/4122/84617/64708/26119/1785/3797/5565/409/208/10749/23256/7280/9871/51128/81562/1781/9371/10960/948/10097/55707/89853/1604/8976/10959/10109/829/7109/10652/54536/51762/11037/5571/10096/4253/26286/3998/22920/10618/9685/54662/8615/4121/10382/11252/1284/23216/3250/2885/55048/347733/5286/5867/10113/3798/5049/51429/26130/5870/8773/60/10972/8567/11337/51560/84790/10093/57148/8301/5872/9183/10260/126003"
"R-HSA-8874081","MET activates PTK2 signaling",1.8308370606935,0.00349961778577439,0.0375731691363596,22,"1277/1278/2335/1281/3910/3912/1290/1280/50509"
"R-HSA-2022377","Metabolism of Angiotensinogen to Angiotensins",1.81269723374728,0.00349569237084698,0.0375731691363596,10,"1511/4311/1066/1522/1636/290"
"R-HSA-375276","Peptide ligand-binding receptors",1.76933803184843,0.00356737102235315,0.0379555421387304,27,"6288/718/5473/2147/727/3827"
"R-HSA-5674135","MAP2K and MAPK activation",1.74563109236369,0.00364066578445687,0.0383895204593175,34,"2243/2244/2266/2335/8826/3690/8649/54518/7414/409"
"R-HSA-8982491","Glycogen metabolism",-1.82973684065985,0.00379206916851276,0.0396321565310936,21,"7314/5257/5260/7957/2997/5255/178"
"R-HSA-9671793","Diseases of hemostasis",1.80878228845893,0.00387359533525678,0.0401290885170023,10,"1277/2158/2147/1278/710/3818/2159"
"R-HSA-9662360","Sensory processing of sound by inner hair cells of the cochlea",-1.72852123651874,0.0039883214097661,0.040958326825511,35,"6616/6844/64787/9478/27445/5864/80331/9254/6853/6855/8927/491"
"R-HSA-9635486","Infection with Mycobacterium tuberculosis",1.77992751259276,0.00447828894848396,0.0452039251979449,21,"1511/4057/4360/567/11151/57674"
"R-HSA-1630316","Glycosaminoglycan metabolism",1.73482259379213,0.00445554988823402,0.0452039251979449,43,"4060/4969/1634/5549/633/4958/3339/1464/6383/2331/3074/2720/10894/2990/176"
"R-HSA-174824","Plasma lipoprotein assembly, remodeling, and clearance",1.76157394362681,0.00457648624234323,0.045803646205147,38,"335/348/338/2/4023/341/345/55911/19/336/5360/10577"
"R-HSA-2151201","Transcriptional activation of mitochondrial biogenesis",-1.80762963155215,0.0047783235011792,0.0474218492007784,27,"6742/211/4899/5442/6604/506/814/23408/2746/7019/23410/54205/3418"
"R-HSA-372708","p130Cas linkage to MAPK signaling for integrins",1.75784717665063,0.00484984359418911,0.0477305440394779,14,"2243/2244/2266/2335/3690"
"R-HSA-983712","Ion channel transport",-1.53206218811704,0.00511854368216153,0.0499586784184526,78,"65267/10079/1183/476/493/9296/65268/816/53373/10396/23678/53822/1181/23400/94015/818/481/6262/477/492/7314/53826/535/478/9114/80036/482/57348/491"
