Gene_Symbol,direction,source,n_down_sources
BCO2,DOWN,LCM_meta_DOWN+SetA_multiomics_DOWN,2
FOXRED1,DOWN,LCM_meta_DOWN+SetA_multiomics_DOWN,2
MPZ,DOWN,discordant_LOW_CTX+discordant_LOW_SC,2
MRPL37,DOWN,LCM_meta_DOWN+SetA_multiomics_DOWN,2
TTLL1,DOWN,LCM_meta_DOWN+SetA_multiomics_DOWN,2
ACP2,DOWN,LCM_meta_DOWN,1
ALDH5A1,DOWN,SetA_multiomics_DOWN,1
ALKBH6,DOWN,LCM_meta_DOWN,1
ACTR1A,DOWN,LCM_meta_DOWN,1
AHSA1,DOWN,LCM_meta_DOWN,1
ACAD8,DOWN,LCM_meta_DOWN,1
ANKRD6,DOWN,LCM_meta_DOWN,1
ANO3,DOWN,LCM_meta_DOWN,1
ANO5,DOWN,LCM_meta_DOWN,1
ANO4,DOWN,LCM_meta_DOWN,1
AP2A1,DOWN,LCM_meta_DOWN,1
ARHGAP35,DOWN,LCM_meta_DOWN,1
ARHGEF25,DOWN,LCM_meta_DOWN,1
ASPHD2,DOWN,LCM_meta_DOWN,1
ATP11C,DOWN,LCM_meta_DOWN,1
B3GALT5,DOWN,LCM_meta_DOWN,1
BDH1,DOWN,SetA_multiomics_DOWN,1
AMER1,DOWN,LCM_meta_DOWN,1
AMN1,DOWN,LCM_meta_DOWN,1
C1orf216,DOWN,LCM_meta_DOWN,1
C6orf136,DOWN,LCM_meta_DOWN,1
C8orf34,DOWN,LCM_meta_DOWN,1
CADM3,DOWN,LCM_meta_DOWN,1
CAMK1D,DOWN,LCM_meta_DOWN,1
CAPN5,DOWN,LCM_meta_DOWN,1
CBL,DOWN,LCM_meta_DOWN,1
CC2D1B,DOWN,LCM_meta_DOWN,1
CCDC85B,DOWN,LCM_meta_DOWN,1
CCM2,DOWN,LCM_meta_DOWN,1
CCSER1,DOWN,LCM_meta_DOWN,1
CDC20B,DOWN,LCM_meta_DOWN,1
CDC34,DOWN,LCM_meta_DOWN,1
CDC37,DOWN,LCM_meta_DOWN,1
CDK5,DOWN,LCM_meta_DOWN,1
CDK7,DOWN,LCM_meta_DOWN,1
CDKN3,DOWN,LCM_meta_DOWN,1
CFAP46,DOWN,LCM_meta_DOWN,1
CFB,DOWN,discordant_LOW_CTX,1
CHD4,DOWN,LCM_meta_DOWN,1
CLCN5,DOWN,LCM_meta_DOWN,1
CLDN1,DOWN,LCM_meta_DOWN,1
CLTCL1,DOWN,LCM_meta_DOWN,1
CLYBL,DOWN,LCM_meta_DOWN,1
COL5A3,DOWN,discordant_LOW_CTX,1
COPS7A,DOWN,LCM_meta_DOWN,1
CORO2A,DOWN,LCM_meta_DOWN,1
COX5A,DOWN,SetA_multiomics_DOWN,1
BPHL,DOWN,SetA_multiomics_DOWN,1
BRINP3,DOWN,LCM_meta_DOWN,1
ACADVL,DOWN,LCM_meta_DOWN,1
CSGALNACT1,DOWN,LCM_meta_DOWN,1
DBT,DOWN,discordant_LOW_SC,1
DCXR,DOWN,LCM_meta_DOWN,1
DCTPP1,DOWN,LCM_meta_DOWN,1
DNAJC11,DOWN,LCM_meta_DOWN,1
DPM2,DOWN,LCM_meta_DOWN,1
ECEL1,DOWN,LCM_meta_DOWN,1
DDX56,DOWN,LCM_meta_DOWN,1
EHD1,DOWN,LCM_meta_DOWN,1
ELAC2,DOWN,LCM_meta_DOWN,1
ELAVL3,DOWN,LCM_meta_DOWN,1
EML1,DOWN,LCM_meta_DOWN,1
ERI3,DOWN,LCM_meta_DOWN,1
EXT2,DOWN,LCM_meta_DOWN,1
FAM220A,DOWN,LCM_meta_DOWN,1
EFNA5,DOWN,LCM_meta_DOWN,1
FAM83D,DOWN,LCM_meta_DOWN,1
FBXO9,DOWN,LCM_meta_DOWN,1
FDFT1,DOWN,SetA_multiomics_DOWN,1
FCHSD1,DOWN,discordant_LOW_CTX,1
FLII,DOWN,LCM_meta_DOWN,1
FXR2,DOWN,LCM_meta_DOWN,1
GABRA5,DOWN,LCM_meta_DOWN,1
GCN1L1,DOWN,discordant_LOW_SC,1
GPR162,DOWN,LCM_meta_DOWN,1
GPR22,DOWN,LCM_meta_DOWN,1
GPX3,DOWN,discordant_LOW_CTX,1
GRIK4,DOWN,LCM_meta_DOWN,1
GSTM1,DOWN,discordant_LOW_CTX,1
GTF2A2,DOWN,SetA_multiomics_DOWN,1
HECW1,DOWN,LCM_meta_DOWN,1
HSPB7,DOWN,LCM_meta_DOWN,1
HSPD1,DOWN,SetA_multiomics_DOWN,1
HTR7,DOWN,LCM_meta_DOWN,1
HUWE1,DOWN,LCM_meta_DOWN,1
IGF2BP2,DOWN,discordant_LOW_CTX,1
IGSF21,DOWN,LCM_meta_DOWN,1
ILK,DOWN,discordant_LOW_SC,1
IMPA1,DOWN,discordant_LOW_SC,1
ISCU,DOWN,SetA_multiomics_DOWN,1
ITGB8,DOWN,SetA_multiomics_DOWN,1
ITIH4,DOWN,discordant_LOW_CTX,1
KAT7,DOWN,LCM_meta_DOWN,1
KCNN1,DOWN,LCM_meta_DOWN,1
KLK7,DOWN,LCM_meta_DOWN,1
LDAF1,DOWN,LCM_meta_DOWN,1
LDOC1,DOWN,LCM_meta_DOWN,1
LGI2,DOWN,LCM_meta_DOWN,1
LINGO4,DOWN,LCM_meta_DOWN,1
LRP12,DOWN,LCM_meta_DOWN,1
LRP8,DOWN,LCM_meta_DOWN,1
LRPPRC,DOWN,SetA_multiomics_DOWN,1
LRRC4C,DOWN,LCM_meta_DOWN,1
LRRC8A,DOWN,LCM_meta_DOWN,1
CRABP2,DOWN,discordant_LOW_CTX,1
CRYBB1,DOWN,LCM_meta_DOWN,1
C11orf87,DOWN,LCM_meta_DOWN,1
MAPK8IP3,DOWN,LCM_meta_DOWN,1
MAN1B1,DOWN,LCM_meta_DOWN,1
MADD,DOWN,LCM_meta_DOWN,1
MBP,DOWN,discordant_LOW_SC,1
MCAT,DOWN,LCM_meta_DOWN,1
MDK,DOWN,discordant_LOW_CTX,1
MED12L,DOWN,LCM_meta_DOWN,1
MAPRE2,DOWN,LCM_meta_DOWN,1
MPI,DOWN,LCM_meta_DOWN,1
MRPL19,DOWN,SetA_multiomics_DOWN,1
MSRB1,DOWN,LCM_meta_DOWN,1
MX1,DOWN,discordant_LOW_SC,1
MYL6,DOWN,discordant_LOW_SC,1
NAXE,DOWN,LCM_meta_DOWN,1
NCAM1,DOWN,discordant_LOW_SC,1
MARK2,DOWN,LCM_meta_DOWN,1
NLK,DOWN,LCM_meta_DOWN,1
NOG,DOWN,LCM_meta_DOWN,1
NPLOC4,DOWN,LCM_meta_DOWN,1
NRP1,DOWN,LCM_meta_DOWN,1
NSFL1C,DOWN,LCM_meta_DOWN,1
NTNG2,DOWN,LCM_meta_DOWN,1
OLFM3,DOWN,LCM_meta_DOWN,1
ORC5,DOWN,LCM_meta_DOWN,1
OSBP,DOWN,LCM_meta_DOWN,1
PAPPA,DOWN,LCM_meta_DOWN,1
PAQR9,DOWN,LCM_meta_DOWN,1
PCCA,DOWN,SetA_multiomics_DOWN,1
PCYT1B,DOWN,LCM_meta_DOWN,1
PEA15,DOWN,discordant_LOW_SC,1
PEMT,DOWN,LCM_meta_DOWN,1
PGAP4,DOWN,LCM_meta_DOWN,1
PI4K2A,DOWN,LCM_meta_DOWN,1
PITRM1,DOWN,LCM_meta_DOWN,1
PODN,DOWN,discordant_LOW_CTX,1
POLR2E,DOWN,SetA_multiomics_DOWN,1
PPEF1,DOWN,LCM_meta_DOWN,1
PPP3CB,DOWN,LCM_meta_DOWN,1
PPP5C,DOWN,LCM_meta_DOWN,1
PPP6C,DOWN,discordant_LOW_SC,1
PQBP1,DOWN,LCM_meta_DOWN,1
PRKCQ,DOWN,LCM_meta_DOWN,1
PRKCZ,DOWN,LCM_meta_DOWN,1
PRMT6,DOWN,LCM_meta_DOWN,1
PRODH,DOWN,SetA_multiomics_DOWN,1
PRPF4,DOWN,LCM_meta_DOWN,1
PRPH,DOWN,discordant_LOW_SC,1
PRUNE2,DOWN,LCM_meta_DOWN,1
PSMB6,DOWN,LCM_meta_DOWN,1
PSMC3,DOWN,LCM_meta_DOWN,1
PTCHD4,DOWN,LCM_meta_DOWN,1
RAB3D,DOWN,LCM_meta_DOWN,1
RCOR1,DOWN,LCM_meta_DOWN,1
RIMS1,DOWN,LCM_meta_DOWN,1
RNF26,DOWN,LCM_meta_DOWN,1
RNFT2,DOWN,LCM_meta_DOWN,1
RPRM,DOWN,LCM_meta_DOWN,1
RRP12,DOWN,LCM_meta_DOWN,1
RXRG,DOWN,LCM_meta_DOWN,1
SAA2,DOWN,discordant_LOW_CTX,1
SARM1,DOWN,LCM_meta_DOWN,1
SCAMP3,DOWN,LCM_meta_DOWN,1
PFKP,DOWN,LCM_meta_DOWN,1
SCYL1,DOWN,LCM_meta_DOWN,1
SEMA3A,DOWN,LCM_meta_DOWN,1
SENP8,DOWN,LCM_meta_DOWN,1
SEMA6A,DOWN,LCM_meta_DOWN,1
SH3BP2,DOWN,SetA_multiomics_DOWN,1
SLC16A14,DOWN,LCM_meta_DOWN,1
SLC35A4,DOWN,LCM_meta_DOWN,1
SFPQ,DOWN,discordant_LOW_SC,1
SLC43A2,DOWN,LCM_meta_DOWN,1
SLC45A4,DOWN,LCM_meta_DOWN,1
SLC7A8,DOWN,LCM_meta_DOWN,1
SLC9A8,DOWN,LCM_meta_DOWN,1
SLITRK1,DOWN,LCM_meta_DOWN,1
SLITRK3,DOWN,LCM_meta_DOWN,1
SLITRK4,DOWN,LCM_meta_DOWN,1
SLC35B3,DOWN,LCM_meta_DOWN,1
SNUPN,DOWN,LCM_meta_DOWN,1
SORCS3,DOWN,LCM_meta_DOWN,1
SPA17,DOWN,LCM_meta_DOWN,1
SRD5A3,DOWN,LCM_meta_DOWN,1
SSBP2,DOWN,LCM_meta_DOWN,1
SSX2IP,DOWN,LCM_meta_DOWN,1
STMN2,DOWN,LCM_meta_DOWN,1
STUB1,DOWN,LCM_meta_DOWN,1
STYK1,DOWN,LCM_meta_DOWN,1
SUSD2,DOWN,LCM_meta_DOWN,1
SVIL,DOWN,discordant_LOW_CTX,1
SYNDIG1L,DOWN,LCM_meta_DOWN,1
TACR1,DOWN,LCM_meta_DOWN,1
TAPT1,DOWN,LCM_meta_DOWN,1
TBCB,DOWN,LCM_meta_DOWN,1
SNRNP48,DOWN,LCM_meta_DOWN,1
TFAM,DOWN,SetA_multiomics_DOWN,1
THNSL2,DOWN,discordant_LOW_CTX,1
TIGAR,DOWN,LCM_meta_DOWN,1
THRA,DOWN,SetA_multiomics_DOWN,1
TMEM120A,DOWN,LCM_meta_DOWN,1
TMEM203,DOWN,LCM_meta_DOWN,1
TMEM267,DOWN,LCM_meta_DOWN,1
TM7SF3,DOWN,LCM_meta_DOWN,1
TNS1,DOWN,LCM_meta_DOWN,1
TNXB,DOWN,discordant_LOW_CTX,1
TPGS2,DOWN,LCM_meta_DOWN,1
TPPP3,DOWN,LCM_meta_DOWN,1
TRIM36,DOWN,LCM_meta_DOWN,1
TRMT2B,DOWN,LCM_meta_DOWN,1
TRPC5,DOWN,LCM_meta_DOWN,1
TMEM59L,DOWN,LCM_meta_DOWN,1
TSPAN31,DOWN,LCM_meta_DOWN,1
TSPAN33,DOWN,LCM_meta_DOWN,1
TTL,DOWN,LCM_meta_DOWN,1
TUBB4B,DOWN,LCM_meta_DOWN,1
TYMP,DOWN,discordant_LOW_CTX,1
UNC119,DOWN,LCM_meta_DOWN,1
USP13,DOWN,LCM_meta_DOWN,1
VIPR2,DOWN,LCM_meta_DOWN,1
VPS26B,DOWN,LCM_meta_DOWN,1
WASHC3,DOWN,LCM_meta_DOWN,1
ZFPM2,DOWN,LCM_meta_DOWN,1
ZNF138,DOWN,LCM_meta_DOWN,1
ZNF521,DOWN,LCM_meta_DOWN,1
ZPLD1,DOWN,LCM_meta_DOWN,1
