Gene_Symbol,direction,source
A1BG,UP,pathway_enrichment
ACTR1B,UP,pathway_enrichment
ACTR2,UP,pathway_enrichment
ADAM10,UP,pathway_enrichment
ADGRE5,UP,pathway_enrichment
AHSG,UP,pathway_enrichment
ALAD,UP,pathway_enrichment
ALDH3B1,UP,pathway_enrichment
ALOX5,UP,pathway_enrichment
AMPD3,UP,pathway_enrichment
ANO6,UP,pathway_enrichment
ANPEP,UP,pathway_enrichment
ANXA2,UP,pathway_enrichment
APEH,UP,pathway_enrichment
APRT,UP,pathway_enrichment
ARG1,UP,pathway_enrichment
ARHGAP45,UP,pathway_enrichment
ARHGAP9,UP,pathway_enrichment
ARPC5,UP,pathway_enrichment
ARSB,UP,pathway_enrichment
ASAH1,UP,pathway_enrichment
ATG7,UP,pathway_enrichment
ATP11B,UP,pathway_enrichment
ATP6V1D,UP,pathway_enrichment
ATP8A1,UP,pathway_enrichment
B2M,UP,pathway_enrichment
BIN2,UP,pathway_enrichment
BPI,UP,pathway_enrichment
BST2,UP,pathway_enrichment
C3,UP,pathway_enrichment
C3AR1,UP,pathway_enrichment
C5AR1,UP,pathway_enrichment
C6orf120,UP,pathway_enrichment
CAB39,UP,pathway_enrichment
CAMP,UP,pathway_enrichment
CAND1,UP,pathway_enrichment
CAP1,UP,pathway_enrichment
CAT,UP,pathway_enrichment
CCT2,UP,pathway_enrichment
CCT8,UP,pathway_enrichment
CD14,UP,pathway_enrichment
CD177,UP,pathway_enrichment
CD36,UP,pathway_enrichment
CD44,UP,pathway_enrichment
CD47,UP,pathway_enrichment
CD53,UP,pathway_enrichment
CD55,UP,pathway_enrichment
CD63,UP,pathway_enrichment
CD68,UP,pathway_enrichment
CHI3L1,UP,pathway_enrichment
CHIT1,UP,pathway_enrichment
CKAP4,UP,pathway_enrichment
CMTM6,UP,pathway_enrichment
CNN2,UP,pathway_enrichment
CPNE1,UP,pathway_enrichment
CPPED1,UP,pathway_enrichment
CR1,UP,pathway_enrichment
CREG1,UP,pathway_enrichment
CST3,UP,pathway_enrichment
CSTB,UP,pathway_enrichment
CTSA,UP,pathway_enrichment
CTSB,UP,pathway_enrichment
CTSC,UP,pathway_enrichment
CTSG,UP,pathway_enrichment
CTSS,UP,pathway_enrichment
CTSZ,UP,pathway_enrichment
CXCR1,UP,pathway_enrichment
CXCR2,UP,pathway_enrichment
CYB5R3,UP,pathway_enrichment
CYBA,UP,pathway_enrichment
CYBB,UP,pathway_enrichment
CYFIP1,UP,pathway_enrichment
DEGS1,UP,pathway_enrichment
DERA,UP,pathway_enrichment
DNAJC3,UP,pathway_enrichment
DOCK2,UP,pathway_enrichment
DSC1,UP,pathway_enrichment
DSG1,UP,pathway_enrichment
DSP,UP,pathway_enrichment
DYNLL1,UP,pathway_enrichment
EEF1A1,UP,pathway_enrichment
ELANE,UP,pathway_enrichment
ENPP4,UP,pathway_enrichment
EPX,UP,pathway_enrichment
ERP44,UP,pathway_enrichment
FABP5,UP,pathway_enrichment
FCER1G,UP,pathway_enrichment
FCGR2A,UP,pathway_enrichment
FGL2,UP,pathway_enrichment
FRK,UP,pathway_enrichment
FTH1,UP,pathway_enrichment
FTL,UP,pathway_enrichment
FUCA2,UP,pathway_enrichment
GCA,UP,pathway_enrichment
GDI2,UP,pathway_enrichment
GGH,UP,pathway_enrichment
GLB1,UP,pathway_enrichment
GLIPR1,UP,pathway_enrichment
GM2A,UP,pathway_enrichment
GMFG,UP,pathway_enrichment
GNS,UP,pathway_enrichment
GOLGA7,UP,pathway_enrichment
GSDMD,UP,pathway_enrichment
GSN,UP,pathway_enrichment
GSTP1,UP,pathway_enrichment
GUSB,UP,pathway_enrichment
HBB,UP,pathway_enrichment
HEXB,UP,pathway_enrichment
HLA-B,UP,pathway_enrichment
HLA-C,UP,pathway_enrichment
HMGB1,UP,pathway_enrichment
HP,UP,pathway_enrichment
HSP90AA1,UP,pathway_enrichment
HSP90AB1,UP,pathway_enrichment
HSPA1A,UP,pathway_enrichment
HSPA1B,UP,pathway_enrichment
HSPA8,UP,pathway_enrichment
HVCN1,UP,pathway_enrichment
IGF2R,UP,pathway_enrichment
IMPDH1,UP,pathway_enrichment
IQGAP1,UP,pathway_enrichment
IQGAP2,UP,pathway_enrichment
ITGAL,UP,pathway_enrichment
ITGAM,UP,pathway_enrichment
ITGAV,UP,pathway_enrichment
ITGAX,UP,pathway_enrichment
ITGB2,UP,pathway_enrichment
JUP,UP,pathway_enrichment
KPNB1,UP,pathway_enrichment
KRT1,UP,pathway_enrichment
LAMP2,UP,pathway_enrichment
LAMTOR3,UP,pathway_enrichment
LCN2,UP,pathway_enrichment
LGALS3,UP,pathway_enrichment
LRG1,UP,pathway_enrichment
LTA4H,UP,pathway_enrichment
LTF,UP,pathway_enrichment
LYZ,UP,pathway_enrichment
MAGT1,UP,pathway_enrichment
MAPK1,UP,pathway_enrichment
MAPK14,UP,pathway_enrichment
MGAM,UP,pathway_enrichment
MME,UP,pathway_enrichment
MMP8,UP,pathway_enrichment
MMP9,UP,pathway_enrichment
MNDA,UP,pathway_enrichment
MOSPD2,UP,pathway_enrichment
MPO,UP,pathway_enrichment
NCKAP1L,UP,pathway_enrichment
NDUFC2,UP,pathway_enrichment
NEU1,UP,pathway_enrichment
NFAM1,UP,pathway_enrichment
NPC2,UP,pathway_enrichment
NRAS,UP,pathway_enrichment
OLR1,UP,pathway_enrichment
ORM1,UP,pathway_enrichment
ORM2,UP,pathway_enrichment
OSTF1,UP,pathway_enrichment
PADI2,UP,pathway_enrichment
PAFAH1B2,UP,pathway_enrichment
PDXK,UP,pathway_enrichment
PECAM1,UP,pathway_enrichment
PGM2,UP,pathway_enrichment
PGRMC1,UP,pathway_enrichment
PIGR,UP,pathway_enrichment
PLD1,UP,pathway_enrichment
PLEKHO2,UP,pathway_enrichment
PPBP,UP,pathway_enrichment
PRCP,UP,pathway_enrichment
PRDX4,UP,pathway_enrichment
PRDX6,UP,pathway_enrichment
PRG2,UP,pathway_enrichment
PRKCD,UP,pathway_enrichment
PRTN3,UP,pathway_enrichment
PSEN1,UP,pathway_enrichment
PSMB1,UP,pathway_enrichment
PSMC2,UP,pathway_enrichment
PSMD12,UP,pathway_enrichment
PTAFR,UP,pathway_enrichment
PTPN6,UP,pathway_enrichment
PTPRC,UP,pathway_enrichment
PTPRJ,UP,pathway_enrichment
PTX3,UP,pathway_enrichment
PYCARD,UP,pathway_enrichment
RAB10,UP,pathway_enrichment
RAB14,UP,pathway_enrichment
RAB18,UP,pathway_enrichment
RAB27A,UP,pathway_enrichment
RAB31,UP,pathway_enrichment
RAB5B,UP,pathway_enrichment
RAB6A,UP,pathway_enrichment
RAP1A,UP,pathway_enrichment
RAP2B,UP,pathway_enrichment
RHOA,UP,pathway_enrichment
RHOG,UP,pathway_enrichment
RNASE2,UP,pathway_enrichment
RNASE3,UP,pathway_enrichment
S100A11,UP,pathway_enrichment
S100A7,UP,pathway_enrichment
S100A8,UP,pathway_enrichment
S100A9,UP,pathway_enrichment
SCAMP1,UP,pathway_enrichment
SDCBP,UP,pathway_enrichment
SELL,UP,pathway_enrichment
SERPINA1,UP,pathway_enrichment
SERPINA3,UP,pathway_enrichment
SERPINB1,UP,pathway_enrichment
SIRPA,UP,pathway_enrichment
SLC2A3,UP,pathway_enrichment
SLCO4C1,UP,pathway_enrichment
SLPI,UP,pathway_enrichment
STING1,UP,pathway_enrichment
STK10,UP,pathway_enrichment
STOM,UP,pathway_enrichment
SVIP,UP,pathway_enrichment
TCIRG1,UP,pathway_enrichment
TICAM2,UP,pathway_enrichment
TMBIM1,UP,pathway_enrichment
TMC6,UP,pathway_enrichment
TMED7-TICAM2,UP,pathway_enrichment
TMEM30A,UP,pathway_enrichment
TMEM63A,UP,pathway_enrichment
TNFRSF1B,UP,pathway_enrichment
TTR,UP,pathway_enrichment
TUBB,UP,pathway_enrichment
TXNDC5,UP,pathway_enrichment
VAMP8,UP,pathway_enrichment
VAPA,UP,pathway_enrichment
VAT1,UP,pathway_enrichment
VCL,UP,pathway_enrichment
XRCC5,UP,pathway_enrichment
YPEL5,UP,pathway_enrichment
