ALYREF	NUP107
ALYREF	NUP155
ALYREF	FUS
ALYREF	NUP210
ALYREF	NUP205
ALYREF	SRSF7
ALYREF	HNRNPA1
ALYREF	NUP43
ALYREF	NUP50
ALYREF	HNRNPA2B1
ALYREF	NDC1
ALYREF	NUP188
ALYREF	SRSF3
ALYREF	NUP160
ALYREF	SEC13
ALYREF	NUP37
ALYREF	NUP62
ALYREF	NUP153
ANG	FUS
ANG	TP53
ANG	OPTN
ANXA11	FUS
APAF1	TP53
APAF1	BID
APAF1	HSPA5
APAF1	HNRNPA1
APAF1	HNRNPA2B1
APAF1	BCL2
APAF1	GPX8
BCL2	XBP1
BCL2	TP53
BCL2	EIF2AK3
BCL2	BID
BCL2	HSPA5
BCL2	ERBB4
BCL2	GPX8
BCL2	APAF1
BID	TP53
BID	APAF1
BID	BCL2
CAT	GPX8
DCTN2	OPTN
DCTN2	NEFL
DERL1	XBP1
DERL1	HSPA5
DNAH6	DNALI1
DNALI1	DNAH6
EIF2AK3	XBP1
EIF2AK3	TP53
EIF2AK3	BCL2
EIF2AK3	HSPA5
ERBB4	TP53
ERBB4	NRG1
ERBB4	NEFL
ERBB4	BCL2
ERBB4	NRG3
FUS	NEFM
FUS	PFN1
FUS	ANXA11
FUS	SLC1A2
FUS	ALYREF
FUS	ANG
FUS	TP53
FUS	SPG11
FUS	NEFL
FUS	SRSF7
FUS	NEFH
FUS	SRSF3
FUS	OPTN
FUS	HNRNPA1
FUS	HNRNPA2B1
GPX8	CAT
GPX8	TP53
GPX8	HSPA5
GPX8	BCL2
GPX8	APAF1
GRIA1	SLC1A2
GRIA1	HNRNPA1
GRIA1	SEC13
GRIA1	NEFL
HNRNPA1	PFN1
HNRNPA1	FUS
HNRNPA1	SPG11
HNRNPA1	TP53
HNRNPA1	NUP205
HNRNPA1	HSPA5
HNRNPA1	SRSF7
HNRNPA1	NUP62
HNRNPA1	NUP153
HNRNPA1	APAF1
HNRNPA1	GRIA1
HNRNPA1	OPTN
HNRNPA1	ALYREF
HNRNPA1	SRSF3
HNRNPA1	HNRNPA2B1
HNRNPA2B1	PSMA4
HNRNPA2B1	PFN1
HNRNPA2B1	FUS
HNRNPA2B1	TP53
HNRNPA2B1	HSPA5
HNRNPA2B1	SRSF7
HNRNPA2B1	HNRNPA1
HNRNPA2B1	OPTN
HNRNPA2B1	APAF1
HNRNPA2B1	ALYREF
HNRNPA2B1	SRSF3
HSPA5	XBP1
HSPA5	NUP107
HSPA5	NUP155
HSPA5	NUP210
HSPA5	DERL1
HSPA5	TP53
HSPA5	NUP205
HSPA5	EIF2AK3
HSPA5	NUP188
HSPA5	NDC1
HSPA5	NUP43
HSPA5	NUP160
HSPA5	NUP50
HSPA5	HNRNPA2B1
HSPA5	NUP153
HSPA5	GPX8
HSPA5	NUP37
HSPA5	APAF1
HSPA5	NUP62
HSPA5	HNRNPA1
HSPA5	SEC13
HSPA5	BCL2
MAP2K6	TP53
NDC1	NUP107
NDC1	NUP155
NDC1	NUP210
NDC1	NUP205
NDC1	HSPA5
NDC1	SRSF7
NDC1	NUP43
NDC1	NUP50
NDC1	SRSF3
NDC1	ALYREF
NDC1	SEC13
NDC1	NUP153
NDC1	NUP160
NDC1	NUP37
NDC1	NUP188
NDC1	NUP62
NDUFB1	NDUFS6
NDUFB1	UQCR10
NDUFS6	NDUFB1
NDUFS6	UQCR10
NEFH	NEFM
NEFH	PFN1
NEFH	FUS
NEFH	PRPH
NEFH	SPG11
NEFH	SLC1A2
NEFH	OPTN
NEFH	NEFL
NEFL	NEFM
NEFL	FUS
NEFL	PRPH
NEFL	SLC1A2
NEFL	NRG1
NEFL	NEFH
NEFL	ERBB4
NEFL	DCTN2
NEFL	GRIA1
NEFM	FUS
NEFM	SLC1A2
NEFM	PRPH
NEFM	NEFH
NEFM	NEFL
NRG1	NEFL
NRG1	NRG3
NRG1	ERBB4
NRG3	NRG1
NRG3	ERBB4
NUP107	HSPA5
NUP107	SRSF3
NUP107	SRSF7
NUP107	ALYREF
NUP107	NDC1
NUP107	NUP50
NUP107	NUP188
NUP107	NUP210
NUP107	NUP62
NUP107	NUP155
NUP107	NUP205
NUP107	NUP37
NUP107	NUP160
NUP107	SEC13
NUP107	NUP43
NUP107	NUP153
NUP153	NXT2
NUP153	NUP107
NUP153	NUP155
NUP153	NUP210
NUP153	NUP205
NUP153	HSPA5
NUP153	SRSF7
NUP153	HNRNPA1
NUP153	NUP43
NUP153	NUP50
NUP153	NDC1
NUP153	NUP188
NUP153	SRSF3
NUP153	NUP160
NUP153	SEC13
NUP153	ALYREF
NUP153	NUP37
NUP153	NUP62
NUP155	NUP107
NUP155	SRSF7
NUP155	SRSF3
NUP155	HSPA5
NUP155	ALYREF
NUP155	NUP50
NUP155	NUP37
NUP155	NUP210
NUP155	NDC1
NUP155	NUP160
NUP155	NUP43
NUP155	SEC13
NUP155	NUP153
NUP155	NUP62
NUP155	NUP188
NUP155	NUP205
NUP160	NUP107
NUP160	NUP155
NUP160	NUP210
NUP160	NUP205
NUP160	HSPA5
NUP160	SRSF7
NUP160	NUP43
NUP160	NUP50
NUP160	NDC1
NUP160	NUP188
NUP160	SRSF3
NUP160	ALYREF
NUP160	NUP62
NUP160	NUP153
NUP160	SEC13
NUP160	NUP37
NUP188	NUP107
NUP188	NUP155
NUP188	NUP210
NUP188	NUP205
NUP188	HSPA5
NUP188	SRSF7
NUP188	NUP43
NUP188	NUP50
NUP188	NDC1
NUP188	SRSF3
NUP188	ALYREF
NUP188	SEC13
NUP188	NUP153
NUP188	NUP62
NUP188	NUP37
NUP188	NUP160
NUP205	NUP107
NUP205	NUP155
NUP205	NUP210
NUP205	HSPA5
NUP205	SRSF7
NUP205	HNRNPA1
NUP205	SRSF3
NUP205	ALYREF
NUP205	NUP50
NUP205	NUP37
NUP205	NDC1
NUP205	NUP43
NUP205	NUP153
NUP205	SEC13
NUP205	NUP160
NUP205	NUP62
NUP205	NUP188
NUP210	NUP107
NUP210	NUP155
NUP210	SRSF7
NUP210	SRSF3
NUP210	HSPA5
NUP210	ALYREF
NUP210	NUP50
NUP210	SEC13
NUP210	NUP153
NUP210	NUP37
NUP210	NUP160
NUP210	NUP43
NUP210	NUP62
NUP210	NDC1
NUP210	NUP205
NUP210	NUP188
NUP37	NUP107
NUP37	NUP155
NUP37	NUP210
NUP37	NUP205
NUP37	HSPA5
NUP37	SRSF7
NUP37	NUP43
NUP37	NUP50
NUP37	NDC1
NUP37	NUP188
NUP37	SRSF3
NUP37	NUP160
NUP37	SEC13
NUP37	ALYREF
NUP37	NUP153
NUP37	NUP62
NUP43	NUP107
NUP43	NUP155
NUP43	NUP210
NUP43	NUP205
NUP43	HSPA5
NUP43	SRSF7
NUP43	SRSF3
NUP43	ALYREF
NUP43	NDC1
NUP43	NUP153
NUP43	NUP50
NUP43	NUP62
NUP43	NUP188
NUP43	NUP160
NUP43	NUP37
NUP43	SEC13
NUP50	NUP107
NUP50	NUP155
NUP50	NUP210
NUP50	NUP205
NUP50	HSPA5
NUP50	SRSF7
NUP50	NUP43
NUP50	SRSF3
NUP50	ALYREF
NUP50	SEC13
NUP50	NDC1
NUP50	NUP37
NUP50	NUP160
NUP50	NUP188
NUP50	NUP62
NUP50	NUP153
NUP62	NXT2
NUP62	NUP107
NUP62	NUP155
NUP62	NUP210
NUP62	NUP205
NUP62	HSPA5
NUP62	SRSF7
NUP62	HNRNPA1
NUP62	NUP43
NUP62	NUP50
NUP62	NDC1
NUP62	NUP188
NUP62	SRSF3
NUP62	NUP160
NUP62	SEC13
NUP62	ALYREF
NUP62	NUP153
NUP62	NUP37
NXT2	NUP153
NXT2	NUP62
OPTN	PFN1
OPTN	FUS
OPTN	SPG11
OPTN	WIPI1
OPTN	TP53
OPTN	NEFH
OPTN	ANG
OPTN	HNRNPA1
OPTN	HNRNPA2B1
OPTN	DCTN2
PFN1	HNRNPA2B1
PFN1	SPG11
PFN1	OPTN
PFN1	HNRNPA1
PFN1	NEFH
PFN1	FUS
PRPH	NEFM
PRPH	NEFL
PRPH	NEFH
PSMA4	HNRNPA2B1
PSMA4	TP53
PSMA4	PSMB3
PSMA4	PSMB6
PSMA4	PSMC5
PSMB3	PSMA4
PSMB3	TP53
PSMB3	PSMB6
PSMB3	PSMC5
PSMB6	PSMA4
PSMB6	TP53
PSMB6	PSMC5
PSMB6	PSMB3
PSMC5	PSMA4
PSMC5	TP53
PSMC5	PSMB6
PSMC5	PSMB3
SEC13	NUP107
SEC13	NUP155
SEC13	NUP210
SEC13	NUP205
SEC13	HSPA5
SEC13	SRSF7
SEC13	NUP43
SEC13	NUP50
SEC13	NDC1
SEC13	NUP188
SEC13	SRSF3
SEC13	NUP160
SEC13	GRIA1
SEC13	ALYREF
SEC13	NUP153
SEC13	NUP62
SEC13	NUP37
SLC1A2	NEFM
SLC1A2	FUS
SLC1A2	NEFL
SLC1A2	NEFH
SLC1A2	GRIA1
SPG11	PFN1
SPG11	FUS
SPG11	HNRNPA1
SPG11	NEFH
SPG11	OPTN
SRSF3	NUP107
SRSF3	NUP155
SRSF3	FUS
SRSF3	NUP210
SRSF3	TP53
SRSF3	NUP205
SRSF3	SRSF7
SRSF3	HNRNPA1
SRSF3	NUP43
SRSF3	NUP50
SRSF3	HNRNPA2B1
SRSF3	NDC1
SRSF3	NUP188
SRSF3	SEC13
SRSF3	NUP160
SRSF3	NUP37
SRSF3	NUP62
SRSF3	NUP153
SRSF3	ALYREF
SRSF7	NUP107
SRSF7	NUP155
SRSF7	FUS
SRSF7	NUP210
SRSF7	NUP205
SRSF7	NDC1
SRSF7	NUP188
SRSF7	NUP62
SRSF7	NUP50
SRSF7	SEC13
SRSF7	NUP153
SRSF7	NUP160
SRSF7	NUP37
SRSF7	NUP43
SRSF7	HNRNPA2B1
SRSF7	ALYREF
SRSF7	HNRNPA1
SRSF7	SRSF3
TP53	PSMA4
TP53	XBP1
TP53	FUS
TP53	SRSF3
TP53	MAP2K6
TP53	PSMB6
TP53	OPTN
TP53	HNRNPA2B1
TP53	HNRNPA1
TP53	PSMB3
TP53	GPX8
TP53	EIF2AK3
TP53	ANG
TP53	ERBB4
TP53	HSPA5
TP53	BID
TP53	PSMC5
TP53	APAF1
TP53	BCL2
UQCR10	NDUFS6
UQCR10	NDUFB1
WIPI1	XBP1
WIPI1	OPTN
XBP1	TP53
XBP1	DERL1
XBP1	BCL2
XBP1	WIPI1
XBP1	EIF2AK3
XBP1	HSPA5
