from	to	score	weight
ACTG1	PFN1	0.992	0.992
ACTG1	CASP3	0.922	0.922
ACTG1	HSPA5	0.475	0.475
ACTG1	TUBB	0.773	0.773
ACTG1	DCTN2	0.58	0.58
ALYREF	NUP107	0.647	0.647
ALYREF	NUP155	0.649	0.649
ALYREF	NUP85	0.589	0.589
ALYREF	FUS	0.453	0.453
ALYREF	NUP210	0.543	0.543
ALYREF	NUP54	0.6	0.6
ALYREF	NUP205	0.578	0.578
ALYREF	NUP35	0.563	0.563
ALYREF	GLE1	0.842	0.842
ALYREF	NUP98	0.74	0.74
ALYREF	SRSF7	0.958	0.958
ALYREF	NUP43	0.597	0.597
ALYREF	NUP50	0.672	0.672
ALYREF	HNRNPA2B1	0.877	0.877
ALYREF	NUP188	0.509	0.509
ALYREF	SRSF3	0.95	0.95
ALYREF	NUP160	0.592	0.592
ALYREF	SEC13	0.543	0.543
ALYREF	SQSTM1	0.414	0.414
ALYREF	NUP37	0.622	0.622
ALYREF	NUP88	0.625	0.625
ALYREF	NUP62	0.677	0.677
ALYREF	NUP153	0.708	0.708
ANXA11	FUS	0.409	0.409
ANXA11	ANXA7	0.92	0.92
ANXA7	TP53	0.409	0.409
ANXA7	BCL2	0.483	0.483
ANXA11	ANXA7	0.92	0.92
APAF1	TP53	0.974	0.974
APAF1	CASP3	0.999	0.999
APAF1	CYC1	0.68	0.68
APAF1	BID	0.61	0.61
APAF1	HSPA5	0.475	0.475
APAF1	HNRNPA2B1	0.466	0.466
APAF1	MAP3K5	0.458	0.458
APAF1	GPX7	0.444	0.444
APAF1	BCL2L1	0.996	0.996
APAF1	SQSTM1	0.47	0.47
APAF1	BCL2	0.993	0.993
APAF1	GPX8	0.444	0.444
ATF4	XBP1	0.917	0.917
ATF4	TP53	0.45	0.45
ATF4	EIF2AK3	0.992	0.992
ATF4	CASP3	0.602	0.602
ATF4	HSPA5	0.975	0.975
ATF4	ULK1	0.406	0.406
ATF4	SQSTM1	0.453	0.453
ATF4	MAP3K5	0.513	0.513
ATF4	BCL2	0.597	0.597
ATF4	ERN1	0.835	0.835
ATF4	ATF6	0.942	0.942
ATF4	DDIT3	0.996	0.996
ATF6	XBP1	0.998	0.998
ATF6	DERL1	0.511	0.511
ATF6	PIK3C3	0.431	0.431
ATF6	WIPI1	0.422	0.422
ATF6	TP53	0.51	0.51
ATF6	SOD1	0.423	0.423
ATF6	EIF2AK3	0.978	0.978
ATF6	CASP3	0.737	0.737
ATF6	HSPA5	0.999	0.999
ATF4	ATF6	0.942	0.942
ATF6	MAP3K5	0.712	0.712
ATF6	SQSTM1	0.471	0.471
ATF6	BCL2L1	0.504	0.504
ATF6	ITPR3	0.537	0.537
ATF6	BCL2	0.716	0.716
ATF6	ERN1	0.976	0.976
ATF6	DDIT3	0.989	0.989
ATG14	RB1CC1	0.999	0.999
ATG14	GABARAPL2	0.994	0.994
ATG14	CASP3	0.405	0.405
ATG14	OPTN	0.644	0.644
ATG14	BCL2L1	0.691	0.691
ATG14	SQSTM1	0.822	0.822
ATG14	WIPI1	0.889	0.889
ATG14	BCL2	0.929	0.929
ATG14	WIPI2	0.935	0.935
ATG14	GABARAPL1	0.993	0.993
ATG14	PIK3R4	0.999	0.999
ATG14	ULK1	0.999	0.999
ATG14	PIK3C3	0.999	0.999
BCL2	RB1CC1	0.529	0.529
BCL2	GABARAPL2	0.528	0.528
BCL2	MAPK12	0.421	0.421
BCL2	XBP1	0.666	0.666
BCL2	PPP3R1	0.438	0.438
ATG14	BCL2	0.929	0.929
BCL2	PIK3C3	0.976	0.976
BCL2	DAXX	0.558	0.558
BCL2	TP53	0.999	0.999
BCL2	SOD1	0.998	0.998
BCL2	EIF2AK3	0.729	0.729
BCL2	CASP3	0.987	0.987
BCL2	BID	0.998	0.998
BCL2	HSPA5	0.738	0.738
BCL2	ULK1	0.577	0.577
ATF4	BCL2	0.597	0.597
BCL2	NDUFA4	0.422	0.422
BCL2	ERBB4	0.66	0.66
BCL2	PIK3R4	0.692	0.692
BCL2	MAP3K5	0.755	0.755
BCL2	GPX7	0.731	0.731
ATF6	BCL2	0.716	0.716
BCL2	SDHC	0.512	0.512
ANXA7	BCL2	0.483	0.483
BCL2	ITPR3	0.993	0.993
BCL2	BCL2L1	0.999	0.999
BCL2	HDAC6	0.479	0.479
BCL2	SQSTM1	0.812	0.812
BCL2	GABARAPL1	0.535	0.535
BCL2	TOMM40	0.639	0.639
BCL2	GPX8	0.734	0.734
BCL2	ERN1	0.781	0.781
BCL2	DDIT3	0.972	0.972
APAF1	BCL2	0.993	0.993
BCL2L1	RB1CC1	0.422	0.422
BCL2L1	GABARAPL2	0.46	0.46
BCL2L1	XBP1	0.484	0.484
ATG14	BCL2L1	0.691	0.691
BCL2L1	PIK3C3	0.771	0.771
BCL2L1	DAXX	0.509	0.509
BCL2L1	TP53	0.999	0.999
BCL2L1	EIF2AK3	0.587	0.587
BCL2L1	CASP3	0.95	0.95
BCL2L1	BID	0.999	0.999
BCL2L1	HSPA5	0.571	0.571
BCL2L1	ULK1	0.44	0.44
BCL2L1	PIK3R4	0.425	0.425
BCL2L1	MAP3K5	0.543	0.543
BCL2L1	GPX7	0.499	0.499
ATF6	BCL2L1	0.504	0.504
BCL2L1	SDHC	0.4	0.4
BCL2L1	ITPR3	0.942	0.942
BCL2L1	HDAC6	0.417	0.417
BCL2L1	GABARAPL1	0.439	0.439
BCL2L1	SQSTM1	0.485	0.485
BCL2L1	GPX8	0.498	0.498
BCL2L1	DDIT3	0.52	0.52
BCL2L1	ERN1	0.522	0.522
APAF1	BCL2L1	0.996	0.996
BCL2	BCL2L1	0.999	0.999
BID	TP53	0.856	0.856
BID	CASP3	0.827	0.827
APAF1	BID	0.61	0.61
BCL2	BID	0.998	0.998
BCL2L1	BID	0.999	0.999
CASP3	GABARAPL2	0.428	0.428
CASP3	MAPK12	0.481	0.481
CASP3	XBP1	0.706	0.706
ATG14	CASP3	0.405	0.405
CASP3	PIK3C3	0.489	0.489
CASP3	TP53	0.956	0.956
CASP3	SOD1	0.624	0.624
CASP3	SLC1A2	0.581	0.581
CASP3	EIF2AK3	0.776	0.776
CASP3	ERBB4	0.407	0.407
CASP3	NDUFS1	0.429	0.429
CASP3	GABARAPL1	0.437	0.437
CASP3	ITPR3	0.438	0.438
CASP3	ULK1	0.464	0.464
CASP3	HDAC6	0.494	0.494
CASP3	TBK1	0.53	0.53
CASP3	SDHC	0.543	0.543
ATF4	CASP3	0.602	0.602
CASP3	SQSTM1	0.672	0.672
CASP3	MAP3K5	0.699	0.699
CASP3	ERN1	0.714	0.714
CASP3	DDIT3	0.734	0.734
ATF6	CASP3	0.737	0.737
CASP3	GPX8	0.773	0.773
CASP3	GPX7	0.773	0.773
CASP3	HSPA5	0.793	0.793
BID	CASP3	0.827	0.827
ACTG1	CASP3	0.922	0.922
BCL2L1	CASP3	0.95	0.95
BCL2	CASP3	0.987	0.987
APAF1	CASP3	0.999	0.999
CAT	GPX7	0.625	0.625
CAT	GPX8	0.626	0.626
CAT	SOD1	0.92	0.92
COX6A1	UQCRC1	0.989	0.989
COX6A1	DDIT3	0.47	0.47
COX6A1	NDUFB1	0.52	0.52
COX6A1	NDUFS1	0.551	0.551
COX6A1	NDUFB2	0.552	0.552
COX6A1	SDHC	0.574	0.574
COX6A1	NDUFA10	0.596	0.596
COX6A1	NDUFA3	0.61	0.61
COX6A1	NDUFA9	0.638	0.638
COX6A1	NDUFA4L2	0.69	0.69
COX6A1	NDUFB3	0.697	0.697
COX6A1	NDUFA1	0.742	0.742
COX6A1	NDUFA2	0.782	0.782
COX6A1	NDUFB10	0.808	0.808
COX6A1	NDUFS6	0.839	0.839
COX6A1	NDUFA12	0.864	0.864
COX6A1	UQCRHL	0.946	0.946
COX6A1	UQCR11	0.971	0.971
COX6A1	CYC1	0.985	0.985
COX6A1	UQCR10	0.995	0.995
COX6A1	UQCRB	0.997	0.997
COX6A1	NDUFA4	0.998	0.998
COX6A1	COX6B1	0.999	0.999
COX6B1	UQCRC1	0.989	0.989
COX6A1	COX6B1	0.999	0.999
COX6B1	NDUFA2	0.982	0.982
COX6B1	NDUFA10	0.948	0.948
COX6B1	NDUFA9	0.931	0.931
COX6B1	NDUFB10	0.944	0.944
COX6B1	PSMB6	0.495	0.495
COX6B1	NDUFS6	0.954	0.954
COX6B1	CYC1	0.994	0.994
COX6B1	NDUFA12	0.976	0.976
COX6B1	UQCR10	0.999	0.999
COX6B1	NDUFA4	0.999	0.999
COX6B1	SDHC	0.554	0.554
COX6B1	NDUFA1	0.979	0.979
COX6B1	NDUFA4L2	0.65	0.65
COX6B1	NDUFS1	0.971	0.971
COX6B1	NDUFB3	0.952	0.952
COX6B1	NDUFA3	0.974	0.974
COX6B1	NDUFB2	0.898	0.898
COX6B1	UQCRB	0.999	0.999
COX6B1	DDIT3	0.442	0.442
COX6B1	UQCRHL	0.902	0.902
COX6B1	NDUFB1	0.944	0.944
COX6B1	UQCR11	0.997	0.997
CYC1	UQCRC1	0.999	0.999
COX6A1	CYC1	0.985	0.985
CYC1	NDUFA2	0.994	0.994
CYC1	NDUFA10	0.98	0.98
CYC1	NDUFA9	0.998	0.998
CYC1	NDUFB10	0.995	0.995
CYC1	PSMB6	0.435	0.435
CYC1	NDUFS6	0.998	0.998
CYC1	DDIT3	0.416	0.416
CYC1	NDUFA4L2	0.625	0.625
APAF1	CYC1	0.68	0.68
CYC1	NDUFA4	0.789	0.789
CYC1	NDUFB2	0.814	0.814
CYC1	NDUFA1	0.873	0.873
CYC1	TOMM40	0.892	0.892
CYC1	NDUFA3	0.901	0.901
CYC1	NDUFB1	0.903	0.903
CYC1	SDHC	0.923	0.923
CYC1	NDUFB3	0.93	0.93
CYC1	UQCRHL	0.987	0.987
COX6B1	CYC1	0.994	0.994
CYC1	NDUFA12	0.998	0.998
CYC1	UQCR11	0.999	0.999
CYC1	UQCR10	0.999	0.999
CYC1	UQCRB	0.999	0.999
CYC1	NDUFS1	0.999	0.999
DAXX	SQSTM1	0.41	0.41
BCL2L1	DAXX	0.509	0.509
BCL2	DAXX	0.558	0.558
DAXX	SOD1	0.613	0.613
DAXX	TP53	0.999	0.999
DAXX	MAP3K5	0.999	0.999
DCTN2	NUP85	0.496	0.496
DCTN2	KLC4	0.716	0.716
DCTN2	SOD1	0.745	0.745
DCTN2	OPTN	0.535	0.535
DCTN2	SQSTM1	0.476	0.476
DCTN2	NEFL	0.406	0.406
DCTN2	PSMC3	0.451	0.451
ACTG1	DCTN2	0.58	0.58
DDIT3	MAPK12	0.924	0.924
DDIT3	XBP1	0.988	0.988
COX6A1	DDIT3	0.47	0.47
DDIT3	FUS	0.514	0.514
DDIT3	TP53	0.69	0.69
DDIT3	EIF2AK3	0.884	0.884
CASP3	DDIT3	0.734	0.734
CYC1	DDIT3	0.416	0.416
DDIT3	HSPA5	0.921	0.921
DDIT3	UQCR10	0.465	0.465
ATF4	DDIT3	0.996	0.996
DDIT3	MAP3K5	0.622	0.622
ATF6	DDIT3	0.989	0.989
DDIT3	ITPR3	0.463	0.463
BCL2L1	DDIT3	0.52	0.52
DDIT3	HDAC6	0.465	0.465
DDIT3	SQSTM1	0.44	0.44
BCL2	DDIT3	0.972	0.972
DDIT3	ERN1	0.887	0.887
DDIT3	UQCRB	0.484	0.484
COX6B1	DDIT3	0.442	0.442
DERL1	XBP1	0.653	0.653
DERL1	UBQLN1	0.407	0.407
DERL1	MAP3K5	0.414	0.414
ATF6	DERL1	0.511	0.511
DERL1	ERN1	0.582	0.582
DERL1	SOD1	0.964	0.964
DERL1	HSPA5	0.982	0.982
DNAH1	SOD1	0.65	0.65
DNAH1	DNALI1	0.637	0.637
DNAH1	DNAH7	0.911	0.911
DNAH1	DNAH6	0.538	0.538
DNAH1	DNAH14	0.957	0.957
DNAH11	SOD1	0.668	0.668
DNAH11	DNALI1	0.702	0.702
DNAH11	DNAH14	0.45	0.45
DNAH14	SOD1	0.65	0.65
DNAH14	DNAH7	0.594	0.594
DNAH14	DNAH6	0.639	0.639
DNAH11	DNAH14	0.45	0.45
DNAH1	DNAH14	0.957	0.957
DNAH6	SOD1	0.65	0.65
DNAH6	DNALI1	0.633	0.633
DNAH6	DNAH7	0.583	0.583
DNAH1	DNAH6	0.538	0.538
DNAH14	DNAH6	0.639	0.639
DNAH7	SOD1	0.65	0.65
DNAH7	DNALI1	0.668	0.668
DNAH6	DNAH7	0.583	0.583
DNAH14	DNAH7	0.594	0.594
DNAH1	DNAH7	0.911	0.911
DNALI1	SOD1	0.65	0.65
DNAH6	DNALI1	0.633	0.633
DNAH1	DNALI1	0.637	0.637
DNAH7	DNALI1	0.668	0.668
DNAH11	DNALI1	0.702	0.702
EIF2AK3	XBP1	0.909	0.909
EIF2AK3	TP53	0.627	0.627
EIF2AK3	GPX7	0.409	0.409
EIF2AK3	ITPR3	0.458	0.458
EIF2AK3	ERN1	0.541	0.541
BCL2L1	EIF2AK3	0.587	0.587
EIF2AK3	MAP3K5	0.6	0.6
EIF2AK3	SQSTM1	0.726	0.726
BCL2	EIF2AK3	0.729	0.729
CASP3	EIF2AK3	0.776	0.776
DDIT3	EIF2AK3	0.884	0.884
ATF6	EIF2AK3	0.978	0.978
ATF4	EIF2AK3	0.992	0.992
EIF2AK3	HSPA5	0.999	0.999
ERBB4	TP53	0.726	0.726
ERBB4	NRG1	0.999	0.999
CASP3	ERBB4	0.407	0.407
ERBB4	NEFL	0.491	0.491
BCL2	ERBB4	0.66	0.66
ERBB4	NRG3	0.999	0.999
ERN1	XBP1	0.997	0.997
ERN1	TANK	0.433	0.433
DERL1	ERN1	0.582	0.582
ERN1	TP53	0.625	0.625
EIF2AK3	ERN1	0.541	0.541
CASP3	ERN1	0.714	0.714
ERN1	HSPA5	0.999	0.999
ATF4	ERN1	0.835	0.835
ERN1	MAP3K5	0.999	0.999
ATF6	ERN1	0.976	0.976
ERN1	ITPR3	0.743	0.743
BCL2L1	ERN1	0.522	0.522
ERN1	OPTN	0.54	0.54
ERN1	SQSTM1	0.712	0.712
BCL2	ERN1	0.781	0.781
DDIT3	ERN1	0.887	0.887
FUS	NEFM	0.544	0.544
FUS	PFN1	0.668	0.668
ANXA11	FUS	0.409	0.409
FUS	GLE1	0.445	0.445
FUS	SLC1A2	0.446	0.446
ALYREF	FUS	0.453	0.453
FUS	HDAC6	0.466	0.466
DDIT3	FUS	0.514	0.514
FUS	TP53	0.536	0.536
FUS	SPG11	0.603	0.603
FUS	TBK1	0.618	0.618
FUS	NEFL	0.67	0.67
FUS	SRSF7	0.686	0.686
FUS	SQSTM1	0.795	0.795
FUS	NEFH	0.798	0.798
FUS	SRSF3	0.827	0.827
FUS	OPTN	0.948	0.948
FUS	HNRNPA2B1	0.99	0.99
FUS	SOD1	0.992	0.992
GABARAPL1	RB1CC1	0.967	0.967
GABARAPL1	GABARAPL2	0.952	0.952
ATG14	GABARAPL1	0.993	0.993
GABARAPL1	PIK3C3	0.984	0.984
GABARAPL1	WIPI1	0.884	0.884
GABARAPL1	TP53	0.418	0.418
GABARAPL1	WIPI2	0.907	0.907
CASP3	GABARAPL1	0.437	0.437
GABARAPL1	HSPA5	0.454	0.454
GABARAPL1	ULK1	0.991	0.991
GABARAPL1	TBK1	0.483	0.483
GABARAPL1	PIK3R4	0.912	0.912
BCL2L1	GABARAPL1	0.439	0.439
GABARAPL1	UBQLN1	0.704	0.704
GABARAPL1	HDAC6	0.451	0.451
GABARAPL1	OPTN	0.998	0.998
GABARAPL1	SQSTM1	0.999	0.999
BCL2	GABARAPL1	0.535	0.535
GABARAPL2	RB1CC1	0.953	0.953
CASP3	GABARAPL2	0.428	0.428
GABARAPL2	GRIA2	0.439	0.439
GABARAPL2	HDAC6	0.446	0.446
BCL2L1	GABARAPL2	0.46	0.46
GABARAPL2	HSPA5	0.48	0.48
GABARAPL2	TBK1	0.482	0.482
GABARAPL2	TP53	0.491	0.491
BCL2	GABARAPL2	0.528	0.528
GABARAPL2	UBQLN1	0.717	0.717
GABARAPL2	WIPI1	0.87	0.87
GABARAPL2	PIK3R4	0.912	0.912
GABARAPL2	WIPI2	0.94	0.94
GABARAPL1	GABARAPL2	0.952	0.952
GABARAPL2	PIK3C3	0.984	0.984
ATG14	GABARAPL2	0.994	0.994
GABARAPL2	ULK1	0.997	0.997
GABARAPL2	OPTN	0.998	0.998
GABARAPL2	SQSTM1	0.999	0.999
GLE1	NUP107	0.942	0.942
GLE1	NUP155	0.988	0.988
GLE1	NUP85	0.895	0.895
FUS	GLE1	0.445	0.445
GLE1	NUP210	0.724	0.724
GLE1	NUP54	0.924	0.924
GLE1	NUP205	0.883	0.883
GLE1	NUP35	0.862	0.862
GLE1	SRSF7	0.471	0.471
GLE1	SRSF3	0.497	0.497
GLE1	HNRNPA2B1	0.634	0.634
GLE1	NUP37	0.725	0.725
GLE1	NUP43	0.733	0.733
GLE1	NUP50	0.746	0.746
GLE1	NUP188	0.749	0.749
GLE1	SEC13	0.762	0.762
GLE1	NUP160	0.819	0.819
ALYREF	GLE1	0.842	0.842
GLE1	NUP98	0.916	0.916
GLE1	NUP153	0.924	0.924
GLE1	NUP62	0.925	0.925
GLE1	NUP88	0.945	0.945
CAT	GPX7	0.625	0.625
GPX7	TP53	0.606	0.606
GPX7	SOD1	0.891	0.891
EIF2AK3	GPX7	0.409	0.409
CASP3	GPX7	0.773	0.773
GPX7	HSPA5	0.604	0.604
GPX7	MAP3K5	0.418	0.418
APAF1	GPX7	0.444	0.444
BCL2L1	GPX7	0.499	0.499
BCL2	GPX7	0.731	0.731
GPX7	GPX8	0.917	0.917
CAT	GPX8	0.626	0.626
GPX8	TP53	0.618	0.618
GPX8	SOD1	0.89	0.89
CASP3	GPX8	0.773	0.773
GPX8	HSPA5	0.449	0.449
GPX8	MAP3K5	0.418	0.418
GPX7	GPX8	0.917	0.917
BCL2L1	GPX8	0.498	0.498
BCL2	GPX8	0.734	0.734
APAF1	GPX8	0.444	0.444
GRIA1	SLC1A2	0.687	0.687
GRIA1	GRIA2	0.999	0.999
GRIA1	SEC13	0.499	0.499
GRIA1	NEFL	0.661	0.661
GABARAPL2	GRIA2	0.439	0.439
GRIA2	SOD1	0.479	0.479
GRIA2	SLC1A2	0.685	0.685
GRIA2	NEFL	0.669	0.669
GRIA1	GRIA2	0.999	0.999
GABARAPL2	HDAC6	0.446	0.446
FUS	HDAC6	0.466	0.466
HDAC6	PIK3C3	0.406	0.406
HDAC6	TP53	0.602	0.602
HDAC6	SOD1	0.563	0.563
CASP3	HDAC6	0.494	0.494
HDAC6	HSPA5	0.71	0.71
HDAC6	ULK1	0.534	0.534
HDAC6	TUBB	0.531	0.531
BCL2L1	HDAC6	0.417	0.417
GABARAPL1	HDAC6	0.451	0.451
DDIT3	HDAC6	0.465	0.465
BCL2	HDAC6	0.479	0.479
HDAC6	SQSTM1	0.979	0.979
HNRNPA2B1	PSMA4	0.449	0.449
HNRNPA2B1	PSMC4	0.446	0.446
HNRNPA2B1	PFN1	0.44	0.44
FUS	HNRNPA2B1	0.99	0.99
HNRNPA2B1	TP53	0.499	0.499
HNRNPA2B1	SOD1	0.483	0.483
GLE1	HNRNPA2B1	0.634	0.634
HNRNPA2B1	HSPA5	0.427	0.427
HNRNPA2B1	SRSF7	0.947	0.947
HNRNPA2B1	TBK1	0.77	0.77
HNRNPA2B1	OPTN	0.408	0.408
APAF1	HNRNPA2B1	0.466	0.466
HNRNPA2B1	SQSTM1	0.512	0.512
ALYREF	HNRNPA2B1	0.877	0.877
HNRNPA2B1	SRSF3	0.976	0.976
GABARAPL2	HSPA5	0.48	0.48
HSPA5	MAPK12	0.542	0.542
HSPA5	XBP1	0.98	0.98
HSPA5	TUBB1	0.485	0.485
HSPA5	PSMA2	0.571	0.571
HSPA5	NUP107	0.435	0.435
HSPA5	NUP155	0.437	0.437
HSPA5	NUP85	0.454	0.454
HSPA5	NUP210	0.509	0.509
DERL1	HSPA5	0.982	0.982
HSPA5	PIK3C3	0.865	0.865
HSPA5	NUP54	0.435	0.435
HSPA5	TP53	0.824	0.824
HSPA5	SOD1	0.975	0.975
HSPA5	NUP205	0.421	0.421
HSPA5	NUP35	0.4	0.4
EIF2AK3	HSPA5	0.999	0.999
CASP3	HSPA5	0.793	0.793
HSPA5	NUP98	0.461	0.461
HSPA5	NUP188	0.4	0.4
HSPA5	NUP43	0.413	0.413
HSPA5	NUP160	0.416	0.416
HSPA5	NUP50	0.421	0.421
HNRNPA2B1	HSPA5	0.427	0.427
HSPA5	NUP153	0.443	0.443
GPX8	HSPA5	0.449	0.449
HSPA5	NUP37	0.452	0.452
GABARAPL1	HSPA5	0.454	0.454
HSPA5	PSMD14	0.456	0.456
ACTG1	HSPA5	0.475	0.475
APAF1	HSPA5	0.475	0.475
HSPA5	NUP62	0.509	0.509
HSPA5	UBQLN4	0.554	0.554
BCL2L1	HSPA5	0.571	0.571
HSPA5	SEC13	0.592	0.592
HSPA5	TUBB	0.593	0.593
GPX7	HSPA5	0.604	0.604
HSPA5	NUP88	0.624	0.624
HDAC6	HSPA5	0.71	0.71
HSPA5	MAP3K5	0.723	0.723
HSPA5	ITPR3	0.728	0.728
BCL2	HSPA5	0.738	0.738
DDIT3	HSPA5	0.921	0.921
HSPA5	SQSTM1	0.946	0.946
ATF4	HSPA5	0.975	0.975
ATF6	HSPA5	0.999	0.999
ERN1	HSPA5	0.999	0.999
ITPR3	XBP1	0.502	0.502
ITPR3	PPP3R1	0.559	0.559
ITPR3	NDUFA2	0.404	0.404
ITPR3	NDUFA10	0.412	0.412
EIF2AK3	ITPR3	0.458	0.458
CASP3	ITPR3	0.438	0.438
HSPA5	ITPR3	0.728	0.728
ITPR3	NDUFA4	0.426	0.426
ATF6	ITPR3	0.537	0.537
ITPR3	MCU	0.884	0.884
DDIT3	ITPR3	0.463	0.463
ERN1	ITPR3	0.743	0.743
BCL2L1	ITPR3	0.942	0.942
BCL2	ITPR3	0.993	0.993
KLC4	NEFM	0.911	0.911
KLC4	NRG1	0.437	0.437
DCTN2	KLC4	0.716	0.716
KLC4	NEFH	0.915	0.915
KLC4	NEFL	0.917	0.917
MAP2K6	MAPK12	0.98	0.98
MAP2K6	TP53	0.418	0.418
MAP2K6	MAP3K5	0.993	0.993
MAP3K5	RB1CC1	0.912	0.912
MAP3K5	PSMC4	0.4	0.4
MAP3K5	MAPK12	0.925	0.925
MAP3K5	XBP1	0.758	0.758
MAP3K5	PPP3R1	0.42	0.42
DERL1	MAP3K5	0.414	0.414
DAXX	MAP3K5	0.999	0.999
MAP3K5	TP53	0.597	0.597
MAP3K5	SOD1	0.721	0.721
EIF2AK3	MAP3K5	0.6	0.6
CASP3	MAP3K5	0.699	0.699
HSPA5	MAP3K5	0.723	0.723
ATF4	MAP3K5	0.513	0.513
GPX7	MAP3K5	0.418	0.418
GPX8	MAP3K5	0.418	0.418
APAF1	MAP3K5	0.458	0.458
BCL2L1	MAP3K5	0.543	0.543
DDIT3	MAP3K5	0.622	0.622
ATF6	MAP3K5	0.712	0.712
BCL2	MAP3K5	0.755	0.755
MAP2K6	MAP3K5	0.993	0.993
ERN1	MAP3K5	0.999	0.999
BCL2	MAPK12	0.421	0.421
CASP3	MAPK12	0.481	0.481
MAPK12	SQSTM1	0.487	0.487
HSPA5	MAPK12	0.542	0.542
MAPK12	NEFM	0.907	0.907
MAPK12	NEFH	0.91	0.91
MAPK12	NEFL	0.91	0.91
DDIT3	MAPK12	0.924	0.924
MAP3K5	MAPK12	0.925	0.925
MAPK12	TP53	0.946	0.946
MAP2K6	MAPK12	0.98	0.98
MCU	NDUFA9	0.711	0.711
MCU	NDUFB10	0.423	0.423
ITPR3	MCU	0.884	0.884
NDUFA1	UQCRC1	0.922	0.922
COX6A1	NDUFA1	0.742	0.742
NDUFA1	NDUFA2	0.999	0.999
NDUFA1	NDUFA10	0.999	0.999
NDUFA1	NDUFA9	0.998	0.998
NDUFA1	NDUFB10	0.999	0.999
NDUFA1	NDUFS6	0.999	0.999
CYC1	NDUFA1	0.873	0.873
NDUFA1	NDUFA12	0.999	0.999
NDUFA1	UQCR10	0.978	0.978
NDUFA1	NDUFA4	0.995	0.995
NDUFA1	SDHC	0.605	0.605
NDUFA1	UQCRHL	0.496	0.496
NDUFA1	NDUFA4L2	0.71	0.71
NDUFA1	UQCRB	0.948	0.948
NDUFA1	UQCR11	0.974	0.974
COX6B1	NDUFA1	0.979	0.979
NDUFA1	NDUFB1	0.999	0.999
NDUFA1	NDUFB2	0.999	0.999
NDUFA1	NDUFA3	0.999	0.999
NDUFA1	NDUFS1	0.999	0.999
NDUFA1	NDUFB3	0.999	0.999
NDUFA10	UQCRC1	0.996	0.996
COX6A1	NDUFA10	0.596	0.596
NDUFA10	NDUFA2	0.999	0.999
ITPR3	NDUFA10	0.412	0.412
NDUFA10	UQCRHL	0.493	0.493
NDUFA10	NDUFA4L2	0.569	0.569
NDUFA10	SDHC	0.597	0.597
NDUFA10	UQCR10	0.902	0.902
NDUFA10	UQCR11	0.92	0.92
COX6B1	NDUFA10	0.948	0.948
NDUFA10	UQCRB	0.956	0.956
CYC1	NDUFA10	0.98	0.98
NDUFA10	NDUFA4	0.988	0.988
NDUFA10	NDUFB1	0.995	0.995
NDUFA10	NDUFB3	0.999	0.999
NDUFA10	NDUFS1	0.999	0.999
NDUFA10	NDUFB2	0.999	0.999
NDUFA10	NDUFA12	0.999	0.999
NDUFA10	NDUFA9	0.999	0.999
NDUFA10	NDUFS6	0.999	0.999
NDUFA1	NDUFA10	0.999	0.999
NDUFA10	NDUFA3	0.999	0.999
NDUFA10	NDUFB10	0.999	0.999
NDUFA12	UQCRC1	0.999	0.999
COX6A1	NDUFA12	0.864	0.864
NDUFA12	NDUFA2	0.999	0.999
NDUFA10	NDUFA12	0.999	0.999
NDUFA12	NDUFA9	0.999	0.999
NDUFA12	NDUFB10	0.999	0.999
NDUFA12	NDUFS6	0.999	0.999
CYC1	NDUFA12	0.998	0.998
NDUFA12	NDUFA4L2	0.917	0.917
NDUFA12	UQCRHL	0.943	0.943
NDUFA12	SDHC	0.951	0.951
COX6B1	NDUFA12	0.976	0.976
NDUFA12	UQCR11	0.994	0.994
NDUFA12	NDUFB2	0.996	0.996
NDUFA12	NDUFB1	0.997	0.997
NDUFA12	NDUFA4	0.999	0.999
NDUFA12	NDUFB3	0.999	0.999
NDUFA12	NDUFS1	0.999	0.999
NDUFA12	UQCRB	0.999	0.999
NDUFA12	NDUFA3	0.999	0.999
NDUFA1	NDUFA12	0.999	0.999
NDUFA12	UQCR10	0.999	0.999
NDUFA2	UQCRC1	0.992	0.992
COX6A1	NDUFA2	0.782	0.782
ITPR3	NDUFA2	0.404	0.404
NDUFA2	TOMM40	0.439	0.439
NDUFA2	NDUFA4L2	0.741	0.741
NDUFA2	SDHC	0.908	0.908
NDUFA2	UQCRHL	0.974	0.974
COX6B1	NDUFA2	0.982	0.982
NDUFA2	UQCR11	0.994	0.994
CYC1	NDUFA2	0.994	0.994
NDUFA2	UQCRB	0.997	0.997
NDUFA2	NDUFB1	0.999	0.999
NDUFA10	NDUFA2	0.999	0.999
NDUFA2	UQCR10	0.999	0.999
NDUFA2	NDUFB10	0.999	0.999
NDUFA2	NDUFA3	0.999	0.999
NDUFA1	NDUFA2	0.999	0.999
NDUFA2	NDUFA9	0.999	0.999
NDUFA2	NDUFS6	0.999	0.999
NDUFA12	NDUFA2	0.999	0.999
NDUFA2	NDUFB2	0.999	0.999
NDUFA2	NDUFA4	0.999	0.999
NDUFA2	NDUFS1	0.999	0.999
NDUFA2	NDUFB3	0.999	0.999
NDUFA3	UQCRC1	0.939	0.939
COX6A1	NDUFA3	0.61	0.61
NDUFA2	NDUFA3	0.999	0.999
NDUFA10	NDUFA3	0.999	0.999
NDUFA3	NDUFA9	0.999	0.999
NDUFA3	NDUFB10	0.999	0.999
NDUFA3	NDUFS6	0.999	0.999
CYC1	NDUFA3	0.901	0.901
NDUFA12	NDUFA3	0.999	0.999
NDUFA3	UQCR10	0.979	0.979
NDUFA3	NDUFA4	0.986	0.986
NDUFA3	SDHC	0.44	0.44
NDUFA1	NDUFA3	0.999	0.999
NDUFA3	NDUFA4L2	0.639	0.639
NDUFA3	NDUFS1	0.999	0.999
NDUFA3	NDUFB3	0.999	0.999
NDUFA3	UQCRHL	0.57	0.57
NDUFA3	UQCRB	0.906	0.906
COX6B1	NDUFA3	0.974	0.974
NDUFA3	UQCR11	0.994	0.994
NDUFA3	NDUFB2	0.996	0.996
NDUFA3	NDUFB1	0.996	0.996
NDUFA4	UQCRC1	0.89	0.89
COX6A1	NDUFA4	0.998	0.998
NDUFA2	NDUFA4	0.999	0.999
NDUFA10	NDUFA4	0.988	0.988
NDUFA4	NDUFA9	0.988	0.988
NDUFA4	NDUFB10	0.989	0.989
NDUFA4	NDUFS6	0.988	0.988
CYC1	NDUFA4	0.789	0.789
NDUFA12	NDUFA4	0.999	0.999
NDUFA4	UQCR10	0.961	0.961
BCL2	NDUFA4	0.422	0.422
ITPR3	NDUFA4	0.426	0.426
NDUFA4	TOMM40	0.432	0.432
NDUFA4	SDHC	0.454	0.454
NDUFA4	UQCRHL	0.843	0.843
NDUFA4	NDUFA4L2	0.904	0.904
NDUFA4	UQCRB	0.941	0.941
NDUFA4	UQCR11	0.958	0.958
NDUFA4	NDUFS1	0.983	0.983
NDUFA4	NDUFB1	0.984	0.984
NDUFA3	NDUFA4	0.986	0.986
NDUFA4	NDUFB2	0.99	0.99
NDUFA4	NDUFB3	0.994	0.994
NDUFA1	NDUFA4	0.995	0.995
COX6B1	NDUFA4	0.999	0.999
NDUFA4L2	UQCRC1	0.669	0.669
COX6A1	NDUFA4L2	0.69	0.69
NDUFA2	NDUFA4L2	0.741	0.741
NDUFA10	NDUFA4L2	0.569	0.569
NDUFA4L2	NDUFA9	0.601	0.601
NDUFA4L2	NDUFB10	0.673	0.673
NDUFA4L2	NDUFS6	0.668	0.668
CYC1	NDUFA4L2	0.625	0.625
NDUFA12	NDUFA4L2	0.917	0.917
NDUFA4L2	UQCR10	0.883	0.883
NDUFA4	NDUFA4L2	0.904	0.904
NDUFA1	NDUFA4L2	0.71	0.71
NDUFA4L2	NDUFS1	0.547	0.547
NDUFA4L2	NDUFB2	0.549	0.549
NDUFA3	NDUFA4L2	0.639	0.639
COX6B1	NDUFA4L2	0.65	0.65
NDUFA4L2	NDUFB3	0.677	0.677
NDUFA4L2	UQCRHL	0.835	0.835
NDUFA4L2	UQCRB	0.849	0.849
NDUFA4L2	UQCR11	0.899	0.899
NDUFA9	UQCRC1	0.998	0.998
COX6A1	NDUFA9	0.638	0.638
NDUFA2	NDUFA9	0.999	0.999
NDUFA10	NDUFA9	0.999	0.999
NDUFA9	TOMM40	0.429	0.429
NDUFA4L2	NDUFA9	0.601	0.601
MCU	NDUFA9	0.711	0.711
NDUFA9	UQCRHL	0.783	0.783
NDUFA9	SDHC	0.902	0.902
COX6B1	NDUFA9	0.931	0.931
NDUFA9	UQCR11	0.939	0.939
NDUFA4	NDUFA9	0.988	0.988
NDUFA9	UQCRB	0.989	0.989
NDUFA9	NDUFB2	0.995	0.995
CYC1	NDUFA9	0.998	0.998
NDUFA1	NDUFA9	0.998	0.998
NDUFA9	NDUFB10	0.999	0.999
NDUFA9	UQCR10	0.999	0.999
NDUFA9	NDUFB1	0.999	0.999
NDUFA3	NDUFA9	0.999	0.999
NDUFA12	NDUFA9	0.999	0.999
NDUFA9	NDUFS6	0.999	0.999
NDUFA9	NDUFS1	0.999	0.999
NDUFA9	NDUFB3	0.999	0.999
NDUFB1	UQCRC1	0.893	0.893
COX6A1	NDUFB1	0.52	0.52
NDUFA2	NDUFB1	0.999	0.999
NDUFA10	NDUFB1	0.995	0.995
NDUFA9	NDUFB1	0.999	0.999
NDUFB1	NDUFB10	0.999	0.999
NDUFB1	NDUFS6	0.998	0.998
CYC1	NDUFB1	0.903	0.903
NDUFA12	NDUFB1	0.997	0.997
NDUFB1	UQCR10	0.966	0.966
NDUFA4	NDUFB1	0.984	0.984
NDUFA1	NDUFB1	0.999	0.999
NDUFB1	NDUFS1	0.996	0.996
NDUFB1	NDUFB3	0.999	0.999
NDUFA3	NDUFB1	0.996	0.996
NDUFB1	NDUFB2	0.998	0.998
NDUFB1	UQCRB	0.96	0.96
COX6B1	NDUFB1	0.944	0.944
NDUFB1	UQCR11	0.961	0.961
NDUFB10	UQCRC1	0.986	0.986
COX6A1	NDUFB10	0.808	0.808
NDUFA2	NDUFB10	0.999	0.999
NDUFA10	NDUFB10	0.999	0.999
NDUFA9	NDUFB10	0.999	0.999
NDUFB10	PSMC5	0.42	0.42
MCU	NDUFB10	0.423	0.423
NDUFA4L2	NDUFB10	0.673	0.673
NDUFB10	SDHC	0.689	0.689
NDUFB10	UQCRHL	0.909	0.909
COX6B1	NDUFB10	0.944	0.944
NDUFB10	UQCR11	0.983	0.983
NDUFA4	NDUFB10	0.989	0.989
NDUFB10	UQCRB	0.994	0.994
CYC1	NDUFB10	0.995	0.995
NDUFB10	UQCR10	0.996	0.996
NDUFB1	NDUFB10	0.999	0.999
NDUFA1	NDUFB10	0.999	0.999
NDUFA3	NDUFB10	0.999	0.999
NDUFA12	NDUFB10	0.999	0.999
NDUFB10	NDUFB2	0.999	0.999
NDUFB10	NDUFS6	0.999	0.999
NDUFB10	NDUFS1	0.999	0.999
NDUFB10	NDUFB3	0.999	0.999
NDUFB2	UQCRC1	0.866	0.866
COX6A1	NDUFB2	0.552	0.552
NDUFA2	NDUFB2	0.999	0.999
NDUFA10	NDUFB2	0.999	0.999
NDUFA9	NDUFB2	0.995	0.995
NDUFB10	NDUFB2	0.999	0.999
NDUFB2	NDUFS6	0.997	0.997
CYC1	NDUFB2	0.814	0.814
NDUFA12	NDUFB2	0.996	0.996
NDUFB2	UQCR10	0.925	0.925
NDUFA4	NDUFB2	0.99	0.99
NDUFA1	NDUFB2	0.999	0.999
NDUFA4L2	NDUFB2	0.549	0.549
NDUFB2	NDUFS1	0.995	0.995
NDUFB2	NDUFB3	0.999	0.999
NDUFA3	NDUFB2	0.996	0.996
COX6B1	NDUFB2	0.898	0.898
NDUFB2	UQCRB	0.913	0.913
NDUFB2	UQCR11	0.937	0.937
NDUFB1	NDUFB2	0.998	0.998
NDUFB3	PSMA4	0.439	0.439
NDUFB3	UQCRC1	0.94	0.94
COX6A1	NDUFB3	0.697	0.697
NDUFA2	NDUFB3	0.999	0.999
NDUFA10	NDUFB3	0.999	0.999
NDUFA9	NDUFB3	0.999	0.999
NDUFB10	NDUFB3	0.999	0.999
NDUFB3	NDUFS6	0.999	0.999
CYC1	NDUFB3	0.93	0.93
NDUFA12	NDUFB3	0.999	0.999
NDUFB3	UQCR10	0.98	0.98
NDUFA4	NDUFB3	0.994	0.994
NDUFB3	SDHC	0.638	0.638
NDUFA1	NDUFB3	0.999	0.999
NDUFA4L2	NDUFB3	0.677	0.677
NDUFB3	NDUFS1	0.999	0.999
NDUFB3	UQCRHL	0.732	0.732
COX6B1	NDUFB3	0.952	0.952
NDUFB3	UQCR11	0.959	0.959
NDUFB3	UQCRB	0.981	0.981
NDUFB2	NDUFB3	0.999	0.999
NDUFB1	NDUFB3	0.999	0.999
NDUFA3	NDUFB3	0.999	0.999
NDUFS1	UQCRC1	0.998	0.998
COX6A1	NDUFS1	0.551	0.551
NDUFA2	NDUFS1	0.999	0.999
NDUFA10	NDUFS1	0.999	0.999
NDUFA9	NDUFS1	0.999	0.999
NDUFB10	NDUFS1	0.999	0.999
NDUFS1	SOD1	0.446	0.446
NDUFS1	NDUFS6	0.999	0.999
CASP3	NDUFS1	0.429	0.429
CYC1	NDUFS1	0.999	0.999
NDUFA12	NDUFS1	0.999	0.999
NDUFS1	UQCR10	0.99	0.99
NDUFA4	NDUFS1	0.983	0.983
NDUFS1	SDHC	0.923	0.923
NDUFA1	NDUFS1	0.999	0.999
NDUFA4L2	NDUFS1	0.547	0.547
NDUFS1	TOMM40	0.416	0.416
NDUFS1	UQCR11	0.934	0.934
NDUFS1	UQCRHL	0.935	0.935
COX6B1	NDUFS1	0.971	0.971
NDUFB2	NDUFS1	0.995	0.995
NDUFB1	NDUFS1	0.996	0.996
NDUFS1	UQCRB	0.998	0.998
NDUFA3	NDUFS1	0.999	0.999
NDUFB3	NDUFS1	0.999	0.999
NDUFS6	UQCRC1	0.99	0.99
COX6A1	NDUFS6	0.839	0.839
NDUFA2	NDUFS6	0.999	0.999
NDUFA10	NDUFS6	0.999	0.999
NDUFA9	NDUFS6	0.999	0.999
NDUFB10	NDUFS6	0.999	0.999
NDUFA4L2	NDUFS6	0.668	0.668
NDUFS6	SDHC	0.874	0.874
COX6B1	NDUFS6	0.954	0.954
NDUFS6	UQCRHL	0.965	0.965
NDUFS6	UQCR11	0.986	0.986
NDUFA4	NDUFS6	0.988	0.988
NDUFS6	UQCRB	0.996	0.996
NDUFB2	NDUFS6	0.997	0.997
NDUFB1	NDUFS6	0.998	0.998
CYC1	NDUFS6	0.998	0.998
NDUFA12	NDUFS6	0.999	0.999
NDUFB3	NDUFS6	0.999	0.999
NDUFS1	NDUFS6	0.999	0.999
NDUFS6	UQCR10	0.999	0.999
NDUFA1	NDUFS6	0.999	0.999
NDUFA3	NDUFS6	0.999	0.999
MAPK12	NEFH	0.91	0.91
NEFH	NEFM	0.993	0.993
NEFH	PFN1	0.622	0.622
FUS	NEFH	0.798	0.798
NEFH	PRPH	0.904	0.904
KLC4	NEFH	0.915	0.915
NEFH	SPG11	0.484	0.484
NEFH	SOD1	0.786	0.786
NEFH	SLC1A2	0.545	0.545
NEFH	OPTN	0.595	0.595
NEFH	NEFL	0.996	0.996
MAPK12	NEFL	0.91	0.91
NEFL	NEFM	0.999	0.999
FUS	NEFL	0.67	0.67
NEFL	PRPH	0.902	0.902
KLC4	NEFL	0.917	0.917
NEFL	SOD1	0.976	0.976
NEFL	SLC1A2	0.414	0.414
NEFL	NRG1	0.542	0.542
GRIA2	NEFL	0.669	0.669
NEFH	NEFL	0.996	0.996
ERBB4	NEFL	0.491	0.491
DCTN2	NEFL	0.406	0.406
GRIA1	NEFL	0.661	0.661
MAPK12	NEFM	0.907	0.907
NEFM	SQSTM1	0.504	0.504
FUS	NEFM	0.544	0.544
NEFM	SLC1A2	0.571	0.571
NEFM	SOD1	0.677	0.677
NEFM	PRPH	0.904	0.904
KLC4	NEFM	0.911	0.911
NEFH	NEFM	0.993	0.993
NEFL	NEFM	0.999	0.999
KLC4	NRG1	0.437	0.437
NEFL	NRG1	0.542	0.542
NRG1	NRG3	0.936	0.936
ERBB4	NRG1	0.999	0.999
NRG1	NRG3	0.936	0.936
ERBB4	NRG3	0.999	0.999
HSPA5	NUP107	0.435	0.435
NUP107	SRSF3	0.479	0.479
NUP107	SRSF7	0.505	0.505
ALYREF	NUP107	0.647	0.647
GLE1	NUP107	0.942	0.942
NUP107	NUP50	0.975	0.975
NUP107	NUP188	0.986	0.986
NUP107	NUP210	0.988	0.988
NUP107	NUP88	0.994	0.994
NUP107	NUP35	0.994	0.994
NUP107	NUP62	0.997	0.997
NUP107	NUP54	0.998	0.998
NUP107	NUP155	0.999	0.999
NUP107	NUP205	0.999	0.999
NUP107	NUP37	0.999	0.999
NUP107	NUP160	0.999	0.999
NUP107	NUP85	0.999	0.999
NUP107	SEC13	0.999	0.999
NUP107	NUP43	0.999	0.999
NUP107	NUP98	0.999	0.999
NUP107	NUP153	0.999	0.999
NUP153	NXT2	0.693	0.693
NUP107	NUP153	0.999	0.999
NUP153	NUP155	0.996	0.996
NUP153	NUP85	0.993	0.993
NUP153	NUP210	0.973	0.973
NUP153	NUP54	0.983	0.983
NUP153	NUP205	0.995	0.995
NUP153	NUP35	0.995	0.995
GLE1	NUP153	0.924	0.924
NUP153	NUP98	0.999	0.999
HSPA5	NUP153	0.443	0.443
NUP153	SRSF7	0.487	0.487
NUP153	NUP43	0.982	0.982
NUP153	NUP50	0.999	0.999
NUP153	NUP188	0.968	0.968
NUP153	SRSF3	0.544	0.544
NUP153	NUP160	0.996	0.996
NUP153	SEC13	0.945	0.945
ALYREF	NUP153	0.708	0.708
NUP153	NUP37	0.936	0.936
NUP153	NUP88	0.995	0.995
NUP153	NUP62	0.996	0.996
NUP107	NUP155	0.999	0.999
NUP155	SRSF7	0.419	0.419
NUP155	SRSF3	0.424	0.424
HSPA5	NUP155	0.437	0.437
ALYREF	NUP155	0.649	0.649
NUP155	NUP50	0.967	0.967
NUP155	NUP37	0.986	0.986
GLE1	NUP155	0.988	0.988
NUP155	NUP210	0.991	0.991
NUP155	NUP160	0.994	0.994
NUP155	NUP43	0.994	0.994
NUP155	NUP88	0.995	0.995
NUP155	SEC13	0.996	0.996
NUP153	NUP155	0.996	0.996
NUP155	NUP62	0.997	0.997
NUP155	NUP85	0.998	0.998
NUP155	NUP54	0.999	0.999
NUP155	NUP188	0.999	0.999
NUP155	NUP205	0.999	0.999
NUP155	NUP35	0.999	0.999
NUP155	NUP98	0.999	0.999
NUP107	NUP160	0.999	0.999
NUP155	NUP160	0.994	0.994
NUP160	NUP85	0.999	0.999
NUP160	NUP210	0.983	0.983
NUP160	NUP54	0.981	0.981
NUP160	NUP205	0.997	0.997
NUP160	NUP35	0.984	0.984
GLE1	NUP160	0.819	0.819
NUP160	NUP98	0.999	0.999
HSPA5	NUP160	0.416	0.416
NUP160	SRSF7	0.493	0.493
NUP160	NUP43	0.999	0.999
NUP160	NUP50	0.936	0.936
NUP160	NUP188	0.99	0.99
NUP160	SRSF3	0.472	0.472
NUP160	PSMC3	0.504	0.504
ALYREF	NUP160	0.592	0.592
NUP160	NUP62	0.982	0.982
NUP160	NUP88	0.988	0.988
NUP153	NUP160	0.996	0.996
NUP160	SEC13	0.999	0.999
NUP160	NUP37	0.999	0.999
NUP107	NUP188	0.986	0.986
NUP155	NUP188	0.999	0.999
NUP188	NUP85	0.992	0.992
NUP188	NUP210	0.992	0.992
NUP188	NUP54	0.981	0.981
NUP188	NUP205	0.999	0.999
NUP188	NUP35	0.999	0.999
GLE1	NUP188	0.749	0.749
NUP188	NUP98	0.981	0.981
HSPA5	NUP188	0.4	0.4
NUP188	SRSF7	0.416	0.416
NUP188	NUP43	0.989	0.989
NUP188	NUP50	0.943	0.943
NUP188	SRSF3	0.41	0.41
ALYREF	NUP188	0.509	0.509
NUP188	SEC13	0.963	0.963
NUP153	NUP188	0.968	0.968
NUP188	NUP62	0.983	0.983
NUP188	NUP37	0.983	0.983
NUP160	NUP188	0.99	0.99
NUP188	NUP88	0.992	0.992
NUP107	NUP205	0.999	0.999
NUP155	NUP205	0.999	0.999
NUP205	NUP85	0.998	0.998
NUP205	NUP210	0.991	0.991
NUP205	NUP54	0.999	0.999
HSPA5	NUP205	0.421	0.421
NUP205	SRSF7	0.421	0.421
NUP205	SRSF3	0.451	0.451
ALYREF	NUP205	0.578	0.578
GLE1	NUP205	0.883	0.883
NUP205	NUP50	0.956	0.956
NUP205	NUP37	0.983	0.983
NUP205	NUP43	0.995	0.995
NUP153	NUP205	0.995	0.995
NUP205	SEC13	0.995	0.995
NUP205	NUP88	0.995	0.995
NUP205	NUP98	0.996	0.996
NUP160	NUP205	0.997	0.997
NUP205	NUP62	0.998	0.998
NUP205	NUP35	0.999	0.999
NUP188	NUP205	0.999	0.999
NUP107	NUP210	0.988	0.988
NUP155	NUP210	0.991	0.991
NUP210	NUP85	0.988	0.988
NUP210	SRSF7	0.405	0.405
NUP210	SRSF3	0.405	0.405
HSPA5	NUP210	0.509	0.509
ALYREF	NUP210	0.543	0.543
GLE1	NUP210	0.724	0.724
NUP210	NUP50	0.951	0.951
NUP210	SEC13	0.954	0.954
NUP210	NUP54	0.967	0.967
NUP153	NUP210	0.973	0.973
NUP210	NUP37	0.975	0.975
NUP210	NUP98	0.976	0.976
NUP160	NUP210	0.983	0.983
NUP210	NUP43	0.984	0.984
NUP210	NUP62	0.984	0.984
NUP210	NUP88	0.985	0.985
NUP210	NUP35	0.991	0.991
NUP205	NUP210	0.991	0.991
NUP188	NUP210	0.992	0.992
NUP35	NXT2	0.595	0.595
NUP107	NUP35	0.994	0.994
NUP155	NUP35	0.999	0.999
NUP35	NUP85	0.993	0.993
NUP210	NUP35	0.991	0.991
NUP35	NUP54	0.993	0.993
NUP205	NUP35	0.999	0.999
HSPA5	NUP35	0.4	0.4
NUP35	PSMB3	0.41	0.41
NUP35	SRSF7	0.49	0.49
NUP35	SRSF3	0.512	0.512
ALYREF	NUP35	0.563	0.563
GLE1	NUP35	0.862	0.862
NUP35	NUP50	0.966	0.966
NUP35	SEC13	0.971	0.971
NUP160	NUP35	0.984	0.984
NUP35	NUP37	0.99	0.99
NUP35	NUP43	0.992	0.992
NUP153	NUP35	0.995	0.995
NUP35	NUP62	0.995	0.995
NUP35	NUP88	0.996	0.996
NUP35	NUP98	0.997	0.997
NUP188	NUP35	0.999	0.999
NUP107	NUP37	0.999	0.999
NUP155	NUP37	0.986	0.986
NUP37	NUP85	0.999	0.999
NUP210	NUP37	0.975	0.975
NUP37	NUP54	0.968	0.968
NUP205	NUP37	0.983	0.983
NUP35	NUP37	0.99	0.99
GLE1	NUP37	0.725	0.725
NUP37	NUP98	0.999	0.999
HSPA5	NUP37	0.452	0.452
NUP37	SRSF7	0.503	0.503
NUP37	NUP43	0.999	0.999
NUP37	NUP50	0.888	0.888
NUP188	NUP37	0.983	0.983
NUP37	SRSF3	0.503	0.503
NUP160	NUP37	0.999	0.999
NUP37	SEC13	0.999	0.999
ALYREF	NUP37	0.622	0.622
NUP153	NUP37	0.936	0.936
NUP37	NUP62	0.98	0.98
NUP37	NUP88	0.982	0.982
NUP107	NUP43	0.999	0.999
NUP155	NUP43	0.994	0.994
NUP43	NUP85	0.999	0.999
NUP210	NUP43	0.984	0.984
NUP43	NUP54	0.986	0.986
NUP205	NUP43	0.995	0.995
NUP35	NUP43	0.992	0.992
GLE1	NUP43	0.733	0.733
NUP43	NUP98	0.999	0.999
HSPA5	NUP43	0.413	0.413
NUP43	SRSF7	0.585	0.585
NUP43	SRSF3	0.558	0.558
ALYREF	NUP43	0.597	0.597
NUP153	NUP43	0.982	0.982
NUP43	NUP50	0.984	0.984
NUP43	NUP62	0.984	0.984
NUP188	NUP43	0.989	0.989
NUP43	NUP88	0.991	0.991
NUP160	NUP43	0.999	0.999
NUP37	NUP43	0.999	0.999
NUP43	SEC13	0.999	0.999
NUP107	NUP50	0.975	0.975
NUP155	NUP50	0.967	0.967
NUP50	NUP85	0.978	0.978
NUP210	NUP50	0.951	0.951
NUP50	NUP54	0.926	0.926
NUP205	NUP50	0.956	0.956
NUP35	NUP50	0.966	0.966
GLE1	NUP50	0.746	0.746
NUP50	NUP98	0.949	0.949
HSPA5	NUP50	0.421	0.421
NUP50	SRSF7	0.435	0.435
NUP43	NUP50	0.984	0.984
NUP50	SRSF3	0.476	0.476
ALYREF	NUP50	0.672	0.672
NUP50	SEC13	0.839	0.839
NUP37	NUP50	0.888	0.888
NUP160	NUP50	0.936	0.936
NUP188	NUP50	0.943	0.943
NUP50	NUP62	0.959	0.959
NUP50	NUP88	0.975	0.975
NUP153	NUP50	0.999	0.999
NUP54	NXT2	0.587	0.587
NUP107	NUP54	0.998	0.998
NUP155	NUP54	0.999	0.999
NUP54	NUP85	0.996	0.996
NUP210	NUP54	0.967	0.967
HSPA5	NUP54	0.435	0.435
NUP54	SRSF7	0.497	0.497
NUP54	SRSF3	0.536	0.536
ALYREF	NUP54	0.6	0.6
GLE1	NUP54	0.924	0.924
NUP50	NUP54	0.926	0.926
NUP37	NUP54	0.968	0.968
NUP160	NUP54	0.981	0.981
NUP188	NUP54	0.981	0.981
NUP153	NUP54	0.983	0.983
NUP54	SEC13	0.984	0.984
NUP54	NUP88	0.984	0.984
NUP43	NUP54	0.986	0.986
NUP35	NUP54	0.993	0.993
NUP54	NUP98	0.999	0.999
NUP205	NUP54	0.999	0.999
NUP54	NUP62	0.999	0.999
NUP62	NXT2	0.874	0.874
NUP107	NUP62	0.997	0.997
NUP155	NUP62	0.997	0.997
NUP62	NUP85	0.995	0.995
NUP210	NUP62	0.984	0.984
NUP54	NUP62	0.999	0.999
NUP62	SOD1	0.464	0.464
NUP205	NUP62	0.998	0.998
NUP35	NUP62	0.995	0.995
GLE1	NUP62	0.925	0.925
NUP62	NUP98	0.998	0.998
HSPA5	NUP62	0.509	0.509
NUP62	SRSF7	0.421	0.421
NUP43	NUP62	0.984	0.984
NUP50	NUP62	0.959	0.959
NUP188	NUP62	0.983	0.983
NUP62	SRSF3	0.535	0.535
NUP160	NUP62	0.982	0.982
NUP62	SEC13	0.987	0.987
ALYREF	NUP62	0.677	0.677
NUP153	NUP62	0.996	0.996
NUP37	NUP62	0.98	0.98
NUP62	NUP88	0.999	0.999
NUP107	NUP85	0.999	0.999
NUP155	NUP85	0.998	0.998
NUP85	SRSF3	0.427	0.427
NUP85	SRSF7	0.439	0.439
HSPA5	NUP85	0.454	0.454
DCTN2	NUP85	0.496	0.496
ALYREF	NUP85	0.589	0.589
GLE1	NUP85	0.895	0.895
NUP50	NUP85	0.978	0.978
NUP210	NUP85	0.988	0.988
NUP188	NUP85	0.992	0.992
NUP153	NUP85	0.993	0.993
NUP35	NUP85	0.993	0.993
NUP62	NUP85	0.995	0.995
NUP54	NUP85	0.996	0.996
NUP205	NUP85	0.998	0.998
NUP85	NUP88	0.998	0.998
NUP85	NUP98	0.999	0.999
NUP43	NUP85	0.999	0.999
NUP85	SEC13	0.999	0.999
NUP160	NUP85	0.999	0.999
NUP37	NUP85	0.999	0.999
NUP107	NUP88	0.994	0.994
NUP155	NUP88	0.995	0.995
NUP85	NUP88	0.998	0.998
NUP210	NUP88	0.985	0.985
NUP54	NUP88	0.984	0.984
NUP205	NUP88	0.995	0.995
NUP35	NUP88	0.996	0.996
GLE1	NUP88	0.945	0.945
NUP88	NUP98	0.999	0.999
HSPA5	NUP88	0.624	0.624
NUP88	SRSF7	0.454	0.454
NUP43	NUP88	0.991	0.991
NUP50	NUP88	0.975	0.975
NUP188	NUP88	0.992	0.992
NUP88	SRSF3	0.487	0.487
NUP160	NUP88	0.988	0.988
NUP88	SEC13	0.977	0.977
ALYREF	NUP88	0.625	0.625
NUP153	NUP88	0.995	0.995
NUP37	NUP88	0.982	0.982
NUP62	NUP88	0.999	0.999
NUP98	NXT2	0.61	0.61
NUP107	NUP98	0.999	0.999
NUP155	NUP98	0.999	0.999
NUP85	NUP98	0.999	0.999
NUP210	NUP98	0.976	0.976
NUP54	NUP98	0.999	0.999
NUP205	NUP98	0.996	0.996
NUP35	NUP98	0.997	0.997
GLE1	NUP98	0.916	0.916
HSPA5	NUP98	0.461	0.461
NUP98	SRSF7	0.543	0.543
NUP98	SRSF3	0.591	0.591
ALYREF	NUP98	0.74	0.74
NUP50	NUP98	0.949	0.949
NUP188	NUP98	0.981	0.981
NUP62	NUP98	0.998	0.998
NUP88	NUP98	0.999	0.999
NUP153	NUP98	0.999	0.999
NUP43	NUP98	0.999	0.999
NUP98	SEC13	0.999	0.999
NUP37	NUP98	0.999	0.999
NUP160	NUP98	0.999	0.999
NUP54	NXT2	0.587	0.587
NUP35	NXT2	0.595	0.595
NUP98	NXT2	0.61	0.61
NUP153	NXT2	0.693	0.693
NUP62	NXT2	0.874	0.874
OPTN	RB1CC1	0.969	0.969
GABARAPL2	OPTN	0.998	0.998
OPTN	PFN1	0.583	0.583
ATG14	OPTN	0.644	0.644
FUS	OPTN	0.948	0.948
OPTN	TANK	0.945	0.945
OPTN	SPG11	0.6	0.6
OPTN	PIK3C3	0.561	0.561
OPTN	WIPI1	0.592	0.592
OPTN	TP53	0.497	0.497
OPTN	SOD1	0.937	0.937
OPTN	WIPI2	0.747	0.747
NEFH	OPTN	0.595	0.595
OPTN	ULK1	0.687	0.687
OPTN	TBK1	0.999	0.999
OPTN	TUBB	0.533	0.533
HNRNPA2B1	OPTN	0.408	0.408
OPTN	UBQLN3	0.618	0.618
OPTN	PIK3R4	0.447	0.447
OPTN	UBQLN4	0.631	0.631
OPTN	UBQLN1	0.744	0.744
OPTN	TOMM40	0.515	0.515
DCTN2	OPTN	0.535	0.535
ERN1	OPTN	0.54	0.54
OPTN	SQSTM1	0.994	0.994
GABARAPL1	OPTN	0.998	0.998
HNRNPA2B1	PFN1	0.44	0.44
PFN1	TBK1	0.446	0.446
PFN1	SQSTM1	0.463	0.463
PFN1	SPG11	0.476	0.476
PFN1	TUBB	0.515	0.515
OPTN	PFN1	0.583	0.583
NEFH	PFN1	0.622	0.622
FUS	PFN1	0.668	0.668
PFN1	SOD1	0.675	0.675
ACTG1	PFN1	0.992	0.992
PIK3C3	RB1CC1	0.989	0.989
GABARAPL2	PIK3C3	0.984	0.984
ATG14	PIK3C3	0.999	0.999
HDAC6	PIK3C3	0.406	0.406
ATF6	PIK3C3	0.431	0.431
PIK3C3	TBK1	0.446	0.446
CASP3	PIK3C3	0.489	0.489
PIK3C3	TP53	0.544	0.544
OPTN	PIK3C3	0.561	0.561
BCL2L1	PIK3C3	0.771	0.771
PIK3C3	SQSTM1	0.812	0.812
HSPA5	PIK3C3	0.865	0.865
PIK3C3	WIPI1	0.902	0.902
PIK3C3	WIPI2	0.971	0.971
BCL2	PIK3C3	0.976	0.976
GABARAPL1	PIK3C3	0.984	0.984
PIK3C3	ULK1	0.999	0.999
PIK3C3	PIK3R4	0.999	0.999
PIK3R4	RB1CC1	0.986	0.986
GABARAPL2	PIK3R4	0.912	0.912
ATG14	PIK3R4	0.999	0.999
PIK3C3	PIK3R4	0.999	0.999
PIK3R4	WIPI1	0.815	0.815
PIK3R4	WIPI2	0.892	0.892
PIK3R4	ULK1	0.997	0.997
BCL2L1	PIK3R4	0.425	0.425
OPTN	PIK3R4	0.447	0.447
BCL2	PIK3R4	0.692	0.692
PIK3R4	SQSTM1	0.793	0.793
GABARAPL1	PIK3R4	0.912	0.912
PPP3R1	PSMC4	0.501	0.501
MAP3K5	PPP3R1	0.42	0.42
BCL2	PPP3R1	0.438	0.438
ITPR3	PPP3R1	0.559	0.559
PPP3R1	SOD1	0.916	0.916
NEFM	PRPH	0.904	0.904
NEFL	PRPH	0.902	0.902
NEFH	PRPH	0.904	0.904
PSMA2	PSMA4	0.999	0.999
PSMA2	PSMC4	0.999	0.999
PSMA2	PSMD8	0.999	0.999
PSMA2	UBQLN1	0.471	0.471
PSMA2	TP53	0.478	0.478
HSPA5	PSMA2	0.571	0.571
PSMA2	SOD1	0.744	0.744
PSMA2	PSMD14	0.999	0.999
PSMA2	PSMB3	0.999	0.999
PSMA2	PSMC3	0.999	0.999
PSMA2	PSMC5	0.999	0.999
PSMA2	PSMD11	0.999	0.999
PSMA2	PSMB5	0.999	0.999
PSMA2	PSMB6	0.999	0.999
PSMA4	UBQLN1	0.417	0.417
NDUFB3	PSMA4	0.439	0.439
HNRNPA2B1	PSMA4	0.449	0.449
PSMA4	TP53	0.466	0.466
PSMA4	SOD1	0.745	0.745
PSMA4	UBQLN4	0.995	0.995
PSMA4	PSMD8	0.999	0.999
PSMA4	PSMB3	0.999	0.999
PSMA4	PSMD14	0.999	0.999
PSMA4	PSMB6	0.999	0.999
PSMA4	PSMB5	0.999	0.999
PSMA2	PSMA4	0.999	0.999
PSMA4	PSMC3	0.999	0.999
PSMA4	PSMC4	0.999	0.999
PSMA4	PSMC5	0.999	0.999
PSMA4	PSMD11	0.999	0.999
PSMA4	PSMB3	0.999	0.999
PSMB3	PSMC4	0.999	0.999
PSMB3	PSMD8	0.999	0.999
PSMA2	PSMB3	0.999	0.999
PSMB3	PSMD11	0.998	0.998
PSMB3	TP53	0.605	0.605
PSMB3	SOD1	0.735	0.735
PSMB3	PSMB6	0.999	0.999
NUP35	PSMB3	0.41	0.41
PSMB3	PSMC5	0.998	0.998
PSMB3	PSMB5	0.999	0.999
PSMB3	UBQLN4	0.994	0.994
PSMB3	PSMD14	0.999	0.999
PSMB3	PSMC3	0.999	0.999
PSMA4	PSMB5	0.999	0.999
PSMB5	PSMC4	0.999	0.999
PSMB5	PSMD8	0.991	0.991
PSMA2	PSMB5	0.999	0.999
PSMB5	PSMD11	0.994	0.994
PSMB5	TP53	0.542	0.542
PSMB5	SOD1	0.728	0.728
PSMB5	PSMB6	0.999	0.999
PSMB5	PSMC5	0.999	0.999
PSMB5	SQSTM1	0.506	0.506
PSMB5	UBQLN4	0.994	0.994
PSMB5	PSMD14	0.998	0.998
PSMB5	PSMC3	0.999	0.999
PSMB3	PSMB5	0.999	0.999
PSMA4	PSMB6	0.999	0.999
PSMB6	PSMC4	0.998	0.998
PSMB6	PSMD8	0.999	0.999
PSMA2	PSMB6	0.999	0.999
PSMB6	PSMD11	0.995	0.995
PSMB6	TP53	0.489	0.489
PSMB6	SOD1	0.741	0.741
CYC1	PSMB6	0.435	0.435
COX6B1	PSMB6	0.495	0.495
PSMB6	PSMC5	0.996	0.996
PSMB6	PSMC3	0.998	0.998
PSMB5	PSMB6	0.999	0.999
PSMB3	PSMB6	0.999	0.999
PSMB6	PSMD14	0.999	0.999
PSMA4	PSMC3	0.999	0.999
PSMC3	PSMC4	0.999	0.999
PSMC3	UQCRC1	0.579	0.579
PSMC3	PSMD8	0.999	0.999
PSMA2	PSMC3	0.999	0.999
PSMC3	PSMD11	0.999	0.999
PSMC3	TP53	0.578	0.578
PSMC3	SOD1	0.812	0.812
PSMB6	PSMC3	0.998	0.998
PSMC3	PSMC5	0.999	0.999
PSMB5	PSMC3	0.999	0.999
PSMC3	UBQLN4	0.995	0.995
NUP160	PSMC3	0.504	0.504
PSMC3	PSMD14	0.999	0.999
DCTN2	PSMC3	0.451	0.451
PSMB3	PSMC3	0.999	0.999
PSMA4	PSMC4	0.999	0.999
MAP3K5	PSMC4	0.4	0.4
HNRNPA2B1	PSMC4	0.446	0.446
PPP3R1	PSMC4	0.501	0.501
PSMC4	TP53	0.519	0.519
PSMC4	UBQLN1	0.585	0.585
PSMC4	SOD1	0.83	0.83
PSMB6	PSMC4	0.998	0.998
PSMC4	PSMD14	0.999	0.999
PSMB3	PSMC4	0.999	0.999
PSMC4	PSMD8	0.999	0.999
PSMB5	PSMC4	0.999	0.999
PSMC4	PSMD11	0.999	0.999
PSMC4	PSMC5	0.999	0.999
PSMC3	PSMC4	0.999	0.999
PSMA2	PSMC4	0.999	0.999
PSMA4	PSMC5	0.999	0.999
PSMC4	PSMC5	0.999	0.999
PSMC5	PSMD8	0.999	0.999
PSMA2	PSMC5	0.999	0.999
PSMC5	PSMD11	0.999	0.999
NDUFB10	PSMC5	0.42	0.42
PSMC5	TP53	0.903	0.903
PSMC5	SOD1	0.698	0.698
PSMB6	PSMC5	0.996	0.996
PSMC5	WIPI2	0.412	0.412
PSMC5	UBQLN4	0.995	0.995
PSMB3	PSMC5	0.998	0.998
PSMC3	PSMC5	0.999	0.999
PSMB5	PSMC5	0.999	0.999
PSMC5	PSMD14	0.999	0.999
PSMA4	PSMD11	0.999	0.999
PSMC4	PSMD11	0.999	0.999
PSMD11	PSMD8	0.999	0.999
PSMA2	PSMD11	0.999	0.999
PSMD11	WIPI2	0.425	0.425
PSMD11	TP53	0.517	0.517
PSMD11	UBQLN1	0.594	0.594
PSMD11	SOD1	0.711	0.711
PSMB5	PSMD11	0.994	0.994
PSMB6	PSMD11	0.995	0.995
PSMD11	UBQLN4	0.996	0.996
PSMB3	PSMD11	0.998	0.998
PSMD11	PSMD14	0.999	0.999
PSMC3	PSMD11	0.999	0.999
PSMC5	PSMD11	0.999	0.999
PSMA4	PSMD14	0.999	0.999
PSMC4	PSMD14	0.999	0.999
PSMD14	PSMD8	0.999	0.999
PSMA2	PSMD14	0.999	0.999
PSMD11	PSMD14	0.999	0.999
PSMD14	TP53	0.568	0.568
PSMD14	SOD1	0.768	0.768
PSMB6	PSMD14	0.999	0.999
PSMC5	PSMD14	0.999	0.999
HSPA5	PSMD14	0.456	0.456
PSMD14	UBQLN3	0.536	0.536
PSMB5	PSMD14	0.998	0.998
PSMD14	UBQLN4	0.997	0.997
PSMD14	UBQLN1	0.896	0.896
PSMD14	SEC13	0.403	0.403
PSMD14	SQSTM1	0.418	0.418
PSMC3	PSMD14	0.999	0.999
PSMB3	PSMD14	0.999	0.999
PSMA4	PSMD8	0.999	0.999
PSMC4	PSMD8	0.999	0.999
PSMD8	UBQLN3	0.425	0.425
PSMD8	TP53	0.46	0.46
PSMD8	UBQLN1	0.64	0.64
PSMD8	SOD1	0.691	0.691
PSMB5	PSMD8	0.991	0.991
PSMD8	UBQLN4	0.996	0.996
PSMD14	PSMD8	0.999	0.999
PSMB3	PSMD8	0.999	0.999
PSMB6	PSMD8	0.999	0.999
PSMC3	PSMD8	0.999	0.999
PSMC5	PSMD8	0.999	0.999
PSMD11	PSMD8	0.999	0.999
PSMA2	PSMD8	0.999	0.999
BCL2L1	RB1CC1	0.422	0.422
BCL2	RB1CC1	0.529	0.529
RB1CC1	WIPI1	0.873	0.873
RB1CC1	TBK1	0.879	0.879
MAP3K5	RB1CC1	0.912	0.912
RB1CC1	SQSTM1	0.914	0.914
RB1CC1	WIPI2	0.93	0.93
GABARAPL2	RB1CC1	0.953	0.953
GABARAPL1	RB1CC1	0.967	0.967
OPTN	RB1CC1	0.969	0.969
RB1CC1	TP53	0.984	0.984
PIK3R4	RB1CC1	0.986	0.986
PIK3C3	RB1CC1	0.989	0.989
RB1CC1	ULK1	0.999	0.999
ATG14	RB1CC1	0.999	0.999
SDHC	UQCRC1	0.709	0.709
COX6A1	SDHC	0.574	0.574
NDUFA2	SDHC	0.908	0.908
NDUFA10	SDHC	0.597	0.597
NDUFA9	SDHC	0.902	0.902
NDUFB10	SDHC	0.689	0.689
SDHC	TP53	0.622	0.622
NDUFS6	SDHC	0.874	0.874
CASP3	SDHC	0.543	0.543
CYC1	SDHC	0.923	0.923
NDUFA12	SDHC	0.951	0.951
SDHC	UQCR10	0.922	0.922
NDUFA4	SDHC	0.454	0.454
BCL2L1	SDHC	0.4	0.4
NDUFA3	SDHC	0.44	0.44
BCL2	SDHC	0.512	0.512
COX6B1	SDHC	0.554	0.554
SDHC	UQCR11	0.557	0.557
NDUFA1	SDHC	0.605	0.605
NDUFB3	SDHC	0.638	0.638
SDHC	UQCRHL	0.718	0.718
SDHC	UQCRB	0.909	0.909
NDUFS1	SDHC	0.923	0.923
NUP107	SEC13	0.999	0.999
NUP155	SEC13	0.996	0.996
NUP85	SEC13	0.999	0.999
NUP210	SEC13	0.954	0.954
NUP54	SEC13	0.984	0.984
NUP205	SEC13	0.995	0.995
NUP35	SEC13	0.971	0.971
GLE1	SEC13	0.762	0.762
NUP98	SEC13	0.999	0.999
HSPA5	SEC13	0.592	0.592
SEC13	SRSF7	0.481	0.481
NUP43	SEC13	0.999	0.999
NUP50	SEC13	0.839	0.839
NUP188	SEC13	0.963	0.963
SEC13	SRSF3	0.461	0.461
NUP160	SEC13	0.999	0.999
PSMD14	SEC13	0.403	0.403
GRIA1	SEC13	0.499	0.499
ALYREF	SEC13	0.543	0.543
NUP153	SEC13	0.945	0.945
NUP88	SEC13	0.977	0.977
NUP62	SEC13	0.987	0.987
NUP37	SEC13	0.999	0.999
NEFM	SLC1A2	0.571	0.571
FUS	SLC1A2	0.446	0.446
SLC1A2	SOD1	0.731	0.731
NEFL	SLC1A2	0.414	0.414
NEFH	SLC1A2	0.545	0.545
CASP3	SLC1A2	0.581	0.581
GRIA2	SLC1A2	0.685	0.685
GRIA1	SLC1A2	0.687	0.687
PSMA4	SOD1	0.745	0.745
PSMC4	SOD1	0.83	0.83
PSMD8	SOD1	0.691	0.691
SOD1	XBP1	0.528	0.528
NEFM	SOD1	0.677	0.677
PSMA2	SOD1	0.744	0.744
PFN1	SOD1	0.675	0.675
PPP3R1	SOD1	0.916	0.916
CAT	SOD1	0.92	0.92
FUS	SOD1	0.992	0.992
DERL1	SOD1	0.964	0.964
PSMD11	SOD1	0.711	0.711
SOD1	SPG11	0.584	0.584
DAXX	SOD1	0.613	0.613
SOD1	TP53	0.514	0.514
ATF6	SOD1	0.423	0.423
NDUFS1	SOD1	0.446	0.446
SOD1	UBQLN1	0.453	0.453
NUP62	SOD1	0.464	0.464
GRIA2	SOD1	0.479	0.479
HNRNPA2B1	SOD1	0.483	0.483
HDAC6	SOD1	0.563	0.563
SOD1	TBK1	0.594	0.594
CASP3	SOD1	0.624	0.624
DNAH1	SOD1	0.65	0.65
DNAH6	SOD1	0.65	0.65
DNAH14	SOD1	0.65	0.65
DNALI1	SOD1	0.65	0.65
DNAH7	SOD1	0.65	0.65
DNAH11	SOD1	0.668	0.668
PSMC5	SOD1	0.698	0.698
MAP3K5	SOD1	0.721	0.721
PSMB5	SOD1	0.728	0.728
SLC1A2	SOD1	0.731	0.731
PSMB3	SOD1	0.735	0.735
PSMB6	SOD1	0.741	0.741
DCTN2	SOD1	0.745	0.745
PSMD14	SOD1	0.768	0.768
NEFH	SOD1	0.786	0.786
PSMC3	SOD1	0.812	0.812
GPX8	SOD1	0.89	0.89
GPX7	SOD1	0.891	0.891
SOD1	SQSTM1	0.91	0.91
SOD1	TOMM40	0.923	0.923
OPTN	SOD1	0.937	0.937
HSPA5	SOD1	0.975	0.975
NEFL	SOD1	0.976	0.976
BCL2	SOD1	0.998	0.998
PFN1	SPG11	0.476	0.476
FUS	SPG11	0.603	0.603
SPG11	SQSTM1	0.432	0.432
SPG11	TBK1	0.448	0.448
NEFH	SPG11	0.484	0.484
SOD1	SPG11	0.584	0.584
OPTN	SPG11	0.6	0.6
RB1CC1	SQSTM1	0.914	0.914
GABARAPL2	SQSTM1	0.999	0.999
MAPK12	SQSTM1	0.487	0.487
SQSTM1	XBP1	0.456	0.456
NEFM	SQSTM1	0.504	0.504
PFN1	SQSTM1	0.463	0.463
ATG14	SQSTM1	0.822	0.822
FUS	SQSTM1	0.795	0.795
SQSTM1	TANK	0.922	0.922
SPG11	SQSTM1	0.432	0.432
PIK3C3	SQSTM1	0.812	0.812
SQSTM1	WIPI1	0.694	0.694
DAXX	SQSTM1	0.41	0.41
SQSTM1	TP53	0.901	0.901
SOD1	SQSTM1	0.91	0.91
SQSTM1	WIPI2	0.689	0.689
EIF2AK3	SQSTM1	0.726	0.726
CASP3	SQSTM1	0.672	0.672
HSPA5	SQSTM1	0.946	0.946
SQSTM1	ULK1	0.959	0.959
SQSTM1	TBK1	0.995	0.995
ATF4	SQSTM1	0.453	0.453
SQSTM1	TUBB	0.403	0.403
HNRNPA2B1	SQSTM1	0.512	0.512
PIK3R4	SQSTM1	0.793	0.793
PSMB5	SQSTM1	0.506	0.506
ATF6	SQSTM1	0.471	0.471
BCL2L1	SQSTM1	0.485	0.485
SQSTM1	UBQLN1	0.515	0.515
HDAC6	SQSTM1	0.979	0.979
OPTN	SQSTM1	0.994	0.994
ALYREF	SQSTM1	0.414	0.414
PSMD14	SQSTM1	0.418	0.418
DDIT3	SQSTM1	0.44	0.44
APAF1	SQSTM1	0.47	0.47
DCTN2	SQSTM1	0.476	0.476
SQSTM1	TOMM40	0.481	0.481
ERN1	SQSTM1	0.712	0.712
BCL2	SQSTM1	0.812	0.812
GABARAPL1	SQSTM1	0.999	0.999
NUP107	SRSF3	0.479	0.479
NUP155	SRSF3	0.424	0.424
NUP85	SRSF3	0.427	0.427
FUS	SRSF3	0.827	0.827
NUP210	SRSF3	0.405	0.405
NUP54	SRSF3	0.536	0.536
SRSF3	TP53	0.407	0.407
NUP205	SRSF3	0.451	0.451
NUP35	SRSF3	0.512	0.512
GLE1	SRSF3	0.497	0.497
NUP98	SRSF3	0.591	0.591
SRSF3	SRSF7	0.997	0.997
NUP43	SRSF3	0.558	0.558
NUP50	SRSF3	0.476	0.476
HNRNPA2B1	SRSF3	0.976	0.976
NUP188	SRSF3	0.41	0.41
SEC13	SRSF3	0.461	0.461
NUP160	SRSF3	0.472	0.472
NUP88	SRSF3	0.487	0.487
NUP37	SRSF3	0.503	0.503
NUP62	SRSF3	0.535	0.535
NUP153	SRSF3	0.544	0.544
ALYREF	SRSF3	0.95	0.95
NUP107	SRSF7	0.505	0.505
NUP155	SRSF7	0.419	0.419
NUP85	SRSF7	0.439	0.439
FUS	SRSF7	0.686	0.686
NUP210	SRSF7	0.405	0.405
NUP54	SRSF7	0.497	0.497
NUP205	SRSF7	0.421	0.421
NUP35	SRSF7	0.49	0.49
GLE1	SRSF7	0.471	0.471
NUP98	SRSF7	0.543	0.543
NUP188	SRSF7	0.416	0.416
NUP62	SRSF7	0.421	0.421
NUP50	SRSF7	0.435	0.435
NUP88	SRSF7	0.454	0.454
SEC13	SRSF7	0.481	0.481
NUP153	SRSF7	0.487	0.487
NUP160	SRSF7	0.493	0.493
NUP37	SRSF7	0.503	0.503
NUP43	SRSF7	0.585	0.585
HNRNPA2B1	SRSF7	0.947	0.947
ALYREF	SRSF7	0.958	0.958
SRSF3	SRSF7	0.997	0.997
ERN1	TANK	0.433	0.433
SQSTM1	TANK	0.922	0.922
OPTN	TANK	0.945	0.945
TANK	TBK1	0.999	0.999
RB1CC1	TBK1	0.879	0.879
GABARAPL2	TBK1	0.482	0.482
PFN1	TBK1	0.446	0.446
FUS	TBK1	0.618	0.618
TANK	TBK1	0.999	0.999
SPG11	TBK1	0.448	0.448
PIK3C3	TBK1	0.446	0.446
TBK1	TP53	0.443	0.443
SOD1	TBK1	0.594	0.594
TBK1	WIPI2	0.775	0.775
CASP3	TBK1	0.53	0.53
TBK1	ULK1	0.604	0.604
GABARAPL1	TBK1	0.483	0.483
HNRNPA2B1	TBK1	0.77	0.77
SQSTM1	TBK1	0.995	0.995
OPTN	TBK1	0.999	0.999
TOMM40	UQCRC1	0.503	0.503
NDUFA2	TOMM40	0.439	0.439
NDUFA9	TOMM40	0.429	0.429
SOD1	TOMM40	0.923	0.923
CYC1	TOMM40	0.892	0.892
NDUFA4	TOMM40	0.432	0.432
OPTN	TOMM40	0.515	0.515
SQSTM1	TOMM40	0.481	0.481
BCL2	TOMM40	0.639	0.639
NDUFS1	TOMM40	0.416	0.416
RB1CC1	TP53	0.984	0.984
GABARAPL2	TP53	0.491	0.491
PSMA4	TP53	0.466	0.466
PSMC4	TP53	0.519	0.519
PSMD8	TP53	0.46	0.46
MAPK12	TP53	0.946	0.946
TP53	XBP1	0.529	0.529
PSMA2	TP53	0.478	0.478
FUS	TP53	0.536	0.536
PSMD11	TP53	0.517	0.517
PIK3C3	TP53	0.544	0.544
DAXX	TP53	0.999	0.999
SRSF3	TP53	0.407	0.407
ANXA7	TP53	0.409	0.409
MAP2K6	TP53	0.418	0.418
GABARAPL1	TP53	0.418	0.418
TBK1	TP53	0.443	0.443
ATF4	TP53	0.45	0.45
PSMB6	TP53	0.489	0.489
OPTN	TP53	0.497	0.497
HNRNPA2B1	TP53	0.499	0.499
ATF6	TP53	0.51	0.51
SOD1	TP53	0.514	0.514
TP53	ULK1	0.541	0.541
PSMB5	TP53	0.542	0.542
PSMD14	TP53	0.568	0.568
PSMC3	TP53	0.578	0.578
MAP3K5	TP53	0.597	0.597
HDAC6	TP53	0.602	0.602
PSMB3	TP53	0.605	0.605
GPX7	TP53	0.606	0.606
GPX8	TP53	0.618	0.618
SDHC	TP53	0.622	0.622
ERN1	TP53	0.625	0.625
EIF2AK3	TP53	0.627	0.627
DDIT3	TP53	0.69	0.69
TP53	TUBB	0.723	0.723
ERBB4	TP53	0.726	0.726
HSPA5	TP53	0.824	0.824
BID	TP53	0.856	0.856
SQSTM1	TP53	0.901	0.901
PSMC5	TP53	0.903	0.903
CASP3	TP53	0.956	0.956
APAF1	TP53	0.974	0.974
BCL2	TP53	0.999	0.999
BCL2L1	TP53	0.999	0.999
TUBB	UQCRC1	0.411	0.411
PFN1	TUBB	0.515	0.515
TP53	TUBB	0.723	0.723
HSPA5	TUBB	0.593	0.593
SQSTM1	TUBB	0.403	0.403
HDAC6	TUBB	0.531	0.531
OPTN	TUBB	0.533	0.533
ACTG1	TUBB	0.773	0.773
HSPA5	TUBB1	0.485	0.485
GABARAPL2	UBQLN1	0.717	0.717
PSMA4	UBQLN1	0.417	0.417
PSMC4	UBQLN1	0.585	0.585
PSMD8	UBQLN1	0.64	0.64
PSMA2	UBQLN1	0.471	0.471
DERL1	UBQLN1	0.407	0.407
PSMD11	UBQLN1	0.594	0.594
SOD1	UBQLN1	0.453	0.453
UBQLN1	UBQLN4	0.785	0.785
SQSTM1	UBQLN1	0.515	0.515
GABARAPL1	UBQLN1	0.704	0.704
OPTN	UBQLN1	0.744	0.744
PSMD14	UBQLN1	0.896	0.896
PSMD8	UBQLN3	0.425	0.425
PSMD14	UBQLN3	0.536	0.536
OPTN	UBQLN3	0.618	0.618
PSMA4	UBQLN4	0.995	0.995
PSMD8	UBQLN4	0.996	0.996
PSMD11	UBQLN4	0.996	0.996
PSMC5	UBQLN4	0.995	0.995
HSPA5	UBQLN4	0.554	0.554
PSMB5	UBQLN4	0.994	0.994
OPTN	UBQLN4	0.631	0.631
UBQLN1	UBQLN4	0.785	0.785
PSMB3	UBQLN4	0.994	0.994
PSMC3	UBQLN4	0.995	0.995
PSMD14	UBQLN4	0.997	0.997
RB1CC1	ULK1	0.999	0.999
GABARAPL2	ULK1	0.997	0.997
ATG14	ULK1	0.999	0.999
PIK3C3	ULK1	0.999	0.999
ULK1	WIPI1	0.974	0.974
TP53	ULK1	0.541	0.541
ULK1	WIPI2	0.944	0.944
CASP3	ULK1	0.464	0.464
ATF4	ULK1	0.406	0.406
BCL2L1	ULK1	0.44	0.44
HDAC6	ULK1	0.534	0.534
BCL2	ULK1	0.577	0.577
TBK1	ULK1	0.604	0.604
OPTN	ULK1	0.687	0.687
SQSTM1	ULK1	0.959	0.959
GABARAPL1	ULK1	0.991	0.991
PIK3R4	ULK1	0.997	0.997
UQCR10	UQCRC1	0.999	0.999
COX6A1	UQCR10	0.995	0.995
NDUFA2	UQCR10	0.999	0.999
NDUFA10	UQCR10	0.902	0.902
NDUFA9	UQCR10	0.999	0.999
NDUFB10	UQCR10	0.996	0.996
NDUFS6	UQCR10	0.999	0.999
CYC1	UQCR10	0.999	0.999
NDUFA12	UQCR10	0.999	0.999
DDIT3	UQCR10	0.465	0.465
NDUFA4L2	UQCR10	0.883	0.883
SDHC	UQCR10	0.922	0.922
NDUFB2	UQCR10	0.925	0.925
NDUFA4	UQCR10	0.961	0.961
NDUFB1	UQCR10	0.966	0.966
NDUFA1	UQCR10	0.978	0.978
NDUFA3	UQCR10	0.979	0.979
NDUFB3	UQCR10	0.98	0.98
NDUFS1	UQCR10	0.99	0.99
UQCR10	UQCRHL	0.998	0.998
COX6B1	UQCR10	0.999	0.999
UQCR10	UQCR11	0.999	0.999
UQCR10	UQCRB	0.999	0.999
UQCR11	UQCRC1	0.999	0.999
COX6A1	UQCR11	0.971	0.971
NDUFA2	UQCR11	0.994	0.994
NDUFA10	UQCR11	0.92	0.92
NDUFA9	UQCR11	0.939	0.939
NDUFB10	UQCR11	0.983	0.983
NDUFS6	UQCR11	0.986	0.986
CYC1	UQCR11	0.999	0.999
NDUFA12	UQCR11	0.994	0.994
UQCR10	UQCR11	0.999	0.999
NDUFA4	UQCR11	0.958	0.958
SDHC	UQCR11	0.557	0.557
NDUFA1	UQCR11	0.974	0.974
NDUFA4L2	UQCR11	0.899	0.899
NDUFS1	UQCR11	0.934	0.934
NDUFB3	UQCR11	0.959	0.959
NDUFA3	UQCR11	0.994	0.994
NDUFB2	UQCR11	0.937	0.937
UQCR11	UQCRB	0.999	0.999
COX6B1	UQCR11	0.997	0.997
NDUFB1	UQCR11	0.961	0.961
UQCR11	UQCRHL	0.994	0.994
UQCRB	UQCRC1	0.999	0.999
COX6A1	UQCRB	0.997	0.997
NDUFA2	UQCRB	0.997	0.997
NDUFA10	UQCRB	0.956	0.956
NDUFA9	UQCRB	0.989	0.989
NDUFB10	UQCRB	0.994	0.994
NDUFS6	UQCRB	0.996	0.996
CYC1	UQCRB	0.999	0.999
NDUFA12	UQCRB	0.999	0.999
UQCR10	UQCRB	0.999	0.999
NDUFA4	UQCRB	0.941	0.941
SDHC	UQCRB	0.909	0.909
NDUFA1	UQCRB	0.948	0.948
NDUFA4L2	UQCRB	0.849	0.849
NDUFS1	UQCRB	0.998	0.998
NDUFB3	UQCRB	0.981	0.981
NDUFA3	UQCRB	0.906	0.906
NDUFB2	UQCRB	0.913	0.913
DDIT3	UQCRB	0.484	0.484
NDUFB1	UQCRB	0.96	0.96
UQCRB	UQCRHL	0.998	0.998
UQCR11	UQCRB	0.999	0.999
COX6B1	UQCRB	0.999	0.999
TUBB	UQCRC1	0.411	0.411
TOMM40	UQCRC1	0.503	0.503
PSMC3	UQCRC1	0.579	0.579
NDUFA4L2	UQCRC1	0.669	0.669
SDHC	UQCRC1	0.709	0.709
NDUFB2	UQCRC1	0.866	0.866
NDUFA4	UQCRC1	0.89	0.89
NDUFB1	UQCRC1	0.893	0.893
NDUFA1	UQCRC1	0.922	0.922
NDUFA3	UQCRC1	0.939	0.939
NDUFB3	UQCRC1	0.94	0.94
NDUFB10	UQCRC1	0.986	0.986
UQCRC1	UQCRHL	0.988	0.988
COX6B1	UQCRC1	0.989	0.989
COX6A1	UQCRC1	0.989	0.989
NDUFS6	UQCRC1	0.99	0.99
NDUFA2	UQCRC1	0.992	0.992
NDUFA10	UQCRC1	0.996	0.996
NDUFA9	UQCRC1	0.998	0.998
NDUFS1	UQCRC1	0.998	0.998
UQCR10	UQCRC1	0.999	0.999
UQCR11	UQCRC1	0.999	0.999
CYC1	UQCRC1	0.999	0.999
UQCRB	UQCRC1	0.999	0.999
NDUFA12	UQCRC1	0.999	0.999
UQCRC1	UQCRHL	0.988	0.988
COX6A1	UQCRHL	0.946	0.946
NDUFA2	UQCRHL	0.974	0.974
NDUFA10	UQCRHL	0.493	0.493
NDUFA9	UQCRHL	0.783	0.783
NDUFB10	UQCRHL	0.909	0.909
NDUFS6	UQCRHL	0.965	0.965
CYC1	UQCRHL	0.987	0.987
NDUFA12	UQCRHL	0.943	0.943
UQCR10	UQCRHL	0.998	0.998
NDUFA4	UQCRHL	0.843	0.843
SDHC	UQCRHL	0.718	0.718
NDUFA1	UQCRHL	0.496	0.496
NDUFA4L2	UQCRHL	0.835	0.835
NDUFS1	UQCRHL	0.935	0.935
NDUFB3	UQCRHL	0.732	0.732
NDUFA3	UQCRHL	0.57	0.57
UQCRB	UQCRHL	0.998	0.998
COX6B1	UQCRHL	0.902	0.902
UQCR11	UQCRHL	0.994	0.994
RB1CC1	WIPI1	0.873	0.873
GABARAPL2	WIPI1	0.87	0.87
WIPI1	XBP1	0.814	0.814
ATG14	WIPI1	0.889	0.889
PIK3C3	WIPI1	0.902	0.902
ATF6	WIPI1	0.422	0.422
OPTN	WIPI1	0.592	0.592
SQSTM1	WIPI1	0.694	0.694
PIK3R4	WIPI1	0.815	0.815
GABARAPL1	WIPI1	0.884	0.884
ULK1	WIPI1	0.974	0.974
WIPI1	WIPI2	0.976	0.976
RB1CC1	WIPI2	0.93	0.93
GABARAPL2	WIPI2	0.94	0.94
ATG14	WIPI2	0.935	0.935
PSMD11	WIPI2	0.425	0.425
PIK3C3	WIPI2	0.971	0.971
WIPI1	WIPI2	0.976	0.976
PSMC5	WIPI2	0.412	0.412
SQSTM1	WIPI2	0.689	0.689
OPTN	WIPI2	0.747	0.747
TBK1	WIPI2	0.775	0.775
PIK3R4	WIPI2	0.892	0.892
GABARAPL1	WIPI2	0.907	0.907
ULK1	WIPI2	0.944	0.944
SQSTM1	XBP1	0.456	0.456
BCL2L1	XBP1	0.484	0.484
ITPR3	XBP1	0.502	0.502
SOD1	XBP1	0.528	0.528
TP53	XBP1	0.529	0.529
DERL1	XBP1	0.653	0.653
BCL2	XBP1	0.666	0.666
CASP3	XBP1	0.706	0.706
MAP3K5	XBP1	0.758	0.758
WIPI1	XBP1	0.814	0.814
EIF2AK3	XBP1	0.909	0.909
ATF4	XBP1	0.917	0.917
HSPA5	XBP1	0.98	0.98
DDIT3	XBP1	0.988	0.988
ERN1	XBP1	0.997	0.997
ATF6	XBP1	0.998	0.998
