GeneSymbol,Type,Degree,DegreeCentrality,BetweennessCentrality,DatasetCount,Neighbors,ImportanceScore
CREB5,seed,0,0.0,0.0,2,[],0.0
PJA2,seed,0,0.0,0.0,1,[],0.0
VPS26A,seed,0,0.0,0.0,1,[],0.0
MYH1,seed,0,0.0,0.0,1,[],0.0
S100P,seed,0,0.0,0.0,1,[],0.0
POTEKP,seed,0,0.0,0.0,1,[],0.0
RNF149,seed,0,0.0,0.0,1,[],0.0
CCPG1,seed,0,0.0,0.0,1,[],0.0
H2AC6,seed,0,0.0,0.0,1,[],0.0
PDX1,seed,0,0.0,0.0,1,[],0.0
RPL3,seed,0,0.0,0.0,1,[],0.0
SDCBP,seed,0,0.0,0.0,1,[],0.0
SRGN,seed,0,0.0,0.0,1,[],0.0
NSDHL,seed,0,0.0,0.0,1,[],0.0
GDI2,seed,0,0.0,0.0,1,[],0.0
DYNC1H1,seed,0,0.0,0.0,1,[],0.0
XKR8,seed,0,0.0,0.0,1,[],0.0
FRAT1,seed,0,0.0,0.0,1,[],0.0
INSIG1,seed,0,0.0,0.0,1,[],0.0
RPGR,seed,0,0.0,0.0,1,[],0.0
CMTM6,seed,0,0.0,0.0,1,[],0.0
SNRPD2,seed,0,0.0,0.0,1,[],0.0
SCN2A,seed,0,0.0,0.0,1,[],0.0
CLIC1,seed,0,0.0,0.0,1,[],0.0
PAPOLA,seed,0,0.0,0.0,1,[],0.0
EVI2A,seed,0,0.0,0.0,1,[],0.0
ST14,seed,0,0.0,0.0,1,[],0.0
CAPZA2,seed,0,0.0,0.0,2,[],0.0
HSH2D,seed,0,0.0,0.0,1,[],0.0
CAB39,seed,0,0.0,0.0,1,[],0.0
CACNA1A,seed,0,0.0,0.0,1,[],0.0
GNA13,seed,0,0.0,0.0,1,[],0.0
PPM1B,seed,0,0.0,0.0,1,[],0.0
HEATR1,seed,0,0.0,0.0,1,[],0.0
TAX1BP1,seed,0,0.0,0.0,1,[],0.0
ADD3,seed,0,0.0,0.0,1,[],0.0
SKI,seed,0,0.0,0.0,1,[],0.0
VPS4B,seed,0,0.0,0.0,1,[],0.0
ISG15,seed,0,0.0,0.0,1,[],0.0
RGS2,seed,0,0.0,0.0,1,[],0.0
AQP9,seed,0,0.0,0.0,1,[],0.0
BTG1,seed,0,0.0,0.0,1,[],0.0
RPS15A,seed,0,0.0,0.0,2,[],0.0
ATP6V1A,seed,0,0.0,0.0,1,[],0.0
VNN2,seed,0,0.0,0.0,2,[],0.0
FAM117B,seed,0,0.0,0.0,1,[],0.0
MMP9,seed,0,0.0,0.0,1,[],0.0
REEP5,seed,0,0.0,0.0,1,[],0.0
CD52,seed,0,0.0,0.0,1,[],0.0
ARPC5,seed,0,0.0,0.0,1,[],0.0
PELI1,seed,0,0.0,0.0,1,[],0.0
MME,seed,0,0.0,0.0,1,[],0.0
RAB8B,seed,0,0.0,0.0,1,[],0.0
RELN,seed,0,0.0,0.0,1,[],0.0
GABRB3,seed,0,0.0,0.0,1,[],0.0
SGK1,seed,0,0.0,0.0,1,[],0.0
MATK,seed,0,0.0,0.0,1,[],0.0
SF3B1,seed,0,0.0,0.0,1,[],0.0
IL1R2,seed,0,0.0,0.0,1,[],0.0
ARGLU1,seed,0,0.0,0.0,1,[],0.0
BAZ2B,seed,0,0.0,0.0,1,[],0.0
SFTPD,seed,0,0.0,0.0,1,[],0.0
H4C3,seed,0,0.0,0.0,1,[],0.0
ETS1,seed,0,0.0,0.0,1,[],0.0
OXCT1,seed,0,0.0,0.0,1,[],0.0
ESR1,seed,0,0.0,0.0,1,[],0.0
DCP2,seed,0,0.0,0.0,1,[],0.0
GCA,seed,0,0.0,0.0,1,[],0.0
SPTLC1,seed,0,0.0,0.0,1,[],0.0
PRKAR1A,seed,0,0.0,0.0,1,[],0.0
RS1,seed,0,0.0,0.0,1,[],0.0
AIRE,seed,0,0.0,0.0,1,[],0.0
SLC6A6,seed,0,0.0,0.0,1,[],0.0
FBXL5,seed,0,0.0,0.0,1,[],0.0
MARCHF7,seed,0,0.0,0.0,1,[],0.0
CLK1,seed,0,0.0,0.0,1,[],0.0
NIN,seed,0,0.0,0.0,1,[],0.0
ITM2B,seed,0,0.0,0.0,1,[],0.0
LY96,seed,0,0.0,0.0,1,[],0.0
ACTR2,seed,0,0.0,0.0,1,[],0.0
SGCD,seed,0,0.0,0.0,1,[],0.0
EEF1A1,seed,0,0.0,0.0,1,[],0.0
SNHG29,seed,0,0.0,0.0,1,[],0.0
G3BP2,seed,0,0.0,0.0,1,[],0.0
PXDN,seed,0,0.0,0.0,1,[],0.0
NOL10,seed,0,0.0,0.0,1,[],0.0
CMTM2,seed,0,0.0,0.0,1,[],0.0
CAT,seed,1,0.004166666666666667,0.0,1,['SOD1'],0.004166666666666667
WDFY1,seed,0,0.0,0.0,1,[],0.0
CD46,seed,0,0.0,0.0,1,[],0.0
CD302,seed,0,0.0,0.0,1,[],0.0
ARHGAP30,seed,0,0.0,0.0,1,[],0.0
RPL27,seed,0,0.0,0.0,1,[],0.0
YPEL5,seed,0,0.0,0.0,2,[],0.0
LMBRD1,seed,0,0.0,0.0,1,[],0.0
ABCA1,seed,0,0.0,0.0,1,[],0.0
METTL1,seed,0,0.0,0.0,1,[],0.0
PPP3R1,seed,7,0.029166666666666667,0.00805439330543933,1,"['BAD', 'PPP3CA', 'PPP3CB', 'PPP3CC', 'TARDBP', 'SOD1', 'PPP3R2']",0.037221059972105994
TMED5,seed,0,0.0,0.0,1,[],0.0
AZIN1,seed,0,0.0,0.0,1,[],0.0
BNIP2,seed,0,0.0,0.0,1,[],0.0
HMGN4,seed,0,0.0,0.0,1,[],0.0
TRAM1,seed,0,0.0,0.0,1,[],0.0
DUSP1,seed,0,0.0,0.0,1,[],0.0
CX3CR1,seed,0,0.0,0.0,1,[],0.0
HSPA1A,seed,0,0.0,0.0,1,[],0.0
PCNP,seed,0,0.0,0.0,1,[],0.0
EVI2B,seed,0,0.0,0.0,1,[],0.0
ARL5A,seed,0,0.0,0.0,1,[],0.0
PROK2,seed,0,0.0,0.0,1,[],0.0
TNFSF10,seed,0,0.0,0.0,1,[],0.0
SRY,seed,0,0.0,0.0,1,[],0.0
ANXA2P1,seed,0,0.0,0.0,1,[],0.0
SLC40A1,seed,0,0.0,0.0,1,[],0.0
ACTBP2,seed,0,0.0,0.0,1,[],0.0
HSD17B11,seed,0,0.0,0.0,1,[],0.0
RSL24D1,seed,0,0.0,0.0,2,[],0.0
USP14,seed,0,0.0,0.0,1,[],0.0
FHIP2A,seed,0,0.0,0.0,1,[],0.0
KRT8,seed,0,0.0,0.0,1,[],0.0
RNASE6,seed,0,0.0,0.0,1,[],0.0
NPRL3,seed,0,0.0,0.0,1,[],0.0
BAZ1A,seed,0,0.0,0.0,1,[],0.0
SPRYD3,seed,0,0.0,0.0,1,[],0.0
ERC2-IT1,seed,0,0.0,0.0,1,[],0.0
ADGRG3,seed,0,0.0,0.0,1,[],0.0
TNFAIP6,seed,0,0.0,0.0,1,[],0.0
TNFSF13B,seed,0,0.0,0.0,1,[],0.0
EFR3A,seed,0,0.0,0.0,1,[],0.0
MYL6,seed,0,0.0,0.0,1,[],0.0
RPL9,seed,0,0.0,0.0,2,[],0.0
IL2RB,seed,0,0.0,0.0,1,[],0.0
IFI6,seed,0,0.0,0.0,1,[],0.0
MOCS1,seed,0,0.0,0.0,1,[],0.0
PPP1CB,seed,0,0.0,0.0,1,[],0.0
HFM1,seed,0,0.0,0.0,1,[],0.0
IFNGR1,seed,0,0.0,0.0,2,[],0.0
ZFAND5,seed,0,0.0,0.0,1,[],0.0
PDE4B,seed,0,0.0,0.0,1,[],0.0
LILRA5,seed,0,0.0,0.0,1,[],0.0
TLR5,seed,0,0.0,0.0,1,[],0.0
AHR,seed,0,0.0,0.0,1,[],0.0
HBE1,seed,0,0.0,0.0,1,[],0.0
ZIC3,seed,0,0.0,0.0,1,[],0.0
ZDHHC18,seed,0,0.0,0.0,1,[],0.0
BNIP3L,seed,0,0.0,0.0,1,[],0.0
TMEM158,seed,0,0.0,0.0,1,[],0.0
TOR1AIP1,seed,0,0.0,0.0,1,[],0.0
INKA2,seed,0,0.0,0.0,1,[],0.0
UHMK1,seed,0,0.0,0.0,1,[],0.0
SUZ12,seed,0,0.0,0.0,1,[],0.0
RGS18,seed,0,0.0,0.0,2,[],0.0
PSMD7,seed,34,0.14166666666666666,0.028765690376569036,1,"['ADRM1', 'PRKN', 'PSMA1', 'PSMA2', 'PSMA3', 'PSMA4', 'PSMA5', 'PSMA6', 'PSMA7', 'PSMA8', 'PSMB1', 'PSMB2', 'PSMB3', 'PSMB4', 'PSMB5', 'PSMB6', 'PSMB7', 'PSMC1', 'PSMC2', 'PSMC3', 'PSMC4', 'PSMC5', 'PSMC6', 'PSMD1', 'PSMD11', 'PSMD12', 'PSMD14', 'PSMD2', 'PSMD3', 'PSMD4', 'PSMD8', 'SOD1', 'VCP', 'PSMD9']",0.1704323570432357
PPP1CC,seed,0,0.0,0.0,1,[],0.0
FOXN2,seed,0,0.0,0.0,1,[],0.0
GOLGA7,seed,0,0.0,0.0,1,[],0.0
DOP1B,seed,0,0.0,0.0,1,[],0.0
DPYSL5,seed,0,0.0,0.0,1,[],0.0
S100A8,seed,0,0.0,0.0,1,[],0.0
JMJD1C,seed,0,0.0,0.0,1,[],0.0
ARK2N,seed,0,0.0,0.0,1,[],0.0
STX11,seed,0,0.0,0.0,1,[],0.0
SRPK1,seed,0,0.0,0.0,1,[],0.0
TMEM123,seed,0,0.0,0.0,1,[],0.0
ZNF652,seed,0,0.0,0.0,1,[],0.0
CPD,seed,0,0.0,0.0,1,[],0.0
TP53BP1,seed,0,0.0,0.0,1,[],0.0
NPTN,seed,0,0.0,0.0,1,[],0.0
QPCT,seed,0,0.0,0.0,1,[],0.0
TPT1,seed,0,0.0,0.0,2,[],0.0
PRNP,seed,0,0.0,0.0,1,[],0.0
CPNE6,seed,0,0.0,0.0,1,[],0.0
CREBRF,seed,0,0.0,0.0,1,[],0.0
LAD1,seed,0,0.0,0.0,1,[],0.0
SARAF,seed,0,0.0,0.0,1,[],0.0
TYRP1,seed,0,0.0,0.0,2,[],0.0
ZMPSTE24,seed,0,0.0,0.0,1,[],0.0
CGGBP1,seed,0,0.0,0.0,1,[],0.0
PTBP3,seed,0,0.0,0.0,1,[],0.0
TMX1,seed,0,0.0,0.0,1,[],0.0
CD44,seed,0,0.0,0.0,1,[],0.0
RAD51C,seed,0,0.0,0.0,1,[],0.0
CD55,seed,0,0.0,0.0,1,[],0.0
WIPF1,seed,0,0.0,0.0,1,[],0.0
CD93,seed,0,0.0,0.0,1,[],0.0
GNLY,seed,0,0.0,0.0,1,[],0.0
AMD1,seed,0,0.0,0.0,1,[],0.0
KRT9,seed,0,0.0,0.0,1,[],0.0
TMEM71,seed,0,0.0,0.0,2,[],0.0
SFT2D1,seed,0,0.0,0.0,1,[],0.0
PAIP2,seed,0,0.0,0.0,1,[],0.0
SNRK,seed,0,0.0,0.0,1,[],0.0
NABP1,seed,0,0.0,0.0,1,[],0.0
SNCA,seed,0,0.0,0.0,1,[],0.0
CD47,seed,0,0.0,0.0,1,[],0.0
CIAO2A,seed,0,0.0,0.0,1,[],0.0
C6orf62,seed,0,0.0,0.0,1,[],0.0
MBNL1,seed,0,0.0,0.0,1,[],0.0
HLA-C,seed,0,0.0,0.0,1,[],0.0
FAM193A,seed,0,0.0,0.0,1,[],0.0
CAVIN2,seed,0,0.0,0.0,1,[],0.0
