Gene_Symbol,logFC,adjPval,tissue,omic,direction
ARHGAP36,-3.468690914,1.2000000000000001e-29,cortex,mRNA,DOWN
ECEL1,-4.076987926,5.33e-27,cortex,mRNA,DOWN
GABRE,-3.466291658,6.31e-26,cortex,mRNA,DOWN
POMC,-3.454673286,1.17e-25,cortex,mRNA,DOWN
GAL,-3.263269968,5e-23,cortex,mRNA,DOWN
SELE,-3.752412894,5.95e-22,cortex,mRNA,DOWN
TRH,-2.716928015,1.95e-20,cortex,mRNA,DOWN
DIRAS3,-2.049480107,3.37e-20,cortex,mRNA,DOWN
GABRQ,-2.460707718,1.58e-17,cortex,mRNA,DOWN
CSF3,-2.929816455,4.72e-17,cortex,mRNA,DOWN
CALCR,-2.407742386,2.32e-16,cortex,mRNA,DOWN
ANKRD20A9P,-2.064424916,4.55e-15,cortex,mRNA,DOWN
CXCL8,-2.533251755,4.74e-14,cortex,mRNA,DOWN
ESR1,-1.634913259,1.2e-11,cortex,mRNA,DOWN
IRS4,-1.255800669,1.85e-08,cortex,mRNA,DOWN
MYBPH,-2.045859913,1.94e-08,cortex,mRNA,DOWN
MPZ,-1.097919836,3.02e-08,cortex,mRNA,DOWN
CCDC129,-1.608490209,3.92e-08,cortex,mRNA,DOWN
PGR,-1.476022191,6.25e-08,cortex,mRNA,DOWN
MRGPRE,-1.450165261,3.28e-07,cortex,mRNA,DOWN
ZCCHC12,-1.330446448,6.12e-07,cortex,mRNA,DOWN
DOK7,-1.222009747,8.82e-07,cortex,mRNA,DOWN
ARAP3,-1.116907451,1.02e-06,cortex,mRNA,DOWN
IFI6,-0.918033801,1.3e-06,cortex,mRNA,DOWN
TBX3,-1.414874469,1.3e-06,cortex,mRNA,DOWN
IL6,-1.787107195,1.84e-06,cortex,mRNA,DOWN
VWA5B1,-1.602019316,1.84e-06,cortex,mRNA,DOWN
ATP2A1,-1.161308471,2.24e-06,cortex,mRNA,DOWN
MAP3K15,-1.147659271,3.08e-06,cortex,mRNA,DOWN
ADGRG2,-1.364615783,3.18e-06,cortex,mRNA,DOWN
NPEPL1,-0.774506289,3.2e-06,cortex,mRNA,DOWN
LGR6,-1.630091555,3.36e-06,cortex,mRNA,DOWN
DGKK,-1.637760099,8.51e-06,cortex,mRNA,DOWN
GBP4,-0.733307482,9.95e-06,cortex,mRNA,DOWN
CXCL1,-1.636838775,9.95e-06,cortex,mRNA,DOWN
IL1B,-1.775021705,2.17e-05,cortex,mRNA,DOWN
POFUT2,-0.584239687,2.5e-05,cortex,mRNA,DOWN
ABO,-1.153417377,2.9e-05,cortex,mRNA,DOWN
NLRP3,-0.642594961,3.37e-05,cortex,mRNA,DOWN
SIX3,-1.756356544,3.46e-05,cortex,mRNA,DOWN
KNCN,-1.262859029,3.55e-05,cortex,mRNA,DOWN
ANKRD34B,-1.012475344,3.58e-05,cortex,mRNA,DOWN
HTR7,-0.977142746,3.72e-05,cortex,mRNA,DOWN
SCUBE1,-1.174946982,4.71e-05,cortex,mRNA,DOWN
ECE2,-0.676462468,6.12e-05,cortex,mRNA,DOWN
EEF1AKMT4-ECE2,-0.671358386,6.25e-05,cortex,mRNA,DOWN
PXDN,-0.85083429,6.95e-05,cortex,mRNA,DOWN
NRP2,-0.810296807,7.02e-05,cortex,mRNA,DOWN
COLEC11,-1.263811958,7.06e-05,cortex,mRNA,DOWN
ZNF534,-0.65383108,7.18e-05,cortex,mRNA,DOWN
GOLGA2P5,-0.788430937,7.93e-05,cortex,mRNA,DOWN
IGFALS,-0.997635646,8.59e-05,cortex,mRNA,DOWN
CHTF18,-0.847964466,8.59e-05,cortex,mRNA,DOWN
TPH1,-1.050790592,8.59e-05,cortex,mRNA,DOWN
MOV10,-0.695350653,8.59e-05,cortex,mRNA,DOWN
EPHA8,-0.960419843,8.68e-05,cortex,mRNA,DOWN
LINC01572,-0.644838552,9.07e-05,cortex,mRNA,DOWN
GIMAP7,-0.739549705,9.45e-05,cortex,mRNA,DOWN
RTEL1-TNFRSF6B,-0.813259545,9.69e-05,cortex,mRNA,DOWN
TMEM91,-0.505879405,0.000108505,cortex,mRNA,DOWN
TTC25,-0.558640363,0.000110217,cortex,mRNA,DOWN
GOLT1A,-0.911119837,0.0001107,cortex,mRNA,DOWN
CITED1,-0.945434331,0.0001107,cortex,mRNA,DOWN
WDR90,-0.890292491,0.000114441,cortex,mRNA,DOWN
CFAP99,-0.901534402,0.000132873,cortex,mRNA,DOWN
MSTO2P,-0.571142383,0.000136175,cortex,mRNA,DOWN
RYR1,-0.644121737,0.000145059,cortex,mRNA,DOWN
ADGRD1,-0.89572319,0.000145059,cortex,mRNA,DOWN
MGC12916,-0.939136921,0.0001464,cortex,mRNA,DOWN
MIR7161,-0.779145596,0.000157427,cortex,mRNA,DOWN
MYT1,-0.567927623,0.000157427,cortex,mRNA,DOWN
IDUA,-0.808383529,0.000157427,cortex,mRNA,DOWN
HAPLN3,-0.971405218,0.000170161,cortex,mRNA,DOWN
PKD1L3,-0.821407065,0.000187803,cortex,mRNA,DOWN
SLC5A4,-1.176492303,0.000212353,cortex,mRNA,DOWN
AK8,-0.627991483,0.000215405,cortex,mRNA,DOWN
RTEL1,-0.778578907,0.000218138,cortex,mRNA,DOWN
TCHH,-0.650570437,0.000264357,cortex,mRNA,DOWN
NANOGP8,-0.949048954,0.000266854,cortex,mRNA,DOWN
LOC101929719,-1.341244542,0.000270297,cortex,mRNA,DOWN
LY6G5B,-0.940256404,0.000270297,cortex,mRNA,DOWN
KCNK15,-0.910003211,0.000272245,cortex,mRNA,DOWN
PAPLN,-0.805047941,0.000273052,cortex,mRNA,DOWN
LOC100506274,-0.882893887,0.000289176,cortex,mRNA,DOWN
FCHSD1,-0.761246891,0.00030445,cortex,mRNA,DOWN
TTLL3,-0.670370245,0.000307595,cortex,mRNA,DOWN
FTH1P3,-0.903313413,0.000307595,cortex,mRNA,DOWN
TAC1,-1.172715143,0.000319742,cortex,mRNA,DOWN
BRE-AS1,-1.021213329,0.000329965,cortex,mRNA,DOWN
ADAM8,-0.912690447,0.000331553,cortex,mRNA,DOWN
IGSF1,-0.913044732,0.000331553,cortex,mRNA,DOWN
ODF3B,-1.399113658,0.000331553,cortex,mRNA,DOWN
CCDC183,-0.677449311,0.000331553,cortex,mRNA,DOWN
DNAH1,-0.801231515,0.000331553,cortex,mRNA,DOWN
WASH7P,-0.602776885,0.000331553,cortex,mRNA,DOWN
NXPH4,-0.916436325,0.000346973,cortex,mRNA,DOWN
IL13RA2,-1.006266439,0.000356445,cortex,mRNA,DOWN
C19orf71,-0.821089201,0.000356815,cortex,mRNA,DOWN
LINC00265,-0.588614611,0.000365367,cortex,mRNA,DOWN
SLC12A1,-0.831649703,0.000392366,cortex,mRNA,DOWN
LOC105378696,-0.896210564,0.00039945,cortex,mRNA,DOWN
SEC31B,-0.696377714,0.000400745,cortex,mRNA,DOWN
HERC2P9,-0.590531087,0.000417561,cortex,mRNA,DOWN
ASIC3,-0.824478577,0.000420956,cortex,mRNA,DOWN
MORN1,-0.539156648,0.000448838,cortex,mRNA,DOWN
TFAMP1,-0.933626006,0.000468902,cortex,mRNA,DOWN
RHOT2,-0.586929881,0.000472178,cortex,mRNA,DOWN
BEAN1-AS1,-1.010512944,0.000472178,cortex,mRNA,DOWN
UPB1,-0.998081911,0.000515488,cortex,mRNA,DOWN
SGSH,-0.606410248,0.000525482,cortex,mRNA,DOWN
GPR132,-0.704299322,0.000525482,cortex,mRNA,DOWN
ALLC,-1.334748049,0.000533589,cortex,mRNA,DOWN
NOXA1,-0.858628537,0.000548836,cortex,mRNA,DOWN
SPPL2B,-0.660843621,0.000548836,cortex,mRNA,DOWN
GNMT,-0.909184149,0.000548836,cortex,mRNA,DOWN
PRSS27,-0.774179744,0.000587581,cortex,mRNA,DOWN
IGSF22,-0.788985711,0.000587581,cortex,mRNA,DOWN
PRLR,-1.067407703,0.000632679,cortex,mRNA,DOWN
LOC100128361,-0.647394551,0.000663227,cortex,mRNA,DOWN
LIPE-AS1,-0.510687531,0.000676231,cortex,mRNA,DOWN
SFI1,-0.52764404,0.000676231,cortex,mRNA,DOWN
LOXL2,-0.845214797,0.000676231,cortex,mRNA,DOWN
BAIAP2L1,-0.999895651,0.000676231,cortex,mRNA,DOWN
SDS,-0.96480754,0.000678351,cortex,mRNA,DOWN
RHBDF1,-0.662962942,0.000678351,cortex,mRNA,DOWN
CHKB,-0.514448765,0.000680534,cortex,mRNA,DOWN
MORC2-AS1,-0.83086874,0.00071922,cortex,mRNA,DOWN
DOCK6,-0.761485964,0.000730424,cortex,mRNA,DOWN
PRODH,-0.691598913,0.000740426,cortex,mRNA,DOWN
PCSK4,-0.65020949,0.000785494,cortex,mRNA,DOWN
NSUN7,-0.934533467,0.000801274,cortex,mRNA,DOWN
LENG8,-0.787003751,0.000831045,cortex,mRNA,DOWN
MIR6891,-0.892400353,0.000831045,cortex,mRNA,DOWN
MUC20,-0.927674546,0.000831045,cortex,mRNA,DOWN
TDRD10,-0.843909477,0.000862551,cortex,mRNA,DOWN
COL7A1,-0.967681253,0.000896975,cortex,mRNA,DOWN
ZFR2,-0.835154068,0.000896975,cortex,mRNA,DOWN
GBP5,-0.803244869,0.000900078,cortex,mRNA,DOWN
PCDHB17P,-0.595727759,0.000917152,cortex,mRNA,DOWN
GOLGA8A,-0.648272585,0.000923006,cortex,mRNA,DOWN
ADAMTS10,-0.751946102,0.000929038,cortex,mRNA,DOWN
P3H1,-0.50715711,0.000954384,cortex,mRNA,DOWN
MDK,-0.758288499,0.000964787,cortex,mRNA,DOWN
AKR7L,-0.719893364,0.001011425,cortex,mRNA,DOWN
CCDC180,-0.553432274,0.001075507,cortex,mRNA,DOWN
CDH3,-0.649671322,0.001085609,cortex,mRNA,DOWN
GLYCTK,-0.768926819,0.001105509,cortex,mRNA,DOWN
SCARF1,-0.610535408,0.001153366,cortex,mRNA,DOWN
LOC729815,-1.095627152,0.001169726,cortex,mRNA,DOWN
LOC100499484-C9ORF174,-0.524764814,0.001169726,cortex,mRNA,DOWN
FXYD2,-0.962006349,0.001169726,cortex,mRNA,DOWN
SHISAL2A,-1.204249043,0.00120884,cortex,mRNA,DOWN
MAPK8IP1P2,4.462933029,0.001303127,cortex,mRNA,UP
EXD3,-0.697046383,0.001303174,cortex,mRNA,DOWN
HLA-F,-0.7832499,0.001303174,cortex,mRNA,DOWN
DISP3,-0.56356248,0.001341528,cortex,mRNA,DOWN
RPSAP58,0.566525714,0.001359244,cortex,mRNA,UP
MSH5-SAPCD1,-0.754548485,0.001359296,cortex,mRNA,DOWN
TMEM234,-0.603625305,0.001359296,cortex,mRNA,DOWN
AP1G2,-0.969705591,0.001392391,cortex,mRNA,DOWN
CCDC78,-0.808666852,0.001392391,cortex,mRNA,DOWN
ST8SIA2,-1.096661078,0.001448366,cortex,mRNA,DOWN
SOX3,-0.97654291,0.00146811,cortex,mRNA,DOWN
PKD1P4-NPIPA8,-0.864681382,0.001525779,cortex,mRNA,DOWN
SKOR1,-0.743705028,0.001567104,cortex,mRNA,DOWN
ZDHHC19,-0.905625991,0.00157367,cortex,mRNA,DOWN
PPIP5K1P1-CATSPER2,-0.591896162,0.001637391,cortex,mRNA,DOWN
ABCC8,-0.643841827,0.001638743,cortex,mRNA,DOWN
PKD1P5-LOC105376752,-0.833200001,0.001663526,cortex,mRNA,DOWN
LOC729737,-0.887214597,0.001672966,cortex,mRNA,DOWN
GBP1P1,-0.885664697,0.001672966,cortex,mRNA,DOWN
CHKB-CPT1B,-0.55180974,0.001690139,cortex,mRNA,DOWN
TLE6,-0.816039402,0.001774878,cortex,mRNA,DOWN
CCDC114,-0.886530403,0.001784818,cortex,mRNA,DOWN
SNX29P2,-0.648523543,0.001824074,cortex,mRNA,DOWN
VWCE,-0.650082817,0.001826309,cortex,mRNA,DOWN
SNAPC4,-0.551843512,0.001827577,cortex,mRNA,DOWN
NUP62CL,-0.816255164,0.001863813,cortex,mRNA,DOWN
C15orf39,-0.512639237,0.001867261,cortex,mRNA,DOWN
NEK8,-0.643251044,0.00187193,cortex,mRNA,DOWN
SCNN1D,-0.685758645,0.001973729,cortex,mRNA,DOWN
ESPNP,-1.024992762,0.002017199,cortex,mRNA,DOWN
CROCC,-0.641683724,0.002052129,cortex,mRNA,DOWN
SOX7,-0.659069218,0.002113643,cortex,mRNA,DOWN
FAM71F1,-0.718452183,0.002143018,cortex,mRNA,DOWN
LINC01238,-0.703981896,0.002171958,cortex,mRNA,DOWN
GPRIN2,-0.80501075,0.002171958,cortex,mRNA,DOWN
NOD1,-0.578145949,0.002171958,cortex,mRNA,DOWN
CYSLTR2,-0.811368627,0.002171958,cortex,mRNA,DOWN
TMEM147-AS1,-0.527991743,0.002204735,cortex,mRNA,DOWN
PMFBP1,-0.6451816,0.002209378,cortex,mRNA,DOWN
PNPLA7,-0.702384291,0.002209378,cortex,mRNA,DOWN
PABPC1L,-0.603745488,0.002212439,cortex,mRNA,DOWN
OVGP1,-0.609700972,0.002220615,cortex,mRNA,DOWN
GUSBP11,-0.532754219,0.002268227,cortex,mRNA,DOWN
MEI1,-0.616939799,0.002269973,cortex,mRNA,DOWN
VGLL3,-0.848060681,0.002275341,cortex,mRNA,DOWN
TBX2,-0.952837821,0.002275341,cortex,mRNA,DOWN
COL22A1,-1.036305984,0.002275341,cortex,mRNA,DOWN
GPR84,-1.128499725,0.002324784,cortex,mRNA,DOWN
AFG3L1P,-0.588659032,0.002337479,cortex,mRNA,DOWN
THBS3,-0.627488126,0.002348496,cortex,mRNA,DOWN
NBEAL2,-0.697184563,0.002350532,cortex,mRNA,DOWN
HOTS,-1.240433235,0.002350532,cortex,mRNA,DOWN
TM6SF2,-0.709966519,0.002470157,cortex,mRNA,DOWN
C11orf96,-1.062486478,0.002513468,cortex,mRNA,DOWN
TNXB,-0.582369966,0.00256471,cortex,mRNA,DOWN
LINC01219,-1.212065772,0.00256471,cortex,mRNA,DOWN
CCDC57,-0.703226236,0.002574363,cortex,mRNA,DOWN
LOC729218,-0.565538569,0.002574363,cortex,mRNA,DOWN
TMEM220-AS1,-0.659235934,0.002596558,cortex,mRNA,DOWN
ZAP70,-0.848208557,0.002596558,cortex,mRNA,DOWN
ZMIZ1-AS1,-0.633847831,0.002596558,cortex,mRNA,DOWN
COL6A4P2,-0.665298157,0.002632866,cortex,mRNA,DOWN
ISYNA1,-0.590564969,0.002648176,cortex,mRNA,DOWN
SDHAP2,-0.564447579,0.002661304,cortex,mRNA,DOWN
LINC01833,-1.544938818,0.002661304,cortex,mRNA,DOWN
ADGRE1,-1.388555905,0.002661304,cortex,mRNA,DOWN
GIMAP5,-0.596719668,0.002661304,cortex,mRNA,DOWN
STPG3-AS1,-0.847898981,0.002661304,cortex,mRNA,DOWN
LILRB2,-0.969269527,0.002661304,cortex,mRNA,DOWN
ITGA2B,-0.698330593,0.002663509,cortex,mRNA,DOWN
ECHDC2,-0.510708859,0.002663509,cortex,mRNA,DOWN
IL15RA,-0.611017908,0.002704322,cortex,mRNA,DOWN
BEST4,-0.746360827,0.00271302,cortex,mRNA,DOWN
INHA,-0.816009887,0.00273408,cortex,mRNA,DOWN
MSH5,-0.70400929,0.00273408,cortex,mRNA,DOWN
TNFAIP3,-0.75744792,0.00273408,cortex,mRNA,DOWN
C10orf82,-0.58905064,0.002745904,cortex,mRNA,DOWN
WNT11,-0.798522799,0.002745904,cortex,mRNA,DOWN
CDC42EP5,-0.884227929,0.002746143,cortex,mRNA,DOWN
CXorf57,-0.576064826,0.002784736,cortex,mRNA,DOWN
FCN1,-1.051841021,0.002784736,cortex,mRNA,DOWN
MST1,-0.625410529,0.002784736,cortex,mRNA,DOWN
CARMN,-1.354145721,0.002789104,cortex,mRNA,DOWN
PCAT6,-0.599298331,0.002821424,cortex,mRNA,DOWN
THBD,-0.914409514,0.00282432,cortex,mRNA,DOWN
HSF4,-0.646497302,0.0028706,cortex,mRNA,DOWN
TBC1D26,-0.77249482,0.003054931,cortex,mRNA,DOWN
MYL5,-0.71218012,0.003054931,cortex,mRNA,DOWN
RAD9A,-0.535067415,0.003054931,cortex,mRNA,DOWN
NLRP1,-0.697969081,0.003076265,cortex,mRNA,DOWN
DPH6-AS1,0.536608804,0.003135234,cortex,mRNA,UP
TRIM73,-0.866483802,0.003200955,cortex,mRNA,DOWN
OSM,-1.023857813,0.003214304,cortex,mRNA,DOWN
PLEKHG2,-0.75923676,0.003215546,cortex,mRNA,DOWN
SLC1A7,-1.290010901,0.003252174,cortex,mRNA,DOWN
SPAG6,-0.671999244,0.003252174,cortex,mRNA,DOWN
LCN12,-0.665109129,0.003261674,cortex,mRNA,DOWN
CYP2D7,-0.822618249,0.003262283,cortex,mRNA,DOWN
SLC4A11,-0.686922842,0.003262283,cortex,mRNA,DOWN
REELD1,-0.966103945,0.003262283,cortex,mRNA,DOWN
SLC13A5,-0.765378593,0.003265645,cortex,mRNA,DOWN
ISM1,-0.705716536,0.003302481,cortex,mRNA,DOWN
C1QTNF1,-0.818016062,0.003302481,cortex,mRNA,DOWN
AGER,-0.748362772,0.003323382,cortex,mRNA,DOWN
HMCN2,-0.919567301,0.003323382,cortex,mRNA,DOWN
NXNL2,-0.695774198,0.00333777,cortex,mRNA,DOWN
SARDH,-0.522842662,0.003397565,cortex,mRNA,DOWN
ITIH4,-0.821538668,0.003397565,cortex,mRNA,DOWN
LPA,-0.685436896,0.003397565,cortex,mRNA,DOWN
NAGS,-0.795272486,0.003414523,cortex,mRNA,DOWN
HERC2P4,-0.882511724,0.003431711,cortex,mRNA,DOWN
VWA3A,-0.789981892,0.003473521,cortex,mRNA,DOWN
TTC21A,-0.609658732,0.003473521,cortex,mRNA,DOWN
PLIN5,-0.607434399,0.003578384,cortex,mRNA,DOWN
FLJ30901,-0.942355913,0.003712001,cortex,mRNA,DOWN
KLHL1,-0.570259925,0.00375882,cortex,mRNA,DOWN
AQP7P1,-1.014100126,0.003830365,cortex,mRNA,DOWN
SCX,-0.686203163,0.003901113,cortex,mRNA,DOWN
SCN9A,-0.57329855,0.003950017,cortex,mRNA,DOWN
MYO3B,-0.750691652,0.004049228,cortex,mRNA,DOWN
MICALL2,-0.727433412,0.004068278,cortex,mRNA,DOWN
PBX4,-0.650855377,0.004081209,cortex,mRNA,DOWN
JMJD7-PLA2G4B,-0.643826343,0.004081209,cortex,mRNA,DOWN
ACHE,-0.592712761,0.004081209,cortex,mRNA,DOWN
MMP25-AS1,-0.66201033,0.004096295,cortex,mRNA,DOWN
SH3D21,-0.667136278,0.004159576,cortex,mRNA,DOWN
ARHGAP8,-0.853672152,0.004192181,cortex,mRNA,DOWN
LOC100133331,-0.724324767,0.004266736,cortex,mRNA,DOWN
HCRTR1,-1.072434416,0.004327842,cortex,mRNA,DOWN
OAZ3,-0.532384593,0.004327852,cortex,mRNA,DOWN
TARP,-0.903041852,0.004368837,cortex,mRNA,DOWN
VTN,-0.686425038,0.004368837,cortex,mRNA,DOWN
COL4A3,-0.693590513,0.004379502,cortex,mRNA,DOWN
SCARF2,-0.509646521,0.004379502,cortex,mRNA,DOWN
LRRC56,-0.607947912,0.004379502,cortex,mRNA,DOWN
SFTPA2,-0.817424317,0.004379502,cortex,mRNA,DOWN
LRRC74B,-0.9587185,0.004381553,cortex,mRNA,DOWN
UPK3B,-0.810874054,0.00445208,cortex,mRNA,DOWN
FLJ45513,-0.716774924,0.004537323,cortex,mRNA,DOWN
PKD1,-0.657684432,0.004563559,cortex,mRNA,DOWN
SNORA67,-0.566400396,0.00457083,cortex,mRNA,DOWN
ARHGAP6,-0.5138592,0.004659301,cortex,mRNA,DOWN
RGS11,-0.639449206,0.004666758,cortex,mRNA,DOWN
LOC155060,-0.599325855,0.004741337,cortex,mRNA,DOWN
PLA2G4B,-0.719640605,0.004748902,cortex,mRNA,DOWN
LINC01237,-0.640612605,0.00477412,cortex,mRNA,DOWN
ACTA1,-0.598460141,0.004908358,cortex,mRNA,DOWN
TEAD3,-0.659314625,0.004908358,cortex,mRNA,DOWN
SECTM1,-1.072192326,0.004943278,cortex,mRNA,DOWN
LOC339685,-0.998435702,0.004943278,cortex,mRNA,DOWN
TMEM191C,-0.548914736,0.004943278,cortex,mRNA,DOWN
PKD1P3-NPIPA1,-0.619843751,0.004943278,cortex,mRNA,DOWN
PRF1,-1.048351031,0.004943278,cortex,mRNA,DOWN
TEKT2,-0.611185253,0.004997579,cortex,mRNA,DOWN
SLC26A10,-0.926666466,0.005046212,cortex,mRNA,DOWN
PON3,-0.692218109,0.005046212,cortex,mRNA,DOWN
TMOD4,-0.75681699,0.005067369,cortex,mRNA,DOWN
VAT1L,-0.570712588,0.005071033,cortex,mRNA,DOWN
EXTL3-AS1,-0.537717568,0.005135461,cortex,mRNA,DOWN
RASA4B,-0.570808205,0.005249407,cortex,mRNA,DOWN
ANKRD2,0.793415996,0.005391891,cortex,mRNA,UP
C20orf204,-0.732294148,0.005420928,cortex,mRNA,DOWN
LAMA5,-0.736074534,0.005421194,cortex,mRNA,DOWN
DNAAF1,-0.642579823,0.005568512,cortex,mRNA,DOWN
GIMAP1-GIMAP5,-0.527834736,0.00565605,cortex,mRNA,DOWN
NSUN5P1,-0.542828498,0.00569838,cortex,mRNA,DOWN
LINC01396,-0.826072675,0.005804411,cortex,mRNA,DOWN
VENTX,-1.115238939,0.005804411,cortex,mRNA,DOWN
LOC101928266,-0.944119354,0.005851927,cortex,mRNA,DOWN
DLL4,-0.7986361,0.005863148,cortex,mRNA,DOWN
PCOLCE2,-0.830575161,0.005865462,cortex,mRNA,DOWN
TAF1C,-0.538608976,0.005865462,cortex,mRNA,DOWN
NLRP2B,-0.534152101,0.005865462,cortex,mRNA,DOWN
LMO2,-0.533036646,0.005896952,cortex,mRNA,DOWN
ZSCAN1,-0.677057392,0.005979256,cortex,mRNA,DOWN
LOC150776,-0.574020478,0.006015501,cortex,mRNA,DOWN
ANGPT1,0.865112008,0.006057012,cortex,mRNA,UP
CFAP74,-0.66175483,0.00610586,cortex,mRNA,DOWN
PTOV1-AS2,-0.709177066,0.00610586,cortex,mRNA,DOWN
GGT1,-0.598263308,0.00610586,cortex,mRNA,DOWN
GPR78,-0.853485704,0.00610586,cortex,mRNA,DOWN
CA12,-0.713352589,0.006110079,cortex,mRNA,DOWN
CYP21A1P,-0.869935059,0.006161598,cortex,mRNA,DOWN
DRC3,-0.612878873,0.006161598,cortex,mRNA,DOWN
STC1,-1.312331771,0.006190537,cortex,mRNA,DOWN
RHOH,-0.829415419,0.006295076,cortex,mRNA,DOWN
TEKT5,-0.838115772,0.006295076,cortex,mRNA,DOWN
LINC01529,-0.676764755,0.006406568,cortex,mRNA,DOWN
LINC01679,-0.628812953,0.006411895,cortex,mRNA,DOWN
HSP90AA1,0.560078636,0.006416967,cortex,mRNA,UP
SLC19A3,-0.564271304,0.006416967,cortex,mRNA,DOWN
CERS3,-0.692147076,0.006416967,cortex,mRNA,DOWN
ADAMTS7P1,-0.854677767,0.006416967,cortex,mRNA,DOWN
CPA4,-0.674611442,0.006464585,cortex,mRNA,DOWN
SNORD116-4,-0.54197001,0.006545857,cortex,mRNA,DOWN
CCDC183-AS1,-0.569763403,0.006613879,cortex,mRNA,DOWN
EFCAB6-AS1,-0.721432474,0.006725455,cortex,mRNA,DOWN
NPIPA5,-0.910115621,0.006905322,cortex,mRNA,DOWN
RSPH4A,-0.70904035,0.006954942,cortex,mRNA,DOWN
EFCC1,-0.604390393,0.006956035,cortex,mRNA,DOWN
HLA-C,-0.515720146,0.00707207,cortex,mRNA,DOWN
PLEKHM1P1,-0.562348518,0.007107242,cortex,mRNA,DOWN
ANO1,-0.651529934,0.007107242,cortex,mRNA,DOWN
LINC02245,-0.77292955,0.007160216,cortex,mRNA,DOWN
CORO6,-0.766949158,0.007336742,cortex,mRNA,DOWN
NEIL1,-0.616815411,0.007351865,cortex,mRNA,DOWN
HKDC1,-0.763241678,0.007360279,cortex,mRNA,DOWN
LOC100288162,-1.37500655,0.007396472,cortex,mRNA,DOWN
DNAH2,-0.705766655,0.007396472,cortex,mRNA,DOWN
ABCG2,-0.621626273,0.007471932,cortex,mRNA,DOWN
MX2,-0.622575635,0.007474243,cortex,mRNA,DOWN
CD69,-1.060950319,0.007513411,cortex,mRNA,DOWN
P3H3,-0.68043377,0.007534354,cortex,mRNA,DOWN
BRICD5,-0.635798912,0.007732634,cortex,mRNA,DOWN
CCR10,-0.552938692,0.007764866,cortex,mRNA,DOWN
FGF17,-0.922903157,0.007764866,cortex,mRNA,DOWN
KCNG4,-0.855841156,0.007849971,cortex,mRNA,DOWN
TNFSF10,-0.71025268,0.007951601,cortex,mRNA,DOWN
LOC102723753,-0.960879368,0.007956914,cortex,mRNA,DOWN
OPLAH,-0.535458441,0.008059727,cortex,mRNA,DOWN
ARL17B,0.69625325,0.008152031,cortex,mRNA,UP
CFAP73,-0.768230679,0.008179681,cortex,mRNA,DOWN
TMC2,-0.619143365,0.008251048,cortex,mRNA,DOWN
LAT,-0.755787202,0.008255761,cortex,mRNA,DOWN
TMEM61,-0.816119042,0.008255761,cortex,mRNA,DOWN
CYP2S1,-0.620135929,0.008318864,cortex,mRNA,DOWN
PDGFRB,-0.562254355,0.008342627,cortex,mRNA,DOWN
SHH,-0.552854774,0.008354658,cortex,mRNA,DOWN
MICAL1,-0.54606614,0.008466434,cortex,mRNA,DOWN
PTCH2,-0.672037082,0.008466434,cortex,mRNA,DOWN
DRD2,-0.652037934,0.008488872,cortex,mRNA,DOWN
TUBA3FP,-0.54920595,0.008488872,cortex,mRNA,DOWN
DLEC1,-0.777395141,0.008519003,cortex,mRNA,DOWN
SLC12A5-AS1,-0.579857863,0.008611365,cortex,mRNA,DOWN
SNORD116-22,-0.554993932,0.008616668,cortex,mRNA,DOWN
LOC100506271,-0.776713206,0.008637536,cortex,mRNA,DOWN
PIF1,-0.527236739,0.008637536,cortex,mRNA,DOWN
NPIPB3,-0.67105021,0.008637571,cortex,mRNA,DOWN
TNFRSF6B,-0.822847131,0.008654937,cortex,mRNA,DOWN
MUC1,-0.872239756,0.008682105,cortex,mRNA,DOWN
IL21R,-1.272813618,0.008682105,cortex,mRNA,DOWN
CLASRP,-0.532214645,0.008682105,cortex,mRNA,DOWN
LOC100130283,-0.645979868,0.008817382,cortex,mRNA,DOWN
ATP4A,-0.91046211,0.009017218,cortex,mRNA,DOWN
IER3,-0.644184598,0.009072472,cortex,mRNA,DOWN
AQP7P3,-0.824416133,0.009100694,cortex,mRNA,DOWN
TFAP2E,-0.64778466,0.009110402,cortex,mRNA,DOWN
CCDC36,-0.709003364,0.009146639,cortex,mRNA,DOWN
SUSD2,-0.9303993,0.00918402,cortex,mRNA,DOWN
DNAI1,-0.585911519,0.009287696,cortex,mRNA,DOWN
LCNL1,-0.815117531,0.00946935,cortex,mRNA,DOWN
CALB2,-0.779820162,0.009518701,cortex,mRNA,DOWN
MATN3,-0.715312272,0.009556921,cortex,mRNA,DOWN
GRP,-0.973496085,0.009672279,cortex,mRNA,DOWN
CECR7,-0.511012705,0.009777335,cortex,mRNA,DOWN
PAPPA,-0.655741237,0.009874553,cortex,mRNA,DOWN
ADAMTSL4-AS1,-0.7013972,0.009874553,cortex,mRNA,DOWN
H1FX-AS1,-0.518655607,0.009973549,cortex,mRNA,DOWN
MIR1914,-0.791575663,0.010108509,cortex,mRNA,DOWN
AFAP1-AS1,0.638553507,0.010168417,cortex,mRNA,UP
MIR4292,-0.648820049,0.010169699,cortex,mRNA,DOWN
GUCY2C,-0.728339986,0.010493913,cortex,mRNA,DOWN
HS3ST3B1,-0.76439116,0.010493913,cortex,mRNA,DOWN
CFAP65,-0.543254027,0.010493913,cortex,mRNA,DOWN
MOV10L1,-0.552092561,0.010493913,cortex,mRNA,DOWN
LINC01000,-0.577698888,0.010493913,cortex,mRNA,DOWN
SNORD115-6,-0.77534077,0.010493913,cortex,mRNA,DOWN
SNTG2,-0.619454098,0.010493913,cortex,mRNA,DOWN
C19orf18,-0.628021769,0.010493913,cortex,mRNA,DOWN
CEACAM19,-0.626305332,0.01059976,cortex,mRNA,DOWN
ANKRD20A19P,-1.053497847,0.01059976,cortex,mRNA,DOWN
LTB4R,-0.534139784,0.010844624,cortex,mRNA,DOWN
MST1P2,-0.585455821,0.010970871,cortex,mRNA,DOWN
WDR93,-0.650667575,0.011042831,cortex,mRNA,DOWN
CHRNB3,-0.601690046,0.011126926,cortex,mRNA,DOWN
GPR146,-0.513507694,0.011163784,cortex,mRNA,DOWN
GOLGA6B,-0.783041671,0.011163784,cortex,mRNA,DOWN
GRAP,-0.581383073,0.011169039,cortex,mRNA,DOWN
TNRC18P1,-0.638703202,0.011169039,cortex,mRNA,DOWN
TBC1D3G,-0.649766892,0.011229614,cortex,mRNA,DOWN
RIMBP3,-0.626885602,0.011257895,cortex,mRNA,DOWN
SEMA5B,-0.519490842,0.011274153,cortex,mRNA,DOWN
NKAIN1,0.669514828,0.011306748,cortex,mRNA,UP
FAM83G,-0.623579936,0.011389033,cortex,mRNA,DOWN
CFAP46,-0.667662801,0.01141518,cortex,mRNA,DOWN
LINC01588,-0.732628012,0.01141518,cortex,mRNA,DOWN
CEACAM21,-0.737073643,0.011429454,cortex,mRNA,DOWN
FGFR4,-0.765554265,0.011429454,cortex,mRNA,DOWN
ADAMTS9,-0.860183548,0.011429454,cortex,mRNA,DOWN
MUSTN1,-0.694613099,0.011429454,cortex,mRNA,DOWN
MEGF6,-0.632035568,0.011429454,cortex,mRNA,DOWN
LOC100506472,-0.504244487,0.011429454,cortex,mRNA,DOWN
AURKC,-0.574459225,0.011483508,cortex,mRNA,DOWN
LENG8-AS1,-0.521849619,0.011483508,cortex,mRNA,DOWN
DBH-AS1,-0.555992248,0.011522393,cortex,mRNA,DOWN
FOXD1,-0.996988635,0.011522393,cortex,mRNA,DOWN
STRC,-0.74784999,0.01153379,cortex,mRNA,DOWN
SLCO2A1,-0.64038037,0.01153379,cortex,mRNA,DOWN
CES3,-0.519272922,0.01153379,cortex,mRNA,DOWN
CPT1B,-0.639721451,0.011588133,cortex,mRNA,DOWN
ARRDC2,0.924517584,0.011820188,cortex,mRNA,UP
TRDN,-0.696751379,0.011820188,cortex,mRNA,DOWN
RSPH9,-0.688313618,0.011820188,cortex,mRNA,DOWN
POLR2J2,-0.560343448,0.011820188,cortex,mRNA,DOWN
SLC25A25-AS1,-0.64605763,0.011986461,cortex,mRNA,DOWN
LEFTY1,-0.516072522,0.012047904,cortex,mRNA,DOWN
PRSS53,-0.614599256,0.012048702,cortex,mRNA,DOWN
HCP5B,-0.69902914,0.01213765,cortex,mRNA,DOWN
IFI44,-0.509230246,0.012248715,cortex,mRNA,DOWN
ALKAL2,-0.652125608,0.01230905,cortex,mRNA,DOWN
CYP2B7P,-0.56383289,0.01230905,cortex,mRNA,DOWN
CMAHP,-0.519795986,0.012310043,cortex,mRNA,DOWN
ARHGAP27P1,-0.604174765,0.012357993,cortex,mRNA,DOWN
PODN,-0.587698425,0.012389681,cortex,mRNA,DOWN
SNORA92,-0.576115916,0.012440604,cortex,mRNA,DOWN
SNORA68B,-0.77542181,0.012440604,cortex,mRNA,DOWN
LOC93429,-0.552192916,0.012441822,cortex,mRNA,DOWN
EPCAM,-0.741583851,0.012496071,cortex,mRNA,DOWN
RERGL,-0.752619729,0.012500305,cortex,mRNA,DOWN
ZC3H18-AS1,-0.688141014,0.012500305,cortex,mRNA,DOWN
SLC29A2,-0.515640744,0.012500305,cortex,mRNA,DOWN
AIRE,-0.725011529,0.01253863,cortex,mRNA,DOWN
RSPO4,-0.680297613,0.012661445,cortex,mRNA,DOWN
LINC00893,-0.587467827,0.012683357,cortex,mRNA,DOWN
CCDC40,-0.505298573,0.012693313,cortex,mRNA,DOWN
FAM86HP,-0.579821793,0.012772348,cortex,mRNA,DOWN
MIR6859-4,-0.677854041,0.012772348,cortex,mRNA,DOWN
LOC100506885,-0.702193919,0.012966807,cortex,mRNA,DOWN
LOC653160,-0.549237429,0.012978074,cortex,mRNA,DOWN
MROH7,-0.56583236,0.013027648,cortex,mRNA,DOWN
DMKN,-0.520333325,0.013056557,cortex,mRNA,DOWN
PGF,-0.705032578,0.013166319,cortex,mRNA,DOWN
C1QTNF12,-0.808894403,0.013176632,cortex,mRNA,DOWN
SLC25A34,-0.588793205,0.013219175,cortex,mRNA,DOWN
TMEM225B,-0.688972465,0.013305854,cortex,mRNA,DOWN
TBC1D3C,-0.60284296,0.013305854,cortex,mRNA,DOWN
LINC01954,-0.820143693,0.013439108,cortex,mRNA,DOWN
PRSS55,-0.8515716,0.013525906,cortex,mRNA,DOWN
CRABP2,-0.608482687,0.013555656,cortex,mRNA,DOWN
COL5A1,-0.752845004,0.013563972,cortex,mRNA,DOWN
LPAR2,-0.521742138,0.01380461,cortex,mRNA,DOWN
STK36,-0.514780307,0.013806367,cortex,mRNA,DOWN
TREM1,-0.969973905,0.014120476,cortex,mRNA,DOWN
SPAG4,-0.513590449,0.014513684,cortex,mRNA,DOWN
EME2,-0.592453989,0.014513684,cortex,mRNA,DOWN
MXD3,-0.583141118,0.014513684,cortex,mRNA,DOWN
HDAC7,-0.509481422,0.014523432,cortex,mRNA,DOWN
GLRA2,-0.520599764,0.014763177,cortex,mRNA,DOWN
PHF21B,-0.532649663,0.014911809,cortex,mRNA,DOWN
RUSC1-AS1,-0.557641835,0.015475783,cortex,mRNA,DOWN
LOC102724612,-0.606717538,0.015576108,cortex,mRNA,DOWN
FER1L5,-0.680834109,0.015586282,cortex,mRNA,DOWN
SLC38A5,-0.685983206,0.015677009,cortex,mRNA,DOWN
CD81-AS1,-0.553538429,0.015682937,cortex,mRNA,DOWN
FBN3,-0.682671339,0.015727876,cortex,mRNA,DOWN
COL25A1,-0.562518806,0.015902478,cortex,mRNA,DOWN
SULT1A4,-0.633958038,0.015913468,cortex,mRNA,DOWN
LOC284395,-0.518087024,0.015913468,cortex,mRNA,DOWN
GPC3,-0.805173459,0.016040554,cortex,mRNA,DOWN
SLC6A16,-0.503839005,0.016126545,cortex,mRNA,DOWN
CDHR2,-0.53662689,0.016126545,cortex,mRNA,DOWN
PLAT,-0.520039737,0.016266046,cortex,mRNA,DOWN
PAUPAR,-0.659814643,0.01626787,cortex,mRNA,DOWN
TNFRSF10D,-0.712544544,0.016374425,cortex,mRNA,DOWN
ID2-AS1,0.511273576,0.016522793,cortex,mRNA,UP
SRRM3,-0.559775083,0.016665913,cortex,mRNA,DOWN
ATP2C2-AS1,-0.531321111,0.016858755,cortex,mRNA,DOWN
SCART1,-0.686063819,0.016988605,cortex,mRNA,DOWN
MIR6511B1,-0.572090917,0.017051701,cortex,mRNA,DOWN
MIG7,-0.643964505,0.017075548,cortex,mRNA,DOWN
TNFRSF10A,-0.545938153,0.017137318,cortex,mRNA,DOWN
SNORD116-16,-0.529973292,0.017199058,cortex,mRNA,DOWN
IL21R-AS1,-0.795395353,0.017230646,cortex,mRNA,DOWN
LOC101929679,-0.621984987,0.017457064,cortex,mRNA,DOWN
PRLHR,-0.572264474,0.017488763,cortex,mRNA,DOWN
CYP2G1P,-0.540786167,0.017488763,cortex,mRNA,DOWN
TREML1,-0.722279456,0.017564848,cortex,mRNA,DOWN
MLXIPL,-0.537124802,0.017737592,cortex,mRNA,DOWN
HERC2P2,-0.595478735,0.017790513,cortex,mRNA,DOWN
MECOM,-0.602296899,0.017925826,cortex,mRNA,DOWN
CHODL,-0.580784443,0.017952375,cortex,mRNA,DOWN
C9orf50,-0.569287304,0.018137667,cortex,mRNA,DOWN
IRF4,-0.804020662,0.018396477,cortex,mRNA,DOWN
VWF,-0.684793361,0.018396477,cortex,mRNA,DOWN
LINC00106,-0.736933314,0.018396477,cortex,mRNA,DOWN
SNORD62A,-0.607564332,0.018396477,cortex,mRNA,DOWN
SNORD62B,-0.607564332,0.018396477,cortex,mRNA,DOWN
UPK3BL1,-0.524429301,0.018408982,cortex,mRNA,DOWN
LOC100294362,-0.501956635,0.018558612,cortex,mRNA,DOWN
ARHGEF16,-0.62622301,0.018664582,cortex,mRNA,DOWN
IRF1,-0.628276144,0.018717689,cortex,mRNA,DOWN
MYO18B,-0.537261253,0.018727946,cortex,mRNA,DOWN
EFCAB12,-0.604139964,0.018806147,cortex,mRNA,DOWN
ADCY4,-0.783537365,0.018818746,cortex,mRNA,DOWN
CRACR2B,-0.565069667,0.018832058,cortex,mRNA,DOWN
IQCF3,-0.729853248,0.01894053,cortex,mRNA,DOWN
FER1L4,-0.737802013,0.019455787,cortex,mRNA,DOWN
GGT5,-0.828589388,0.019566602,cortex,mRNA,DOWN
BTBD19,-0.554500027,0.01960928,cortex,mRNA,DOWN
PRSS56,-0.729396793,0.019631594,cortex,mRNA,DOWN
MIR711,-0.795687005,0.019642822,cortex,mRNA,DOWN
CYP21A2,-0.744198699,0.019642822,cortex,mRNA,DOWN
PROM2,-0.577368341,0.019789308,cortex,mRNA,DOWN
C20orf203,-0.652555652,0.019789308,cortex,mRNA,DOWN
LOC391322,-0.915544683,0.019789308,cortex,mRNA,DOWN
ZSWIM8-AS1,-0.580278144,0.019978652,cortex,mRNA,DOWN
ZNF296,-0.552057255,0.020054305,cortex,mRNA,DOWN
TRIM74,-0.62504164,0.020078703,cortex,mRNA,DOWN
PRO1804,-0.505618535,0.020078703,cortex,mRNA,DOWN
VAX2,-0.606669578,0.020085041,cortex,mRNA,DOWN
ARTN,-0.606582056,0.020121391,cortex,mRNA,DOWN
C11orf21,-0.779322896,0.020153639,cortex,mRNA,DOWN
MTFR2,-0.631537011,0.020456959,cortex,mRNA,DOWN
ITGB3,-0.645456563,0.020456959,cortex,mRNA,DOWN
PM20D1,-0.830785191,0.020456959,cortex,mRNA,DOWN
SNORD115-22,-0.629549581,0.020472112,cortex,mRNA,DOWN
CCER2,-0.602186148,0.020585438,cortex,mRNA,DOWN
CES5AP1,-0.688061858,0.020659211,cortex,mRNA,DOWN
MMEL1,-0.770831631,0.020729853,cortex,mRNA,DOWN
TTC16,-0.581613309,0.020955099,cortex,mRNA,DOWN
TGM1,-0.691790341,0.021028455,cortex,mRNA,DOWN
CFP,-0.657315446,0.021028455,cortex,mRNA,DOWN
CXCL10,-1.48192428,0.021079344,cortex,mRNA,DOWN
CFB,-0.719478434,0.021310326,cortex,mRNA,DOWN
HEYL,-0.684789382,0.021317871,cortex,mRNA,DOWN
ADAMTS7,-0.685313749,0.021317871,cortex,mRNA,DOWN
DRD4,-0.681955011,0.021317871,cortex,mRNA,DOWN
LSR,-0.656228229,0.021317871,cortex,mRNA,DOWN
RNF207,-0.623783193,0.021343979,cortex,mRNA,DOWN
FABP6,-0.544769548,0.02134506,cortex,mRNA,DOWN
LINC00652,0.519277396,0.02134506,cortex,mRNA,UP
TLX2,-0.649885023,0.021436096,cortex,mRNA,DOWN
TRIM7,-0.552491159,0.021566389,cortex,mRNA,DOWN
NOXO1,-0.590567297,0.021569499,cortex,mRNA,DOWN
CISH,-0.808327468,0.021620986,cortex,mRNA,DOWN
PLAC9,-0.680979396,0.021620986,cortex,mRNA,DOWN
SPAAR,-0.641387111,0.021736087,cortex,mRNA,DOWN
THNSL2,-0.715554031,0.022000004,cortex,mRNA,DOWN
AMER2,0.513002513,0.022000004,cortex,mRNA,UP
FAM153B,-0.632679143,0.022000004,cortex,mRNA,DOWN
GCKR,-0.569120352,0.022216225,cortex,mRNA,DOWN
B4GALNT3,-0.612522578,0.022216225,cortex,mRNA,DOWN
NPIPB5,-0.619272546,0.022313298,cortex,mRNA,DOWN
MYBPC2,-0.709025594,0.02233638,cortex,mRNA,DOWN
SNORA55,-0.514909949,0.022398017,cortex,mRNA,DOWN
ICAM1,-0.772206695,0.022495648,cortex,mRNA,DOWN
SVIL,-0.507617849,0.022586447,cortex,mRNA,DOWN
EPS8L2,-0.525630588,0.022765745,cortex,mRNA,DOWN
CLDN34,-0.683169547,0.023010905,cortex,mRNA,DOWN
GPX3,-0.565355294,0.023010905,cortex,mRNA,DOWN
C1orf116,-0.539876131,0.023043128,cortex,mRNA,DOWN
LOC653786,-0.518659921,0.023249293,cortex,mRNA,DOWN
CENPM,-0.649700773,0.023312608,cortex,mRNA,DOWN
TMEM52,-0.620189144,0.023554361,cortex,mRNA,DOWN
TIE1,-0.60327022,0.023574624,cortex,mRNA,DOWN
NPIPA8,-0.666770242,0.0236341,cortex,mRNA,DOWN
COL20A1,-0.609117068,0.023765206,cortex,mRNA,DOWN
PLAUR,-0.587840304,0.023793935,cortex,mRNA,DOWN
CATIP,-0.656597052,0.024034887,cortex,mRNA,DOWN
SLC46A2,-0.70683801,0.024049793,cortex,mRNA,DOWN
LAMP2,0.579086865,0.024581784,cortex,mRNA,UP
GOLGA8B,-0.57306556,0.024769405,cortex,mRNA,DOWN
SPDYE1,-0.735641533,0.025180963,cortex,mRNA,DOWN
IKZF2,0.512500565,0.02524677,cortex,mRNA,UP
LOC285097,-0.500032571,0.025761584,cortex,mRNA,DOWN
ZNF708,0.54022228,0.025832646,cortex,mRNA,UP
CRYAB,0.951464189,0.026005457,cortex,mRNA,UP
UBQLNL,-0.710409031,0.026021215,cortex,mRNA,DOWN
ESAM,-0.534231996,0.026204841,cortex,mRNA,DOWN
HCP5,-0.545570318,0.026204841,cortex,mRNA,DOWN
SPTBN5,-0.561742041,0.026209138,cortex,mRNA,DOWN
MKRN7P,-0.586983957,0.026310881,cortex,mRNA,DOWN
ZNF541,-0.55326977,0.026327158,cortex,mRNA,DOWN
LOC100505635,-0.730103052,0.02648513,cortex,mRNA,DOWN
STRCP1,-0.698126325,0.026505919,cortex,mRNA,DOWN
ACSL5,-0.542431463,0.026874822,cortex,mRNA,DOWN
SNORA53,-0.574003119,0.026891838,cortex,mRNA,DOWN
IP6K3,1.13287885,0.027222179,cortex,mRNA,UP
ARHGAP27P2,-0.593561651,0.027300775,cortex,mRNA,DOWN
SRPK3,-0.547497384,0.027424947,cortex,mRNA,DOWN
IGSF9B,-0.513559893,0.027463307,cortex,mRNA,DOWN
SLC6A12,-0.577345301,0.027466148,cortex,mRNA,DOWN
PTPRVP,-0.731030984,0.027571418,cortex,mRNA,DOWN
MIRLET7A2,0.872720096,0.027588815,cortex,mRNA,UP
TRIM17,-0.598610885,0.027685538,cortex,mRNA,DOWN
HMCN1,-0.553738826,0.027779798,cortex,mRNA,DOWN
PNMT,-0.555060899,0.027854227,cortex,mRNA,DOWN
ASMTL-AS1,-0.647918762,0.028195062,cortex,mRNA,DOWN
LINC01770,-0.670507377,0.02833497,cortex,mRNA,DOWN
FSCN2,-0.540115698,0.028525106,cortex,mRNA,DOWN
GAL3ST2,-0.527427298,0.028610679,cortex,mRNA,DOWN
PIDD1,-0.548369023,0.028881418,cortex,mRNA,DOWN
LINC01310,-0.559977852,0.028882694,cortex,mRNA,DOWN
FAM27C,-0.633065267,0.02929843,cortex,mRNA,DOWN
LOC653712,-0.537032335,0.029463192,cortex,mRNA,DOWN
SNORD115-4,-0.651334084,0.029642027,cortex,mRNA,DOWN
CXorf67,-0.565759253,0.030086924,cortex,mRNA,DOWN
TCP11,-0.582941258,0.03033044,cortex,mRNA,DOWN
GOLGA6L3,-0.7714461,0.0303776,cortex,mRNA,DOWN
RNVU1-19,-0.804693372,0.03049649,cortex,mRNA,DOWN
TTC22,-0.613192401,0.030633537,cortex,mRNA,DOWN
LINC02150,-0.564409021,0.030656795,cortex,mRNA,DOWN
UCP3,-0.519588475,0.030677175,cortex,mRNA,DOWN
SCG2,-0.516210827,0.030717577,cortex,mRNA,DOWN
MIR5690,0.833918243,0.031035653,cortex,mRNA,UP
NDUFA4L2,-0.621897295,0.031200799,cortex,mRNA,DOWN
FAM86B3P,-0.592846143,0.031323758,cortex,mRNA,DOWN
LOC102724596,0.837381882,0.031329484,cortex,mRNA,UP
SLC22A18,-0.507108204,0.031402468,cortex,mRNA,DOWN
ADARB2-AS1,-0.909597041,0.031447592,cortex,mRNA,DOWN
SH3GL1P2,-0.89341331,0.031447592,cortex,mRNA,DOWN
LEF1,-0.583595764,0.031476405,cortex,mRNA,DOWN
HES4,-0.525992451,0.031549622,cortex,mRNA,DOWN
CYP4A11,-0.684467495,0.031626428,cortex,mRNA,DOWN
LOC101930094,-0.577227563,0.031626428,cortex,mRNA,DOWN
TMEM171,0.894956563,0.031695982,cortex,mRNA,UP
ADAM33,-0.752668939,0.03177896,cortex,mRNA,DOWN
PRKXP1,-0.567299041,0.031981446,cortex,mRNA,DOWN
PRR22,-0.523060636,0.032483937,cortex,mRNA,DOWN
SLC26A5,-0.755234915,0.032571459,cortex,mRNA,DOWN
TNFRSF10C,-0.617561684,0.032958342,cortex,mRNA,DOWN
THBS2,0.642629479,0.033017901,cortex,mRNA,UP
ATP6V1C2,-0.59800907,0.033161784,cortex,mRNA,DOWN
HPGD,-0.569357736,0.033386374,cortex,mRNA,DOWN
CHI3L2,1.988997782,0.033405104,cortex,mRNA,UP
GNB3,-0.678264778,0.033588634,cortex,mRNA,DOWN
SLC7A9,-0.635749862,0.033614076,cortex,mRNA,DOWN
CLDN5,-0.614575168,0.033674827,cortex,mRNA,DOWN
TTLL6,-0.520472377,0.033705528,cortex,mRNA,DOWN
CT55,-0.911415549,0.033745855,cortex,mRNA,DOWN
PILRB,-0.533817748,0.033855176,cortex,mRNA,DOWN
F11,-0.690098697,0.033953821,cortex,mRNA,DOWN
LINC01494,-0.533272958,0.033953824,cortex,mRNA,DOWN
LOC100288637,2.186406843,0.034302109,cortex,mRNA,UP
MYRFL,0.86789144,0.034383855,cortex,mRNA,UP
NOD2,-0.757820085,0.034389677,cortex,mRNA,DOWN
ASGR2,-0.525220961,0.034590774,cortex,mRNA,DOWN
WIF1,-0.679683582,0.034664812,cortex,mRNA,DOWN
MAPK15,-0.910591591,0.034664812,cortex,mRNA,DOWN
IL2RG,-0.696961888,0.034707381,cortex,mRNA,DOWN
LINC00958,-0.594444971,0.03475634,cortex,mRNA,DOWN
FNDC1,-0.67699802,0.034799061,cortex,mRNA,DOWN
ITGA10,-0.706557341,0.034927416,cortex,mRNA,DOWN
HELZ2,-0.5029279,0.035152482,cortex,mRNA,DOWN
MYO1G,-0.862423714,0.035184645,cortex,mRNA,DOWN
RHOXF1-AS1,-1.091939353,0.035310917,cortex,mRNA,DOWN
MIR1273H,-0.675893851,0.03547819,cortex,mRNA,DOWN
LINC00266-1,-0.508906959,0.03547819,cortex,mRNA,DOWN
TM4SF1,-0.583191433,0.035497503,cortex,mRNA,DOWN
SGK1,0.653071415,0.035541957,cortex,mRNA,UP
SOX18,-0.657411448,0.035557251,cortex,mRNA,DOWN
CEL,-0.695796959,0.035557251,cortex,mRNA,DOWN
IGFBP5,0.684010695,0.03555786,cortex,mRNA,UP
C2orf88,0.588013477,0.035571836,cortex,mRNA,UP
PEAR1,-0.688425809,0.035780415,cortex,mRNA,DOWN
SNORA57,-0.788512967,0.03595284,cortex,mRNA,DOWN
CYTH4,-0.564262011,0.035976685,cortex,mRNA,DOWN
SLC7A2,0.616854684,0.036096055,cortex,mRNA,UP
KLK10,-0.661212066,0.036479936,cortex,mRNA,DOWN
DCST2,-0.596138682,0.036619409,cortex,mRNA,DOWN
LINC01814,-0.642546489,0.036639695,cortex,mRNA,DOWN
KCND3-IT1,-0.640445982,0.036721086,cortex,mRNA,DOWN
NOTCH3,-0.664636325,0.036721086,cortex,mRNA,DOWN
SSUH2,-0.54624862,0.036920146,cortex,mRNA,DOWN
HIF3A,-0.569832301,0.037189821,cortex,mRNA,DOWN
NPR1,-0.64133541,0.03737155,cortex,mRNA,DOWN
ADAMTSL4,-0.657759972,0.037449894,cortex,mRNA,DOWN
ZBTB42,-0.50895099,0.037915432,cortex,mRNA,DOWN
THEG,-0.765812204,0.037915432,cortex,mRNA,DOWN
LAMC3,-0.526135281,0.03791571,cortex,mRNA,DOWN
MIR381HG,-0.650455189,0.038034395,cortex,mRNA,DOWN
SIX3-AS1,-0.992011689,0.038043758,cortex,mRNA,DOWN
KANSL1-AS1,0.833199767,0.038488188,cortex,mRNA,UP
SLC22A14,-0.568736398,0.038488188,cortex,mRNA,DOWN
CILP2,-0.526897709,0.038655048,cortex,mRNA,DOWN
PVRIG2P,-0.518523112,0.038655048,cortex,mRNA,DOWN
MIR4691,-0.568388241,0.038655048,cortex,mRNA,DOWN
LINC01341,-0.524749011,0.038864661,cortex,mRNA,DOWN
LOC285626,-0.551042906,0.038957476,cortex,mRNA,DOWN
TMEM45B,-0.732635384,0.039142039,cortex,mRNA,DOWN
SNORA87,-0.537592085,0.039364326,cortex,mRNA,DOWN
ZIC3,-0.551861958,0.040179189,cortex,mRNA,DOWN
LAMC2,-0.74942958,0.04050306,cortex,mRNA,DOWN
LIF,-0.987123034,0.04051502,cortex,mRNA,DOWN
GPR4,-0.707408059,0.04051502,cortex,mRNA,DOWN
EBF1,-0.577570918,0.04051502,cortex,mRNA,DOWN
DUOX2,-0.726473755,0.04051502,cortex,mRNA,DOWN
LINC01235,1.567122207,0.04110579,cortex,mRNA,UP
SLCO4A1-AS1,1.610621731,0.04143594,cortex,mRNA,UP
TMEM249,-0.567858395,0.041470433,cortex,mRNA,DOWN
TACR3,-0.591825193,0.041487158,cortex,mRNA,DOWN
LOC100128882,-0.622310857,0.041905545,cortex,mRNA,DOWN
IL4R,-0.607615295,0.041992937,cortex,mRNA,DOWN
DQX1,-0.53127787,0.042013806,cortex,mRNA,DOWN
LOC100506551,-0.654171443,0.042030752,cortex,mRNA,DOWN
RUNX3,-0.729604528,0.04236834,cortex,mRNA,DOWN
PROX1-AS1,0.528991119,0.043010851,cortex,mRNA,UP
HERC2P3,-0.610608219,0.043306378,cortex,mRNA,DOWN
ADGRG3,-0.779297089,0.043793604,cortex,mRNA,DOWN
RNF17,2.051873533,0.043813259,cortex,mRNA,UP
LOC101929269,-0.566261036,0.043994028,cortex,mRNA,DOWN
MYO15B,-0.616424975,0.044025698,cortex,mRNA,DOWN
PGGHG,-0.645286105,0.044048905,cortex,mRNA,DOWN
TNFRSF25,-0.708114578,0.044825979,cortex,mRNA,DOWN
ANPEP,-0.716036016,0.045076029,cortex,mRNA,DOWN
SEMA3G,-0.692820395,0.045482237,cortex,mRNA,DOWN
LOC100128276,-0.5025356,0.045863939,cortex,mRNA,DOWN
LINC01800,-0.510306154,0.046026404,cortex,mRNA,DOWN
IL32,-0.583235872,0.046057634,cortex,mRNA,DOWN
PLEKHG5,-0.501969955,0.04626611,cortex,mRNA,DOWN
SMCR5,-0.54952307,0.046488313,cortex,mRNA,DOWN
OR2T4,-0.641027498,0.046671769,cortex,mRNA,DOWN
PLA1A,-0.685253837,0.046769573,cortex,mRNA,DOWN
CHORDC1,0.565895853,0.046867617,cortex,mRNA,UP
WDR97,-0.630370075,0.047271272,cortex,mRNA,DOWN
SFRP4,-0.527995111,0.047365035,cortex,mRNA,DOWN
LOC100996635,0.541305903,0.047620293,cortex,mRNA,UP
ROBO4,-0.528222115,0.047900246,cortex,mRNA,DOWN
SLC6A13,-0.620587198,0.048326462,cortex,mRNA,DOWN
LOC100130698,-0.642901972,0.048448032,cortex,mRNA,DOWN
CLEC1A,-0.558361744,0.0487557,cortex,mRNA,DOWN
IZUMO1,-0.586941727,0.048804671,cortex,mRNA,DOWN
COL5A3,-0.539311753,0.048825795,cortex,mRNA,DOWN
SLC22A20P,-0.615371779,0.049632964,cortex,mRNA,DOWN
MAP3K19,-0.845731378,0.049989479,cortex,mRNA,DOWN
